scenario,chirp_m,sample_n,i,q
integer_bin_reference,0,0,1.045537706091406,-0.034675666560504644
integer_bin_reference,0,1,0.8856819721744564,0.3677485894827894
integer_bin_reference,0,2,0.7310129361220689,0.7108901312834436
integer_bin_reference,0,3,0.3768341962764665,0.9413269899033605
integer_bin_reference,0,4,0.012442921156177013,1.024614152785034
integer_bin_reference,0,5,-0.3818178853293434,0.9219218024762261
integer_bin_reference,0,6,-0.6991375442395833,0.7129710952758348
integer_bin_reference,0,7,-0.9776681020279196,0.3643789426955073
integer_bin_reference,0,8,-1.036074811948801,-0.012114654655807425
integer_bin_reference,0,9,-0.8559708951483926,-0.3404608178084193
integer_bin_reference,0,10,-0.6826730959428564,-0.6693630364128197
integer_bin_reference,0,11,-0.4410494404513395,-0.9016331598062608
integer_bin_reference,0,12,0.024495293360772937,-1.0062618877846157
integer_bin_reference,0,13,0.38283342554980687,-0.9042105812790246
integer_bin_reference,0,14,0.6865274829895115,-0.6856281373824895
integer_bin_reference,0,15,0.9157365134747035,-0.44026745719390675
integer_bin_reference,0,16,0.9820178729581998,-0.0385087323470085
integer_bin_reference,0,17,0.9556662919915119,0.4153891701419385
integer_bin_reference,0,18,0.7709271150288856,0.6918357069472539
integer_bin_reference,0,19,0.3799093227433257,0.9272101111612983
integer_bin_reference,0,20,-0.049349876123035936,1.0642731429284198
integer_bin_reference,0,21,-0.37862134906943967,0.891720607198038
integer_bin_reference,0,22,-0.7547737031015417,0.6543123467561738
integer_bin_reference,0,23,-0.8918404369271627,0.3807719540876277
integer_bin_reference,0,24,-1.0584245460499415,-0.03167798090955889
integer_bin_reference,0,25,-0.9125629303217586,-0.3733932352643922
integer_bin_reference,0,26,-0.7339924151073259,-0.7198696277858437
integer_bin_reference,0,27,-0.40704206697645556,-0.9235765272658568
integer_bin_reference,0,28,0.00374253159363272,-1.0244339259231057
integer_bin_reference,0,29,0.37743512912450566,-0.9612946832171533
integer_bin_reference,0,30,0.7175548930378117,-0.6598079585297236
integer_bin_reference,0,31,0.9137429015730222,-0.4005184948517524
integer_bin_reference,0,32,1.0338243599262793,0.007435868727575099
integer_bin_reference,0,33,0.93320490954485,0.37449509683916155
integer_bin_reference,0,34,0.6730353747378904,0.6444705291792985
integer_bin_reference,0,35,0.4286330009410587,0.8616477763915744
integer_bin_reference,0,36,0.05834857284012353,0.9929424266114476
integer_bin_reference,0,37,-0.39403814274031795,0.9488481244481961
integer_bin_reference,0,38,-0.7358702418356995,0.6530623865140773
integer_bin_reference,0,39,-0.8666088051951522,0.4179502250480032
integer_bin_reference,0,40,-0.9700101504497984,0.016868552860625788
integer_bin_reference,0,41,-0.9902906763375956,-0.32249671842719535
integer_bin_reference,0,42,-0.7421948544416493,-0.6405557518279196
integer_bin_reference,0,43,-0.40475741840409046,-0.8964909196285771
integer_bin_reference,0,44,-0.015360317631864922,-0.9986080802652555
integer_bin_reference,0,45,0.38757442915042106,-0.9253512272633162
integer_bin_reference,0,46,0.7038197364167814,-0.7485920475411072
integer_bin_reference,0,47,0.8973046258547714,-0.34493753102597335
integer_bin_reference,0,48,1.0015269165735983,-0.026710228265083093
integer_bin_reference,0,49,0.9162269550141857,0.4262215642319467
integer_bin_reference,0,50,0.7003447880518197,0.7376431336237054
integer_bin_reference,0,51,0.35575431887306525,0.9404165894078714
integer_bin_reference,0,52,0.03263748051172387,0.996486259126497
integer_bin_reference,0,53,-0.39655968535254066,0.9139235320736608
integer_bin_reference,0,54,-0.716676910579701,0.7030743017776839
integer_bin_reference,0,55,-0.923715607655773,0.4014831523256151
integer_bin_reference,0,56,-1.0329414253759268,-0.04287821147000797
integer_bin_reference,0,57,-0.9493036520960348,-0.4115632503916793
integer_bin_reference,0,58,-0.7111874270892918,-0.6390538857325831
integer_bin_reference,0,59,-0.37092101400166894,-0.9206706066536509
integer_bin_reference,0,60,-0.04625072612125015,-1.0013074909601383
integer_bin_reference,0,61,0.36395118251425906,-0.9330740005142131
integer_bin_reference,0,62,0.6975372983149426,-0.7521637618314145
integer_bin_reference,0,63,0.8968368224801337,-0.32379747425512906
integer_bin_reference,0,64,0.9493001763720504,-0.007458769715880483
integer_bin_reference,0,65,0.9112922323356543,0.3980607508302595
integer_bin_reference,0,66,0.7115781061101449,0.7097434503577923
integer_bin_reference,0,67,0.4234527211685418,0.9173784134125363
integer_bin_reference,0,68,-0.0015945181402925229,1.0174244074505714
integer_bin_reference,0,69,-0.354055660127999,0.9637501316141681
integer_bin_reference,0,70,-0.7032985757429739,0.687845164840572
integer_bin_reference,0,71,-0.8736943524831231,0.4010561647171959
integer_bin_reference,0,72,-0.9593093682052652,0.030825565069455624
integer_bin_reference,0,73,-0.9380376737432746,-0.3427142368019122
integer_bin_reference,0,74,-0.710818918688862,-0.6842888062459734
integer_bin_reference,0,75,-0.39823352240951104,-0.8616400251326968
integer_bin_reference,0,76,0.00447203979900988,-1.0042508431215875
integer_bin_reference,0,77,0.3466639783836053,-0.8751353191141085
integer_bin_reference,0,78,0.7051581305020821,-0.6904834045285825
integer_bin_reference,0,79,0.9133801932266425,-0.4172340199981163
integer_bin_reference,0,80,0.9940440262820983,-0.02091630202946435
integer_bin_reference,0,81,0.9257069122081001,0.40417739574542244
integer_bin_reference,0,82,0.6756362930516735,0.7162298789906754
integer_bin_reference,0,83,0.3858341698901195,0.889007618582311
integer_bin_reference,0,84,0.018235191571702253,0.9738583921759632
integer_bin_reference,0,85,-0.43246963723344045,0.9746798097553072
integer_bin_reference,0,86,-0.7012634864229146,0.6948797240273316
integer_bin_reference,0,87,-0.9546850081080009,0.35155666453712564
integer_bin_reference,0,88,-0.9476387796862185,0.01685651419255359
integer_bin_reference,0,89,-0.953439224493796,-0.3491774725114744
integer_bin_reference,0,90,-0.7094501270218984,-0.7098917450971737
integer_bin_reference,0,91,-0.39516302864315245,-0.949373262051834
integer_bin_reference,0,92,0.01596762082457386,-1.0158650390776045
integer_bin_reference,0,93,0.3649003169467419,-0.8713337099706661
integer_bin_reference,0,94,0.7234575958197426,-0.7280159062882597
integer_bin_reference,0,95,0.9381398786418557,-0.4128436529391735
integer_bin_reference,0,96,1.0171741724119412,0.006566019978859174
integer_bin_reference,0,97,0.9318446533754552,0.3889561215721293
integer_bin_reference,0,98,0.7029754843852094,0.6883108299513772
integer_bin_reference,0,99,0.39702592299440176,0.9592458970339718
integer_bin_reference,0,100,0.007437607781542258,1.014314815972222
integer_bin_reference,0,101,-0.40361477383878824,0.8957792355552223
integer_bin_reference,0,102,-0.6755375106376182,0.6963852990874794
integer_bin_reference,0,103,-0.9108840883921163,0.40349013702285536
integer_bin_reference,0,104,-1.0327137860946787,0.06434017502869586
integer_bin_reference,0,105,-0.8628052816037962,-0.40345987172750564
integer_bin_reference,0,106,-0.6818493721644722,-0.7307006467942839
integer_bin_reference,0,107,-0.36967080059844576,-0.8491553456246449
integer_bin_reference,0,108,0.062931003531905,-0.9857052150455164
integer_bin_reference,0,109,0.37570454348726084,-0.9065737156537435
integer_bin_reference,0,110,0.725813198427868,-0.6475334815372524
integer_bin_reference,0,111,0.917681473384812,-0.4023671313714352
integer_bin_reference,0,112,0.9616436064913151,-0.04946256261376131
integer_bin_reference,0,113,0.9697995726898129,0.3687212530592052
integer_bin_reference,0,114,0.7235117388986505,0.7086121802512115
integer_bin_reference,0,115,0.3826509336836723,0.8972701448634455
integer_bin_reference,0,116,-0.03936816714688255,1.0455468898462086
integer_bin_reference,0,117,-0.3784380808466627,0.9571616328132287
integer_bin_reference,0,118,-0.6825498123774624,0.7077743560102765
integer_bin_reference,0,119,-0.9295926709937574,0.3902237902386855
integer_bin_reference,0,120,-1.025934445719831,0.013357547175938548
integer_bin_reference,0,121,-0.9437611584240599,-0.35902255592597176
integer_bin_reference,0,122,-0.6708684013065583,-0.6995367057422666
integer_bin_reference,0,123,-0.35877501728821726,-0.9404575015696016
integer_bin_reference,0,124,-0.0628972562821988,-1.0143584442716744
integer_bin_reference,0,125,0.4013513066726096,-0.9400572942671828
integer_bin_reference,0,126,0.6955573422993935,-0.7116537887468756
integer_bin_reference,0,127,0.9211045198603769,-0.37207081959435157
integer_bin_reference,1,0,0.9257055113189679,0.47249388970891704
integer_bin_reference,1,1,0.6571117737811073,0.7224934776550282
integer_bin_reference,1,2,0.3070740482464978,0.9565182848742103
integer_bin_reference,1,3,-0.13510058489202179,0.975770364356345
integer_bin_reference,1,4,-0.4708630652689678,0.8875574135319232
integer_bin_reference,1,5,-0.7896111358132128,0.6384763556176754
integer_bin_reference,1,6,-0.9941159367821355,0.3210086115419187
integer_bin_reference,1,7,-1.0284948224312727,-0.12207980772669845
integer_bin_reference,1,8,-0.9093963908932108,-0.4716394901081584
integer_bin_reference,1,9,-0.5876908132230605,-0.7786596697790529
integer_bin_reference,1,10,-0.30463917634064275,-0.9733800333035398
integer_bin_reference,1,11,0.06261256046590488,-0.9696674478042753
integer_bin_reference,1,12,0.4809976652029847,-0.8356556561594672
integer_bin_reference,1,13,0.7751612583014562,-0.5880284972685942
integer_bin_reference,1,14,0.9644138438892829,-0.2629311597236842
integer_bin_reference,1,15,0.9657642195331957,0.06521918857201303
integer_bin_reference,1,16,0.857498833182127,0.5008712936439295
integer_bin_reference,1,17,0.6179656493752477,0.7501499665654304
integer_bin_reference,1,18,0.27111269570402247,0.9143670180926936
integer_bin_reference,1,19,-0.09012047538260196,0.9134221429470486
integer_bin_reference,1,20,-0.47981323353850047,0.867241668207576
integer_bin_reference,1,21,-0.7662250771992707,0.6314158889463425
integer_bin_reference,1,22,-0.9458211578250035,0.310597883712525
integer_bin_reference,1,23,-1.0049187426152866,-0.10614375392981035
integer_bin_reference,1,24,-0.9058113134303015,-0.449233668889802
integer_bin_reference,1,25,-0.6189582413788816,-0.750192120245016
integer_bin_reference,1,26,-0.33334726667474857,-0.8793422920866238
integer_bin_reference,1,27,0.09691178669847408,-1.000170508417855
integer_bin_reference,1,28,0.4422720468343297,-0.880676423270854
integer_bin_reference,1,29,0.7734003138738277,-0.6401963886179616
integer_bin_reference,1,30,0.942406869763505,-0.3364967357430354
integer_bin_reference,1,31,1.0236113599282501,0.09969533419963689
integer_bin_reference,1,32,0.894236394273518,0.4636300652483374
integer_bin_reference,1,33,0.6951481528710419,0.7472540271221478
integer_bin_reference,1,34,0.3563596570403475,0.9927756560968967
integer_bin_reference,1,35,-0.12561864458927716,1.0396201790479882
integer_bin_reference,1,36,-0.4479725802436472,0.9459125759703084
integer_bin_reference,1,37,-0.8235820604496219,0.6473856166888299
integer_bin_reference,1,38,-0.9538412807585531,0.2938574663102685
integer_bin_reference,1,39,-1.0159029191858597,-0.04216117695507353
integer_bin_reference,1,40,-0.8969349104429756,-0.464904314772917
integer_bin_reference,1,41,-0.6420890230591032,-0.7492370842061046
integer_bin_reference,1,42,-0.27511609264231457,-0.9216182847998718
integer_bin_reference,1,43,0.09265998834029454,-0.9878924851193533
integer_bin_reference,1,44,0.4666089990539098,-0.9183731754890757
integer_bin_reference,1,45,0.7576063988894565,-0.6350361794819129
integer_bin_reference,1,46,0.9165874078985036,-0.2949515607303158
integer_bin_reference,1,47,1.0179029843253815,0.08730438021542074
integer_bin_reference,1,48,0.878301213108268,0.46866898028249776
integer_bin_reference,1,49,0.6055118018100277,0.7608004753125492
integer_bin_reference,1,50,0.3215821502191085,0.9990361423103427
integer_bin_reference,1,51,-0.03931478376529429,0.9612730423194576
integer_bin_reference,1,52,-0.4367398322735268,0.9162694989100916
integer_bin_reference,1,53,-0.7541509907393893,0.5819392401764742
integer_bin_reference,1,54,-0.9571146562497368,0.22405115634721295
integer_bin_reference,1,55,-0.9442990088204445,-0.11310790984356991
integer_bin_reference,1,56,-0.8784342646151474,-0.49040487945272737
integer_bin_reference,1,57,-0.6611285722285509,-0.7565808142062458
integer_bin_reference,1,58,-0.3247591743106735,-0.9233860307484377
integer_bin_reference,1,59,0.0961733535660838,-0.9596797381733649
integer_bin_reference,1,60,0.44683116483256485,-0.8933193566977465
integer_bin_reference,1,61,0.7962957787722874,-0.6295808155485898
integer_bin_reference,1,62,0.9596807976333784,-0.2774875268839281
integer_bin_reference,1,63,0.9759281449352493,0.11537803512159715
integer_bin_reference,1,64,0.9071567462067006,0.4880167772044197
integer_bin_reference,1,65,0.6373967825008413,0.7738098774576276
integer_bin_reference,1,66,0.27613768631994134,0.9496823027838552
integer_bin_reference,1,67,-0.09504975489409365,1.00187452174718
integer_bin_reference,1,68,-0.46147723481180064,0.8425606654065286
integer_bin_reference,1,69,-0.7469469440457892,0.5766635699575008
integer_bin_reference,1,70,-0.929958491405144,0.26262660349152
integer_bin_reference,1,71,-0.9982063266242118,-0.08861018943254642
integer_bin_reference,1,72,-0.8651700523717103,-0.5143730643222739
integer_bin_reference,1,73,-0.6428278628988965,-0.8056123570727233
integer_bin_reference,1,74,-0.3027085837129357,-0.9373511883260407
integer_bin_reference,1,75,0.11150849542566188,-1.0301791648643186
integer_bin_reference,1,76,0.5075923413698168,-0.8353296093680899
integer_bin_reference,1,77,0.7996091847572682,-0.6744725845768308
integer_bin_reference,1,78,0.9882339329880598,-0.29912526660257
integer_bin_reference,1,79,0.9749956016023662,0.10504152173516243
integer_bin_reference,1,80,0.9081529796776482,0.46877459662230897
integer_bin_reference,1,81,0.6117945731226648,0.8030785550420342
integer_bin_reference,1,82,0.26843000057175936,0.9705086996962422
integer_bin_reference,1,83,-0.0777619434719155,0.9826019925560733
integer_bin_reference,1,84,-0.4220828641917384,0.8684818244522927
integer_bin_reference,1,85,-0.8585742379698323,0.657581442372976
integer_bin_reference,1,86,-1.01872018346485,0.28360848669646727
integer_bin_reference,1,87,-1.0141827637907372,-0.10459222860019785
integer_bin_reference,1,88,-0.8860574274532973,-0.46371185914067464
integer_bin_reference,1,89,-0.5851007141624928,-0.6982256111984311
integer_bin_reference,1,90,-0.26249695450861465,-0.9501703838972114
integer_bin_reference,1,91,0.08084943994498983,-0.930999998322552
integer_bin_reference,1,92,0.4991863577502799,-0.9284921574819569
integer_bin_reference,1,93,0.8041354783006904,-0.6375464906346995
integer_bin_reference,1,94,0.9454630433700059,-0.23889179149018402
integer_bin_reference,1,95,0.9570309316622827,0.0793673109628748
integer_bin_reference,1,96,0.9132691555147473,0.5204856807169783
integer_bin_reference,1,97,0.6039244651620883,0.7958139234738854
integer_bin_reference,1,98,0.3277849944919711,0.9454510385876138
integer_bin_reference,1,99,-0.1048998745375231,1.0058168101743739
integer_bin_reference,1,100,-0.47377288612082297,0.8955183107483476
integer_bin_reference,1,101,-0.7220725781727937,0.6615122001596244
integer_bin_reference,1,102,-0.9738262603528889,0.29739981900566326
integer_bin_reference,1,103,-0.962361996178798,-0.12364660485149029
integer_bin_reference,1,104,-0.9047734048937465,-0.4802716209701529
integer_bin_reference,1,105,-0.6123329282315753,-0.7798182817631137
integer_bin_reference,1,106,-0.3336440145738182,-0.9495970076762357
integer_bin_reference,1,107,0.15089195054508092,-0.938028626991706
integer_bin_reference,1,108,0.48781267358546654,-0.8958164920653133
integer_bin_reference,1,109,0.810299397670695,-0.6527400426522619
integer_bin_reference,1,110,0.9681275921956077,-0.2683522585419547
integer_bin_reference,1,111,0.9956720625718706,0.08497246786982211
integer_bin_reference,1,112,0.8965764746785774,0.5154475893252367
integer_bin_reference,1,113,0.6757008953235661,0.7515481528537826
integer_bin_reference,1,114,0.32097581158058947,0.9537737716989696
integer_bin_reference,1,115,-0.10863270183295193,0.9748985216418863
integer_bin_reference,1,116,-0.45609580673320893,0.834952717100385
integer_bin_reference,1,117,-0.8154955643776646,0.653589278008195
integer_bin_reference,1,118,-0.9739196600049659,0.283058556839944
integer_bin_reference,1,119,-0.9957576778446688,-0.05713942783640818
integer_bin_reference,1,120,-0.8591109696655824,-0.43823204443953584
integer_bin_reference,1,121,-0.66002010029012,-0.7237444966238012
integer_bin_reference,1,122,-0.3378286712686927,-0.9984362839052399
integer_bin_reference,1,123,0.08447902974837247,-0.9830571069382467
integer_bin_reference,1,124,0.44265914750887314,-0.8370007432374149
integer_bin_reference,1,125,0.7557378167320858,-0.6295338318511084
integer_bin_reference,1,126,0.8987416458087286,-0.3301110493917502
integer_bin_reference,1,127,1.0764342876106987,0.08440156370879753
integer_bin_reference,2,0,0.5452450883249635,0.811207946584449
integer_bin_reference,2,1,0.18776906338540755,0.979813720416835
integer_bin_reference,2,2,-0.16611998757482696,0.9841504607150422
integer_bin_reference,2,3,-0.5789102426622298,0.8033122074218321
integer_bin_reference,2,4,-0.8189784055752037,0.5556993570464768
integer_bin_reference,2,5,-0.9708671192282055,0.18011140272337328
integer_bin_reference,2,6,-0.9912927679303604,-0.18526085200590298
integer_bin_reference,2,7,-0.8616567979082425,-0.5361428572433793
integer_bin_reference,2,8,-0.5961905112109606,-0.8550619196823688
integer_bin_reference,2,9,-0.23036073175846278,-0.9774499250726147
integer_bin_reference,2,10,0.1778712118567631,-1.0203949232021072
integer_bin_reference,2,11,0.49694139775341284,-0.7807574254097415
integer_bin_reference,2,12,0.7716739870372908,-0.5983420667269169
integer_bin_reference,2,13,0.9968909089557448,-0.21556226429648262
integer_bin_reference,2,14,0.9388135627842937,0.18849939413500044
integer_bin_reference,2,15,0.770349939827649,0.5222482118469745
integer_bin_reference,2,16,0.5612619629022234,0.8479999103865452
integer_bin_reference,2,17,0.1719751829912798,0.9946043155167974
integer_bin_reference,2,18,-0.1631293552344295,0.9779616844371303
integer_bin_reference,2,19,-0.566563526550188,0.8931983973149136
integer_bin_reference,2,20,-0.8325906187178047,0.5372060006376405
integer_bin_reference,2,21,-0.9937753271416255,0.28772096498639954
integer_bin_reference,2,22,-0.9852589085470325,-0.2459616116134455
integer_bin_reference,2,23,-0.8403905321545455,-0.5169542567639079
integer_bin_reference,2,24,-0.5578377946933896,-0.8410746686350767
integer_bin_reference,2,25,-0.15723890164505966,-1.0029763288256774
integer_bin_reference,2,26,0.21061064116600994,-1.0113548816718854
integer_bin_reference,2,27,0.5907824106422829,-0.8501137611777192
integer_bin_reference,2,28,0.8055402536341963,-0.5165752130578499
integer_bin_reference,2,29,1.0116555402806995,-0.18241535093468625
integer_bin_reference,2,30,1.0091277439266053,0.22932922286409185
integer_bin_reference,2,31,0.8082872122043646,0.5533006571462786
integer_bin_reference,2,32,0.5387333000527017,0.823721235387164
integer_bin_reference,2,33,0.2277960331572834,0.9481080170576615
integer_bin_reference,2,34,-0.1991073187088421,0.9552370870734621
integer_bin_reference,2,35,-0.5923317473634424,0.8410326660520554
integer_bin_reference,2,36,-0.8257581074571715,0.6210466534048643
integer_bin_reference,2,37,-0.9211647931122909,0.15601850114744725
integer_bin_reference,2,38,-0.9868715499795188,-0.18835848892076676
integer_bin_reference,2,39,-0.8626039437024025,-0.549214133044756
integer_bin_reference,2,40,-0.4928409429576637,-0.8443174058296499
integer_bin_reference,2,41,-0.22240174808094457,-0.9702323047324943
integer_bin_reference,2,42,0.205809430038292,-0.9887942569336011
integer_bin_reference,2,43,0.555496471570896,-0.8242063252938553
integer_bin_reference,2,44,0.8093007109464476,-0.6355781049907023
integer_bin_reference,2,45,0.990278256758107,-0.1928090606006407
integer_bin_reference,2,46,1.0081338427592632,0.16955887047331653
integer_bin_reference,2,47,0.8193168016243257,0.5317377949872758
integer_bin_reference,2,48,0.5935279941965396,0.7840234086735314
integer_bin_reference,2,49,0.24101762006696714,0.9968874615796577
integer_bin_reference,2,50,-0.19955822836024822,0.9515392848201433
integer_bin_reference,2,51,-0.5745351143972921,0.7961867076592166
integer_bin_reference,2,52,-0.7966140611452803,0.5464713454828389
integer_bin_reference,2,53,-0.9249376554000565,0.1568373119046474
integer_bin_reference,2,54,-0.9669404329388773,-0.17639592872362803
integer_bin_reference,2,55,-0.769446924581092,-0.5486456979446132
integer_bin_reference,2,56,-0.5578662998551244,-0.7982462725615858
integer_bin_reference,2,57,-0.17731973723493683,-0.9689282534377405
integer_bin_reference,2,58,0.18380001045405955,-1.0027232527622247
integer_bin_reference,2,59,0.5717912196088815,-0.8045365473621163
integer_bin_reference,2,60,0.8194988970707773,-0.5569497081101943
integer_bin_reference,2,61,1.0328248399557354,-0.1659732826358562
integer_bin_reference,2,62,0.9638568338033819,0.17888993341535533
integer_bin_reference,2,63,0.8120376930359124,0.5213159649656025
integer_bin_reference,2,64,0.569318720592494,0.8450216209367131
integer_bin_reference,2,65,0.24084296914394876,0.9328246333655282
integer_bin_reference,2,66,-0.24699910512880788,0.9245875674068952
integer_bin_reference,2,67,-0.4945871235198034,0.8807927947065083
integer_bin_reference,2,68,-0.8458007071061325,0.6201256177802622
integer_bin_reference,2,69,-0.9379643986095413,0.15493966618312432
integer_bin_reference,2,70,-0.976697621711746,-0.15066778344078646
integer_bin_reference,2,71,-0.8032063757394291,-0.5688978300131304
integer_bin_reference,2,72,-0.5895421158334961,-0.8099622789463222
integer_bin_reference,2,73,-0.20918742822662667,-0.9808424720779567
integer_bin_reference,2,74,0.2094916512317025,-0.9352888332572464
integer_bin_reference,2,75,0.5587034928684566,-0.8053069651609457
integer_bin_reference,2,76,0.9001497625427676,-0.558281484178767
integer_bin_reference,2,77,0.9472521233472039,-0.21318308378404582
integer_bin_reference,2,78,1.0121678207538394,0.18642230923425068
integer_bin_reference,2,79,0.8059096943791889,0.5352432045247223
integer_bin_reference,2,80,0.5690037684208201,0.8278120746957871
integer_bin_reference,2,81,0.2357414236072058,0.9835872974133778
integer_bin_reference,2,82,-0.15176865094436454,1.0302341070493064
integer_bin_reference,2,83,-0.5264195449372163,0.8570415439250806
integer_bin_reference,2,84,-0.8007528103497815,0.5334266391111256
integer_bin_reference,2,85,-1.0062071466644196,0.18039382557563696
integer_bin_reference,2,86,-0.9638877636185096,-0.17430675755615496
integer_bin_reference,2,87,-0.8769253187642145,-0.5549161439259465
integer_bin_reference,2,88,-0.5657564030563775,-0.859606208431746
integer_bin_reference,2,89,-0.16591703595036128,-0.9785941320754815
integer_bin_reference,2,90,0.17379866135646652,-1.03349138898107
integer_bin_reference,2,91,0.5436777217921408,-0.8737143494572146
integer_bin_reference,2,92,0.8523029086922674,-0.6201800342198299
integer_bin_reference,2,93,1.0077266230703745,-0.16243851352099373
integer_bin_reference,2,94,0.9695820440235052,0.17055895210007394
integer_bin_reference,2,95,0.8480590369927531,0.5417670833065396
integer_bin_reference,2,96,0.600424007434879,0.801195581306927
integer_bin_reference,2,97,0.20951959298174716,0.9942739439009937
integer_bin_reference,2,98,-0.20088044845625766,1.0138481380733704
integer_bin_reference,2,99,-0.5838414509740995,0.8694170876877375
integer_bin_reference,2,100,-0.8458526780097828,0.5479423863685711
integer_bin_reference,2,101,-0.9787471113414663,0.2510952212613461
integer_bin_reference,2,102,-0.9918145964706268,-0.2142397533869672
integer_bin_reference,2,103,-0.875090105300147,-0.5600107402335359
integer_bin_reference,2,104,-0.513782473891767,-0.8124968059962224
integer_bin_reference,2,105,-0.2287658295236139,-0.9487545994322328
integer_bin_reference,2,106,0.18525666192197282,-0.9821475580757634
integer_bin_reference,2,107,0.544015149738299,-0.7736197078786241
integer_bin_reference,2,108,0.8409845134897378,-0.5380838663111565
integer_bin_reference,2,109,1.0047431858771747,-0.18806263447971397
integer_bin_reference,2,110,0.9661471034191436,0.17100256199805938
integer_bin_reference,2,111,0.8103636168384932,0.5603116012465185
integer_bin_reference,2,112,0.5330587858141086,0.8443217364132451
integer_bin_reference,2,113,0.20083990581904637,0.9265794255092129
integer_bin_reference,2,114,-0.17957595195549428,0.9670048885100978
integer_bin_reference,2,115,-0.5612996406520878,0.846897434227054
integer_bin_reference,2,116,-0.8124204746906899,0.6050737448358615
integer_bin_reference,2,117,-0.9809644566271386,0.18928816358331413
integer_bin_reference,2,118,-0.9992509538514217,-0.21412455881989492
integer_bin_reference,2,119,-0.8466729049108911,-0.5428925611096653
integer_bin_reference,2,120,-0.5406943087398121,-0.8339557415285639
integer_bin_reference,2,121,-0.16278115344929275,-0.9476106214709965
integer_bin_reference,2,122,0.19031841160512192,-0.9891616760416075
integer_bin_reference,2,123,0.5231371732574616,-0.809452525934089
integer_bin_reference,2,124,0.8473507316536677,-0.4987768217428871
integer_bin_reference,2,125,0.9769821220084619,-0.23210601322007376
integer_bin_reference,2,126,1.0009615815879225,0.22095782061990538
integer_bin_reference,2,127,0.8326405352246118,0.5806934842323632
integer_bin_reference,3,0,0.10721861338317992,0.9696643823327173
integer_bin_reference,3,1,-0.28436687129923394,0.9765953272666218
integer_bin_reference,3,2,-0.6310245209131677,0.7874485588670971
integer_bin_reference,3,3,-0.9092939096519759,0.4427576195693723
integer_bin_reference,3,4,-0.9467720479746388,0.07061376444109653
integer_bin_reference,3,5,-1.0006607938406504,-0.2733166724342649
integer_bin_reference,3,6,-0.7849784298183594,-0.6296465208689684
integer_bin_reference,3,7,-0.5223487462172917,-0.926543584135267
integer_bin_reference,3,8,-0.11797878941908051,-1.045538880331222
integer_bin_reference,3,9,0.3295134430403974,-0.9514647723523814
integer_bin_reference,3,10,0.64989665093659,-0.8101771196656444
integer_bin_reference,3,11,0.8721456586154847,-0.44398269978397353
integer_bin_reference,3,12,1.0089171799396366,-0.10166235100795325
integer_bin_reference,3,13,0.9896608446807368,0.23241115692729208
integer_bin_reference,3,14,0.8055503076533933,0.5851660264949778
integer_bin_reference,3,15,0.5156240131678009,0.848368561024278
integer_bin_reference,3,16,0.08938822563833919,1.0002211749911243
integer_bin_reference,3,17,-0.3247795188042682,0.9743001302092358
integer_bin_reference,3,18,-0.6237666124507015,0.7449239876069944
integer_bin_reference,3,19,-0.8895748082167155,0.4691391053136229
integer_bin_reference,3,20,-0.9344442513121406,0.08910939680619691
integer_bin_reference,3,21,-0.9408209736844889,-0.236271494388309
integer_bin_reference,3,22,-0.798302265029432,-0.6474512479929243
integer_bin_reference,3,23,-0.470048475812476,-0.8766618582455221
integer_bin_reference,3,24,-0.07038382982556612,-0.9903083402758401
integer_bin_reference,3,25,0.26672493817830656,-0.9208444879312299
integer_bin_reference,3,26,0.6055770683242117,-0.7687056992121983
integer_bin_reference,3,27,0.8558933404933142,-0.4651365669933197
integer_bin_reference,3,28,1.0242728983895122,-0.11719003841420024
integer_bin_reference,3,29,1.0047144415233418,0.28028396527472765
integer_bin_reference,3,30,0.7662942999121607,0.6153546020842582
integer_bin_reference,3,31,0.4517273575956303,0.8798854447727943
integer_bin_reference,3,32,0.133051125100287,1.0016317190509347
integer_bin_reference,3,33,-0.30800443442014686,0.9590005359654187
integer_bin_reference,3,34,-0.647689162928653,0.7247221961702297
integer_bin_reference,3,35,-0.9116434091834917,0.520734853736932
integer_bin_reference,3,36,-1.0039066423326477,0.07641476851881993
integer_bin_reference,3,37,-0.9150509828488785,-0.27551584131434476
integer_bin_reference,3,38,-0.7904480011170429,-0.6645830917912708
integer_bin_reference,3,39,-0.5190610138435093,-0.8873696838792375
integer_bin_reference,3,40,-0.06768995263911502,-1.0300373624240022
integer_bin_reference,3,41,0.29805939214419586,-0.974337949160268
integer_bin_reference,3,42,0.6351271653720493,-0.7892181838575764
integer_bin_reference,3,43,0.8353009703918505,-0.4911065719854618
integer_bin_reference,3,44,1.02119381561202,-0.08629424621346753
integer_bin_reference,3,45,0.9209504784030286,0.2635274946840753
integer_bin_reference,3,46,0.7782600679248235,0.6362810658835969
integer_bin_reference,3,47,0.4551400014191824,0.8784119233342699
integer_bin_reference,3,48,0.14422184553379172,0.9755038446592565
integer_bin_reference,3,49,-0.23287820759233815,0.9182444914336568
integer_bin_reference,3,50,-0.6258186445117774,0.7395390133511326
integer_bin_reference,3,51,-0.9313599304319983,0.4372730398421381
integer_bin_reference,3,52,-0.9559240801088528,0.07655414447876127
integer_bin_reference,3,53,-0.9459642959049842,-0.3097546693011397
integer_bin_reference,3,54,-0.760187234118556,-0.5992154875160354
integer_bin_reference,3,55,-0.4464833546258069,-0.8621665525513633
integer_bin_reference,3,56,-0.0942961685787309,-0.9787632475242247
integer_bin_reference,3,57,0.26674024530558593,-0.9329010751265696
integer_bin_reference,3,58,0.6005882266639714,-0.7668565119638137
integer_bin_reference,3,59,0.9553367154379548,-0.5230374727103619
integer_bin_reference,3,60,0.9421603229082957,-0.15765785246097866
integer_bin_reference,3,61,0.990568641113602,0.2942619101500832
integer_bin_reference,3,62,0.7441974819103283,0.624519937606054
integer_bin_reference,3,63,0.40297558053713217,0.9401553548147227
integer_bin_reference,3,64,0.09581695867319237,1.0057285218076433
integer_bin_reference,3,65,-0.301471957244295,0.9558349015083063
integer_bin_reference,3,66,-0.680827727589384,0.7680807801487542
integer_bin_reference,3,67,-0.9557938508184642,0.44901272912951967
integer_bin_reference,3,68,-1.0280574503089868,0.09420264751844329
integer_bin_reference,3,69,-0.9253790646821778,-0.2557960432115338
integer_bin_reference,3,70,-0.7429150426679941,-0.5746041172593702
integer_bin_reference,3,71,-0.4748869683761638,-0.8798086426584145
integer_bin_reference,3,72,-0.10184795663110909,-1.0031190943598591
integer_bin_reference,3,73,0.34010907762406123,-0.937894789554663
integer_bin_reference,3,74,0.5649218615489422,-0.8027772514614243
integer_bin_reference,3,75,0.9146022570489134,-0.49561102337841795
integer_bin_reference,3,76,1.054832314493714,-0.07961242716449302
integer_bin_reference,3,77,0.9699836409119724,0.27617267533349793
integer_bin_reference,3,78,0.7410718757835925,0.6544194036297211
integer_bin_reference,3,79,0.47568946429979586,0.932699639347617
integer_bin_reference,3,80,0.13232254499051202,0.980401242771312
integer_bin_reference,3,81,-0.25688335869964984,0.9639990427346014
integer_bin_reference,3,82,-0.646707647321507,0.7530183432256594
integer_bin_reference,3,83,-0.9237050079033597,0.5001826270887726
integer_bin_reference,3,84,-0.928798597203865,0.10360669753147804
integer_bin_reference,3,85,-0.936399809717792,-0.27342875559281943
integer_bin_reference,3,86,-0.8033986304432688,-0.6515276108903075
integer_bin_reference,3,87,-0.4639181425296047,-0.9110048370299991
integer_bin_reference,3,88,-0.1567978479979577,-0.986773984433133
integer_bin_reference,3,89,0.32033168075332846,-0.9929195813920861
integer_bin_reference,3,90,0.6889365323165797,-0.787857328702737
integer_bin_reference,3,91,0.8503404799789709,-0.5072930324782482
integer_bin_reference,3,92,0.9800070602146076,-0.07461688972947463
integer_bin_reference,3,93,0.9654240713723159,0.2785975493429963
integer_bin_reference,3,94,0.8265340316310318,0.643770184781821
integer_bin_reference,3,95,0.4366987377826527,0.8949107216907898
integer_bin_reference,3,96,0.12375046571036141,1.029884901470549
integer_bin_reference,3,97,-0.3028174253186902,0.9380900502334238
integer_bin_reference,3,98,-0.6136305319290701,0.7607127840545124
integer_bin_reference,3,99,-0.8787483246956415,0.4878938349503715
integer_bin_reference,3,100,-0.99994737244933,0.08988122223476849
integer_bin_reference,3,101,-0.9295214409322491,-0.30626231508933316
integer_bin_reference,3,102,-0.7904454698128437,-0.6170943016529413
integer_bin_reference,3,103,-0.4580758352103005,-0.8936707862520559
integer_bin_reference,3,104,-0.09028776006151973,-1.0155781017804704
integer_bin_reference,3,105,0.3134362462331394,-0.923986983455666
integer_bin_reference,3,106,0.6296877659306602,-0.7459899201238586
integer_bin_reference,3,107,0.8722140629593641,-0.4393317613332491
integer_bin_reference,3,108,1.0063451205989347,-0.14503787149323152
integer_bin_reference,3,109,0.9504363739409406,0.2864061599614013
integer_bin_reference,3,110,0.7448047604969333,0.5860560321475223
integer_bin_reference,3,111,0.44330595573032405,0.8699908368232482
integer_bin_reference,3,112,0.06856712444485426,0.9813237744686287
integer_bin_reference,3,113,-0.2759807950746819,0.9741177988303974
integer_bin_reference,3,114,-0.6675137212467769,0.7801406186851123
integer_bin_reference,3,115,-0.8923493425265112,0.5195654714669194
integer_bin_reference,3,116,-1.052135596990794,0.1310453111967071
integer_bin_reference,3,117,-0.9545486027691995,-0.3093464998081219
integer_bin_reference,3,118,-0.7424752723830297,-0.6563356741422995
integer_bin_reference,3,119,-0.4445005661957202,-0.8736296815772132
integer_bin_reference,3,120,-0.09862524064324713,-1.0080252135039023
integer_bin_reference,3,121,0.30627275646949836,-0.9812699749588589
integer_bin_reference,3,122,0.6519106608450043,-0.7228962340600825
integer_bin_reference,3,123,0.8867126719799281,-0.48027045021610004
integer_bin_reference,3,124,0.9997259781011606,-0.09814347117006335
integer_bin_reference,3,125,0.9225464735614854,0.30698738576396256
integer_bin_reference,3,126,0.7682421255374476,0.6078422407674778
integer_bin_reference,3,127,0.5046491877275752,0.9211756909671209
integer_bin_reference,4,0,-0.3907660754971007,0.9449781900643496
integer_bin_reference,4,1,-0.6881134305903662,0.7152473293905767
integer_bin_reference,4,2,-0.9326170751153511,0.4003809117551183
integer_bin_reference,4,3,-0.9759654598201356,0.030224879792803347
integer_bin_reference,4,4,-0.9683345968106642,-0.33803759091198143
integer_bin_reference,4,5,-0.7317942185722338,-0.6934848059037142
integer_bin_reference,4,6,-0.3862008502545685,-0.9231975376689273
integer_bin_reference,4,7,-0.03216857608120892,-1.0384560241268113
integer_bin_reference,4,8,0.38654306451520826,-0.9598758842390629
integer_bin_reference,4,9,0.7122634908348291,-0.6352958246819448
integer_bin_reference,4,10,0.9162380155140967,-0.39969710711838163
integer_bin_reference,4,11,0.979242199654702,-0.03689628971253661
integer_bin_reference,4,12,0.951485565567325,0.4426046825322225
integer_bin_reference,4,13,0.6928293435335686,0.6701255406323583
integer_bin_reference,4,14,0.395830981483934,0.9188945047434101
integer_bin_reference,4,15,-0.009079446307060965,0.9876935392303583
integer_bin_reference,4,16,-0.3969009974835905,0.8934624953752807
integer_bin_reference,4,17,-0.74995074346643,0.7059889953826533
integer_bin_reference,4,18,-0.9050958930618649,0.33646463273401
integer_bin_reference,4,19,-0.988465690059109,0.015531856279006169
integer_bin_reference,4,20,-0.9349554556927412,-0.43274120231529234
integer_bin_reference,4,21,-0.7046316502673615,-0.7429864975251306
integer_bin_reference,4,22,-0.35795582606396004,-0.930960000651143
integer_bin_reference,4,23,0.03788669171078674,-0.9840776673706753
integer_bin_reference,4,24,0.3819559421819086,-0.925453157744036
integer_bin_reference,4,25,0.7575301622080854,-0.7806851520314425
integer_bin_reference,4,26,0.9407316605202036,-0.4087274825617178
integer_bin_reference,4,27,1.0483813288741104,0.01278848789848137
integer_bin_reference,4,28,0.9202353774536539,0.4153583727835073
integer_bin_reference,4,29,0.6940684306275944,0.7507213368112353
integer_bin_reference,4,30,0.4145408150921061,0.9594000753021996
integer_bin_reference,4,31,0.05592099973900367,0.9905313225594016
integer_bin_reference,4,32,-0.34893767576734325,0.9135502710944605
integer_bin_reference,4,33,-0.7017368126951395,0.7244828477827135
integer_bin_reference,4,34,-0.9336593576852693,0.3995413618762506
integer_bin_reference,4,35,-1.035391545859715,0.02583864927591408
integer_bin_reference,4,36,-0.9587775400399118,-0.39295219043798946
integer_bin_reference,4,37,-0.6863763062320563,-0.6784813797786202
integer_bin_reference,4,38,-0.3464086185281317,-0.9070933364769531
integer_bin_reference,4,39,0.013805216701166191,-1.0249743527486732
integer_bin_reference,4,40,0.3988635762985025,-0.9812168561005296
integer_bin_reference,4,41,0.707355093537745,-0.6795957300492254
integer_bin_reference,4,42,0.9889621826929382,-0.40574851387383604
integer_bin_reference,4,43,1.0581411371208367,0.015387701513483298
integer_bin_reference,4,44,0.9334787034138853,0.35004366228301864
integer_bin_reference,4,45,0.7066940335852694,0.7043298590384226
integer_bin_reference,4,46,0.3441055437169672,0.9225776090335989
integer_bin_reference,4,47,0.0334905170114694,0.9739632651495526
integer_bin_reference,4,48,-0.3649866769957112,0.9126775691767717
integer_bin_reference,4,49,-0.8029382930687926,0.7259930016004792
integer_bin_reference,4,50,-0.9086363660564676,0.398321901343096
integer_bin_reference,4,51,-0.9681331428992955,0.043378426014251216
integer_bin_reference,4,52,-0.894858950153484,-0.42685179115462846
integer_bin_reference,4,53,-0.7089852398118492,-0.721649394332428
integer_bin_reference,4,54,-0.3818534411519812,-0.9204082583664323
integer_bin_reference,4,55,-0.08396052131114158,-0.9302808555996029
integer_bin_reference,4,56,0.35395748175592984,-0.8838639027288675
integer_bin_reference,4,57,0.7181024002079749,-0.7200336199490699
integer_bin_reference,4,58,0.9084291729115984,-0.37779762900083075
integer_bin_reference,4,59,0.9741320566199951,-0.013040346844565483
integer_bin_reference,4,60,0.9025634125935593,0.359884239460013
integer_bin_reference,4,61,0.7161853787142203,0.7311788824975074
integer_bin_reference,4,62,0.40796106580832325,0.9165282421015015
integer_bin_reference,4,63,-0.030661421700318752,0.9857803179371178
integer_bin_reference,4,64,-0.37871344015275593,0.9624681359250178
integer_bin_reference,4,65,-0.7490154831624133,0.7110318157541438
integer_bin_reference,4,66,-0.8783514321882734,0.32936848026844634
integer_bin_reference,4,67,-0.9328916168237675,-0.032191992329238577
integer_bin_reference,4,68,-0.947268311748676,-0.37165538585262897
integer_bin_reference,4,69,-0.7250926054606738,-0.7212054500809801
integer_bin_reference,4,70,-0.3665538958770234,-0.9191121157929062
integer_bin_reference,4,71,-0.04279405732049392,-0.998461119221345
integer_bin_reference,4,72,0.3995365166631201,-0.9245339485134657
integer_bin_reference,4,73,0.717400269863719,-0.7274431358273767
integer_bin_reference,4,74,0.8757066478478865,-0.3901006386828729
integer_bin_reference,4,75,1.0088186003243935,-0.04262112100499228
integer_bin_reference,4,76,0.9221354114186295,0.3770099798658516
integer_bin_reference,4,77,0.7432316158622126,0.7214391398722905
integer_bin_reference,4,78,0.37855335867884116,0.9247017735352129
integer_bin_reference,4,79,-0.029210989162567372,1.0116579707794786
integer_bin_reference,4,80,-0.4158914759886795,0.931003005302998
integer_bin_reference,4,81,-0.7438604648926426,0.7138042168427703
integer_bin_reference,4,82,-0.9062623622646881,0.42973660849239753
integer_bin_reference,4,83,-1.0112850310661452,0.06034323416687207
integer_bin_reference,4,84,-0.8908561473305003,-0.35189792480334675
integer_bin_reference,4,85,-0.6694922849259455,-0.7121190900487007
integer_bin_reference,4,86,-0.38808125108356906,-0.9341187058404649
integer_bin_reference,4,87,-0.01750544682399916,-0.9376318222694942
integer_bin_reference,4,88,0.3501318895773052,-0.9205827548715293
integer_bin_reference,4,89,0.6467398673125287,-0.7205333106793289
integer_bin_reference,4,90,0.9629737868074497,-0.39662777017323037
integer_bin_reference,4,91,1.0488047842543229,0.0703127501904165
integer_bin_reference,4,92,0.9636049761619808,0.3429303044531045
integer_bin_reference,4,93,0.7230304111646757,0.7062384836667829
integer_bin_reference,4,94,0.4407302767892544,0.9210716010927169
integer_bin_reference,4,95,0.03867564883085884,0.9928355513234605
integer_bin_reference,4,96,-0.37630231998931646,0.9161617081075463
integer_bin_reference,4,97,-0.7230440985444886,0.7176560309171871
integer_bin_reference,4,98,-0.8901111265706588,0.3448960159833163
integer_bin_reference,4,99,-0.9537574411442674,-0.052304086131070536
integer_bin_reference,4,100,-0.9136625845951107,-0.36637761846599387
integer_bin_reference,4,101,-0.6495447594789453,-0.7555794920560894
integer_bin_reference,4,102,-0.41713004447634777,-0.9276359261088659
integer_bin_reference,4,103,-0.055335726751489414,-1.0326574884307225
integer_bin_reference,4,104,0.3710359494570833,-0.9421959105019619
integer_bin_reference,4,105,0.7159148330263211,-0.7232117456660808
integer_bin_reference,4,106,0.912530887061224,-0.3565889222046505
integer_bin_reference,4,107,1.0002824890771513,-0.028593329980000897
integer_bin_reference,4,108,0.9323026187013476,0.38387654490534373
integer_bin_reference,4,109,0.6932137236102069,0.7250060337222081
integer_bin_reference,4,110,0.3274505006135526,0.9064666136675965
integer_bin_reference,4,111,0.038739459580376785,1.0185601262957504
integer_bin_reference,4,112,-0.43676277626074,0.8704839998807331
integer_bin_reference,4,113,-0.6637050911201231,0.7195727371510063
integer_bin_reference,4,114,-0.8494052875864057,0.33823080116897103
integer_bin_reference,4,115,-1.036335434953151,-0.0027893946650814185
integer_bin_reference,4,116,-0.924073305559795,-0.34024929127650755
integer_bin_reference,4,117,-0.7085657639959727,-0.6921223900739083
integer_bin_reference,4,118,-0.40223034299968385,-0.9015712422459308
integer_bin_reference,4,119,-0.02925694971398719,-0.9872951474589681
integer_bin_reference,4,120,0.3996548828689267,-0.919474881939419
integer_bin_reference,4,121,0.7084265591469264,-0.7413933761032717
integer_bin_reference,4,122,0.8902270193466554,-0.40585341358160526
integer_bin_reference,4,123,0.9890668835398885,0.026161506967112932
integer_bin_reference,4,124,0.9212390604467651,0.3529064033116827
integer_bin_reference,4,125,0.6690225100145847,0.6922090401143017
integer_bin_reference,4,126,0.37257342338396665,0.8910631079632995
integer_bin_reference,4,127,0.016761068074471187,1.0127022847500022
integer_bin_reference,5,0,-0.8370562988964738,0.6440112707565967
integer_bin_reference,5,1,-1.014041425944996,0.22583329135392388
integer_bin_reference,5,2,-1.0220945949450158,-0.09911281677221834
integer_bin_reference,5,3,-0.8623235059875565,-0.47345461561221314
integer_bin_reference,5,4,-0.6900239948552335,-0.773689053200232
integer_bin_reference,5,5,-0.24395039625294468,-0.8962397789106007
integer_bin_reference,5,6,0.09719098229811031,-1.0194123377868938
integer_bin_reference,5,7,0.450282281553698,-0.8822135396866831
integer_bin_reference,5,8,0.7395854692264493,-0.6292258360557721
integer_bin_reference,5,9,0.9772158493917749,-0.3168171366061309
integer_bin_reference,5,10,0.9676948890972267,0.10443897654475798
integer_bin_reference,5,11,0.8350101670730505,0.4457675445594481
integer_bin_reference,5,12,0.6222298674326331,0.7163429741184703
integer_bin_reference,5,13,0.3073179937104065,0.9564817561512302
integer_bin_reference,5,14,-0.05437623106293101,0.9734420323438889
integer_bin_reference,5,15,-0.44435786595345933,0.8678955646901891
integer_bin_reference,5,16,-0.7770232206397779,0.6174388898232669
integer_bin_reference,5,17,-0.9637303281822098,0.32917053718085354
integer_bin_reference,5,18,-1.0170613365331311,-0.08915626676678765
integer_bin_reference,5,19,-0.8828634609569096,-0.44685322543120054
integer_bin_reference,5,20,-0.6152465424249876,-0.7723352512773968
integer_bin_reference,5,21,-0.3301306256603532,-0.9411499168013315
integer_bin_reference,5,22,0.07989550723422931,-1.0357162642309004
integer_bin_reference,5,23,0.4344690610604184,-0.9236418147673562
integer_bin_reference,5,24,0.7981032070675885,-0.6104350259145297
integer_bin_reference,5,25,1.0001953354110107,-0.244885945470095
integer_bin_reference,5,26,0.9887257002901637,0.07446696430655378
integer_bin_reference,5,27,0.8870522054409933,0.4973685998078533
integer_bin_reference,5,28,0.6098920977880972,0.7522764016021072
integer_bin_reference,5,29,0.274829773476594,1.0063921874545714
integer_bin_reference,5,30,-0.14251516704206307,1.003629151162268
integer_bin_reference,5,31,-0.4984348032534224,0.8339654035655144
integer_bin_reference,5,32,-0.8184800840560315,0.6511502321564
integer_bin_reference,5,33,-0.9715826058685643,0.29399718063792896
integer_bin_reference,5,34,-1.01399399264262,-0.06285636398788719
integer_bin_reference,5,35,-0.8976761134988667,-0.4939461276327938
integer_bin_reference,5,36,-0.6670343543221365,-0.7081047228544587
integer_bin_reference,5,37,-0.24993378522784115,-0.9581152306983454
integer_bin_reference,5,38,0.06558174726515817,-0.9643724549612268
integer_bin_reference,5,39,0.48568519653271275,-0.8909324828772279
integer_bin_reference,5,40,0.7828661411013258,-0.627379367359448
integer_bin_reference,5,41,1.0082210549693686,-0.28992119935237604
integer_bin_reference,5,42,1.0080170329699154,0.07256469686748879
integer_bin_reference,5,43,0.8831844582025183,0.43552959790860246
integer_bin_reference,5,44,0.666514491384961,0.7945470720395648
integer_bin_reference,5,45,0.29134994422392163,0.8942528282587514
integer_bin_reference,5,46,-0.16098646572043257,1.0399164943083143
integer_bin_reference,5,47,-0.4743449792630166,0.8368219834380402
integer_bin_reference,5,48,-0.7511579109428244,0.6287425160128063
integer_bin_reference,5,49,-0.9424575206182015,0.26912097664385104
integer_bin_reference,5,50,-1.0147449986353743,-0.12083660274415929
integer_bin_reference,5,51,-0.8580453995185066,-0.48587316115392365
integer_bin_reference,5,52,-0.6302514303522785,-0.7775139942621466
integer_bin_reference,5,53,-0.31678821052339345,-0.9932575232257301
integer_bin_reference,5,54,0.13791458426886255,-1.0016189382425305
integer_bin_reference,5,55,0.44446838463340027,-0.9487030118300763
integer_bin_reference,5,56,0.7713565522797664,-0.6644617189017153
integer_bin_reference,5,57,0.9456638622170932,-0.3206960410955566
integer_bin_reference,5,58,0.9522396640043852,0.10754628683898868
integer_bin_reference,5,59,0.8849574184605549,0.41554241055866054
integer_bin_reference,5,60,0.6668586840882524,0.7756086915667839
integer_bin_reference,5,61,0.27573930531534063,0.9473361412877889
integer_bin_reference,5,62,-0.05880732759871266,1.0000348457294712
integer_bin_reference,5,63,-0.46524409805227646,0.8780723461915187
integer_bin_reference,5,64,-0.7757223210985394,0.6354943464598639
integer_bin_reference,5,65,-0.9483527559340978,0.2976311541600961
integer_bin_reference,5,66,-1.0171997071734815,-0.14660061785134704
integer_bin_reference,5,67,-0.8701722437908854,-0.45846823676195775
integer_bin_reference,5,68,-0.5824180539198821,-0.747697569007023
integer_bin_reference,5,69,-0.32175709779512474,-0.9346527766136871
integer_bin_reference,5,70,0.11721332102216955,-1.0258323295616656
integer_bin_reference,5,71,0.4461480589704197,-0.895860972556933
integer_bin_reference,5,72,0.7591345277554342,-0.6458552802111411
integer_bin_reference,5,73,0.9397830357200072,-0.326579066684359
integer_bin_reference,5,74,0.9497448916605882,0.1486796156904492
integer_bin_reference,5,75,0.88316161132412,0.42609071907397983
integer_bin_reference,5,76,0.5907842715825942,0.7634448083091049
integer_bin_reference,5,77,0.330995593517211,0.9799224260513543
integer_bin_reference,5,78,-0.05842145127053355,0.9669072831905073
integer_bin_reference,5,79,-0.47796818389042384,0.9229294531926199
integer_bin_reference,5,80,-0.7903421510646081,0.590401877858325
integer_bin_reference,5,81,-0.9418492937950735,0.3574810513861135
integer_bin_reference,5,82,-1.0357850033999518,-0.11041248585872374
integer_bin_reference,5,83,-0.8764483074086473,-0.5273081113169689
integer_bin_reference,5,84,-0.6617332966685666,-0.788144822894613
integer_bin_reference,5,85,-0.3056022990231123,-0.99386178475205
integer_bin_reference,5,86,0.08230381118701541,-0.9677332892263454
integer_bin_reference,5,87,0.4859334563975646,-0.9024962058596717
integer_bin_reference,5,88,0.7766999914518115,-0.6792998683766224
integer_bin_reference,5,89,0.9586611692546936,-0.27321673579552774
integer_bin_reference,5,90,0.9856860715598278,0.10514134990351849
integer_bin_reference,5,91,0.9116084797592958,0.4805979007434808
integer_bin_reference,5,92,0.6678773396308285,0.8021136171330204
integer_bin_reference,5,93,0.2517424858609059,0.9395877330398242
integer_bin_reference,5,94,-0.11060830853095963,0.9942527844961174
integer_bin_reference,5,95,-0.5314515260126158,0.8815967844028317
integer_bin_reference,5,96,-0.7340111865461305,0.6321392940071852
integer_bin_reference,5,97,-0.9698934301094011,0.35399006656671217
integer_bin_reference,5,98,-0.988487606871202,-0.11396990052890357
integer_bin_reference,5,99,-0.8972028162635611,-0.4472915204125357
integer_bin_reference,5,100,-0.6549013241201219,-0.8172977294005744
integer_bin_reference,5,101,-0.2536611667693577,-0.9887198584827929
integer_bin_reference,5,102,0.06575278944456771,-0.9926818278013285
integer_bin_reference,5,103,0.5211622380084127,-0.9304115579891999
integer_bin_reference,5,104,0.7967536150331601,-0.6361929255289883
integer_bin_reference,5,105,0.9665118804235626,-0.2902556715928897
integer_bin_reference,5,106,0.9841951960487171,0.20112352984240595
integer_bin_reference,5,107,0.8496853242125241,0.49863514735655823
integer_bin_reference,5,108,0.623401296967193,0.8004137701071712
integer_bin_reference,5,109,0.3176588002492738,0.9149381512726484
integer_bin_reference,5,110,-0.1362072994280778,1.0081209535096116
integer_bin_reference,5,111,-0.4420419786980547,0.9070114846131013
integer_bin_reference,5,112,-0.7957560188955791,0.6360365893635196
integer_bin_reference,5,113,-0.9622987869975006,0.3085853190404666
integer_bin_reference,5,114,-0.9563149461493736,-0.08698971089749202
integer_bin_reference,5,115,-0.9170002083861786,-0.3863540764931689
integer_bin_reference,5,116,-0.616119777211229,-0.7642365543288833
integer_bin_reference,5,117,-0.32769533517700167,-0.9186592900837961
integer_bin_reference,5,118,0.07727432240873026,-0.9702802399532104
integer_bin_reference,5,119,0.44880821063295373,-0.8887810701743146
integer_bin_reference,5,120,0.8078529903341037,-0.6382677206984375
integer_bin_reference,5,121,0.9488668483579958,-0.32890208352138445
integer_bin_reference,5,122,0.9962273207240887,0.11732204496051435
integer_bin_reference,5,123,0.8771220881965629,0.4640278923879958
integer_bin_reference,5,124,0.6007920154160121,0.7219021136873008
integer_bin_reference,5,125,0.2997772286312748,0.9778250670752617
integer_bin_reference,5,126,-0.11021826635653635,1.04367160256827
integer_bin_reference,5,127,-0.5151732320373904,0.9535873475388018
integer_bin_reference,6,0,-0.9912125961724202,0.19829185792407053
integer_bin_reference,6,1,-0.9822719312108901,-0.20558951197630537
integer_bin_reference,6,2,-0.7716162245818691,-0.5904549235998663
integer_bin_reference,6,3,-0.5084878098013115,-0.8228052204942349
integer_bin_reference,6,4,-0.18688421810295966,-0.9639235224875581
integer_bin_reference,6,5,0.2771657955827995,-0.9446934422486285
integer_bin_reference,6,6,0.6028534067298691,-0.860236519838677
integer_bin_reference,6,7,0.8032851975354639,-0.5304675599255625
integer_bin_reference,6,8,0.9961782356383895,-0.1918233692021735
integer_bin_reference,6,9,0.9504289069867907,0.2269316011601341
integer_bin_reference,6,10,0.8561164046785409,0.5145267132970626
integer_bin_reference,6,11,0.5472691772023963,0.8036483200073934
integer_bin_reference,6,12,0.20818667570074778,0.9507479410556018
integer_bin_reference,6,13,-0.2403960296662024,0.9816988647452632
integer_bin_reference,6,14,-0.579224154534461,0.8361347333075375
integer_bin_reference,6,15,-0.8350922654418953,0.5864945423350916
integer_bin_reference,6,16,-0.9956800781937204,0.19844000891631955
integer_bin_reference,6,17,-0.9410043825283523,-0.18103040888778607
integer_bin_reference,6,18,-0.8410484148123456,-0.5965567239835252
integer_bin_reference,6,19,-0.5657435355560829,-0.8504816543372682
integer_bin_reference,6,20,-0.2518133420613391,-1.0117108812105664
integer_bin_reference,6,21,0.2158353699130256,-0.9683051524585792
integer_bin_reference,6,22,0.5768897968545076,-0.8270200774825665
integer_bin_reference,6,23,0.8431610922211429,-0.5700118574170818
integer_bin_reference,6,24,0.9782582527174586,-0.27286882335899953
integer_bin_reference,6,25,1.03709826586246,0.20953738244615455
integer_bin_reference,6,26,0.8557647419613809,0.5370773319555753
integer_bin_reference,6,27,0.6028114647310998,0.8634264616421213
integer_bin_reference,6,28,0.21399188567303554,0.9668800256138816
integer_bin_reference,6,29,-0.18536678236029983,1.0142490064174166
integer_bin_reference,6,30,-0.5678221191813586,0.8597818191072287
integer_bin_reference,6,31,-0.8043647694782052,0.5619055795342144
integer_bin_reference,6,32,-1.0352348609437652,0.18176523930575267
integer_bin_reference,6,33,-1.048689380967569,-0.2128336689247236
integer_bin_reference,6,34,-0.8272544649533117,-0.6102827001991302
integer_bin_reference,6,35,-0.6058712217049392,-0.8393674722563302
integer_bin_reference,6,36,-0.2341333659137429,-0.9758000198682154
integer_bin_reference,6,37,0.1851840812679121,-0.9600539874392311
integer_bin_reference,6,38,0.5485474045435824,-0.804225308479745
integer_bin_reference,6,39,0.8597104132300992,-0.5700371737777941
integer_bin_reference,6,40,1.0136987810687612,-0.1772645638595017
integer_bin_reference,6,41,0.9783430135439444,0.18912301998694694
integer_bin_reference,6,42,0.8319666536581755,0.5430196907538835
integer_bin_reference,6,43,0.5525657483089816,0.8099259571985191
integer_bin_reference,6,44,0.1783572908147744,1.0254337528462294
integer_bin_reference,6,45,-0.20656488272378448,0.969333580580283
integer_bin_reference,6,46,-0.5381431463441272,0.8107931145037084
integer_bin_reference,6,47,-0.7742282292447467,0.5440192653239556
integer_bin_reference,6,48,-0.9949620137337508,0.13061650466675442
integer_bin_reference,6,49,-0.993377204552394,-0.25792981325171405
integer_bin_reference,6,50,-0.8745300971913149,-0.5585436874626086
integer_bin_reference,6,51,-0.5224378079287381,-0.7897355169598755
integer_bin_reference,6,52,-0.13599562236076024,-0.9571617474657392
integer_bin_reference,6,53,0.18349644460867412,-1.0649984990318295
integer_bin_reference,6,54,0.5627917475961104,-0.8222244421415602
integer_bin_reference,6,55,0.8487081601951887,-0.5412083147139175
integer_bin_reference,6,56,0.9867320408441591,-0.2321633778442992
integer_bin_reference,6,57,1.013292217233763,0.19701000036692534
integer_bin_reference,6,58,0.8181380993472301,0.5375713950782016
integer_bin_reference,6,59,0.5959510951702305,0.8742307994393317
integer_bin_reference,6,60,0.20756428468573218,1.009251066977412
integer_bin_reference,6,61,-0.22355986847231343,1.0062038738076196
integer_bin_reference,6,62,-0.5022692796303919,0.8396351840384414
integer_bin_reference,6,63,-0.8519434734496636,0.517246008095411
integer_bin_reference,6,64,-1.033015458458278,0.18908680214550044
integer_bin_reference,6,65,-1.034762159929587,-0.1940487469743347
integer_bin_reference,6,66,-0.7942357602175505,-0.5810346663210728
integer_bin_reference,6,67,-0.5417414039553712,-0.8482861576788001
integer_bin_reference,6,68,-0.1574356249137118,-1.000661306722173
integer_bin_reference,6,69,0.21932370331304774,-0.921859736147503
integer_bin_reference,6,70,0.5325894227080284,-0.8595234407455101
integer_bin_reference,6,71,0.8050234430462039,-0.572451239726769
integer_bin_reference,6,72,0.9485007680931626,-0.16821603405844432
integer_bin_reference,6,73,0.9707324646838629,0.1902079826502219
integer_bin_reference,6,74,0.7924079707390337,0.5323031130866851
integer_bin_reference,6,75,0.5577080404897575,0.8091603440643299
integer_bin_reference,6,76,0.1649562677092697,0.9926863875382677
integer_bin_reference,6,77,-0.16029752324469076,0.9210558931717923
integer_bin_reference,6,78,-0.5345097582995648,0.8024288101326418
integer_bin_reference,6,79,-0.8541730279035212,0.4852529845278824
integer_bin_reference,6,80,-0.9937730298013999,0.1938755273831315
integer_bin_reference,6,81,-0.9717519353883941,-0.2879010952759442
integer_bin_reference,6,82,-0.893539969901476,-0.5699131994217674
integer_bin_reference,6,83,-0.5721489627882494,-0.8133991653426764
integer_bin_reference,6,84,-0.2013977369931005,-0.9466018036586005
integer_bin_reference,6,85,0.22328364057710715,-0.983623053200667
integer_bin_reference,6,86,0.5621196093613794,-0.8447468936511433
integer_bin_reference,6,87,0.8168827560706188,-0.5365943252981507
integer_bin_reference,6,88,0.9804568401477759,-0.14176692692765888
integer_bin_reference,6,89,0.9705088919062008,0.1717849991103486
integer_bin_reference,6,90,0.8451776305798764,0.53158078499496
integer_bin_reference,6,91,0.5436909684596273,0.7538559872437566
integer_bin_reference,6,92,0.20071797404454353,0.9617354365041954
integer_bin_reference,6,93,-0.18735525897324978,0.9663820254569339
integer_bin_reference,6,94,-0.5203462298742714,0.8124772484415838
integer_bin_reference,6,95,-0.8768500804715854,0.5041879849727782
integer_bin_reference,6,96,-0.9320941962579257,0.17630163883591599
integer_bin_reference,6,97,-1.0093148249955592,-0.18562619059365637
integer_bin_reference,6,98,-0.7951773669743116,-0.5325005144542964
integer_bin_reference,6,99,-0.5730121675414508,-0.7956757373388145
integer_bin_reference,6,100,-0.1626401916776692,-1.0142091932290729
integer_bin_reference,6,101,0.2017846757883271,-0.937556539815355
integer_bin_reference,6,102,0.5830397405177896,-0.8088578797761603
integer_bin_reference,6,103,0.8918894844971906,-0.5193104395679172
integer_bin_reference,6,104,0.9818143990081842,-0.23827265486870297
integer_bin_reference,6,105,1.0055792200211684,0.23813744745483606
integer_bin_reference,6,106,0.7895012758783472,0.5694434471799067
integer_bin_reference,6,107,0.59639399372469,0.8039809242880377
integer_bin_reference,6,108,0.2013728521943293,0.9957817315997421
integer_bin_reference,6,109,-0.18513929547105926,0.9653262081665809
integer_bin_reference,6,110,-0.5783983214554911,0.8044656003916086
integer_bin_reference,6,111,-0.8066697566560364,0.5700572525103025
integer_bin_reference,6,112,-0.9891148622580999,0.27317938687952337
integer_bin_reference,6,113,-0.9819378231793551,-0.18797305415860874
integer_bin_reference,6,114,-0.8366820069326194,-0.5848944737831115
integer_bin_reference,6,115,-0.5116327343248234,-0.842915008006924
integer_bin_reference,6,116,-0.2064437766853101,-0.9449277603614333
integer_bin_reference,6,117,0.19409404778110922,-1.0207023935822297
integer_bin_reference,6,118,0.5371764019829798,-0.8300535745403363
integer_bin_reference,6,119,0.7908701136948223,-0.5736058118276705
integer_bin_reference,6,120,0.9920843994489859,-0.12744473676667473
integer_bin_reference,6,121,0.9889996453016046,0.19955244322218296
integer_bin_reference,6,122,0.8276998026741639,0.6009166418078487
integer_bin_reference,6,123,0.5175020159660738,0.8267275353255296
integer_bin_reference,6,124,0.19908907264480127,0.9816458010629432
integer_bin_reference,6,125,-0.17361591501104534,1.0183772584177397
integer_bin_reference,6,126,-0.5122088427330308,0.8482375120399387
integer_bin_reference,6,127,-0.8028141483739165,0.50908819772614
integer_bin_reference,7,0,-0.9419443483206635,-0.2632274055943706
integer_bin_reference,7,1,-0.7529252915345352,-0.62835579839954
integer_bin_reference,7,2,-0.4754561356432137,-0.8356667637317643
integer_bin_reference,7,3,-0.09462068245134436,-0.9955168001008352
integer_bin_reference,7,4,0.2598822455153665,-0.9598407039153245
integer_bin_reference,7,5,0.6721840810586645,-0.7404947691313922
integer_bin_reference,7,6,0.8889496799279273,-0.47998692922720565
integer_bin_reference,7,7,1.013885322223819,-0.08583375201424569
integer_bin_reference,7,8,0.9096104900996513,0.28539004893567693
integer_bin_reference,7,9,0.726665616330963,0.5977620779292874
integer_bin_reference,7,10,0.4914100946269724,0.8711558775126357
integer_bin_reference,7,11,0.15010917392909345,1.0171228624981103
integer_bin_reference,7,12,-0.317764775370733,0.9937044946845087
integer_bin_reference,7,13,-0.5982920450724152,0.7991532944743311
integer_bin_reference,7,14,-0.8452923410906492,0.4225943070532366
integer_bin_reference,7,15,-1.0073338376893628,0.12049951938549402
integer_bin_reference,7,16,-0.9798800528570164,-0.24916160722639624
integer_bin_reference,7,17,-0.7973794867286127,-0.6556331568904201
integer_bin_reference,7,18,-0.45778177785669777,-0.8664495774898194
integer_bin_reference,7,19,-0.10123783730859405,-1.0248778107861
integer_bin_reference,7,20,0.2545286063571467,-1.0108043162835627
integer_bin_reference,7,21,0.6600739279441085,-0.8133187370691932
integer_bin_reference,7,22,0.8725006277611929,-0.40027533352941
integer_bin_reference,7,23,0.90926247421951,-0.13317908969871767
integer_bin_reference,7,24,0.9952936052786827,0.266149329443951
integer_bin_reference,7,25,0.8135667923064889,0.6215734543154856
integer_bin_reference,7,26,0.474827915123416,0.8669343192648075
integer_bin_reference,7,27,0.13167727587641925,1.0039470401754893
integer_bin_reference,7,28,-0.3394063522644762,0.9569182717984043
integer_bin_reference,7,29,-0.6235121046263711,0.762736535843781
integer_bin_reference,7,30,-0.9126520071585724,0.48694415814892617
integer_bin_reference,7,31,-0.9856774721739332,0.08409814796675003
integer_bin_reference,7,32,-0.972628101300596,-0.2935033442979574
integer_bin_reference,7,33,-0.7566739835409837,-0.640441692827127
integer_bin_reference,7,34,-0.43561750011223277,-0.8667410122304585
integer_bin_reference,7,35,-0.07207734066475757,-0.9970834564530419
integer_bin_reference,7,36,0.32477522444668744,-0.995670820015038
integer_bin_reference,7,37,0.6713259953236204,-0.7753605290072592
integer_bin_reference,7,38,0.8266422563534179,-0.4545380817949047
integer_bin_reference,7,39,1.0208397923103698,-0.1555234697546004
integer_bin_reference,7,40,0.9500129146985151,0.2191062064863824
integer_bin_reference,7,41,0.7822261325570921,0.6069236881533383
integer_bin_reference,7,42,0.44231344309061976,0.9062947873391084
integer_bin_reference,7,43,0.04523809091269621,0.977190885914258
integer_bin_reference,7,44,-0.2921528223120216,0.9383619655164188
integer_bin_reference,7,45,-0.6065340569615049,0.7815671877157419
integer_bin_reference,7,46,-0.8340691830386573,0.42477056531483914
integer_bin_reference,7,47,-0.9313705346117067,0.09445307448151333
integer_bin_reference,7,48,-0.9805776974331007,-0.3336814917203613
integer_bin_reference,7,49,-0.7313539680079642,-0.6338459043287498
integer_bin_reference,7,50,-0.4358939613844546,-0.849710002211288
integer_bin_reference,7,51,-0.12854622920355657,-1.0162660042201492
integer_bin_reference,7,52,0.3055539317257005,-0.9665939371945457
integer_bin_reference,7,53,0.6699494691141229,-0.7118602873725142
integer_bin_reference,7,54,0.8432347077597301,-0.4526800434419104
integer_bin_reference,7,55,1.0025127895604204,-0.1087112551306149
integer_bin_reference,7,56,0.9661749410635747,0.2740832997803553
integer_bin_reference,7,57,0.8150862480424567,0.5997972369109987
integer_bin_reference,7,58,0.4836897802500286,0.8576429507476516
integer_bin_reference,7,59,0.05358368266920091,1.0238993144787507
integer_bin_reference,7,60,-0.24765368450148995,0.9754632027033252
integer_bin_reference,7,61,-0.6626022663427396,0.7770831143614044
integer_bin_reference,7,62,-0.8852925368817858,0.4894608217212609
integer_bin_reference,7,63,-1.0100688950912808,0.08607904683947751
integer_bin_reference,7,64,-0.9381163900953015,-0.3238332690900653
integer_bin_reference,7,65,-0.7199489776274166,-0.6262652098143893
integer_bin_reference,7,66,-0.4265119658733152,-0.878280914575973
integer_bin_reference,7,67,-0.08830557490401986,-0.9784314848569586
integer_bin_reference,7,68,0.3250183727566826,-0.9809479606099091
integer_bin_reference,7,69,0.6739454429529905,-0.7478723838299505
integer_bin_reference,7,70,0.9176490718964294,-0.44289946368702776
integer_bin_reference,7,71,0.9996812125892524,-0.12711704130687473
integer_bin_reference,7,72,0.9639859558428007,0.26713161919380657
integer_bin_reference,7,73,0.7646392869514388,0.6519157853108632
integer_bin_reference,7,74,0.49280134399030767,0.8632057720099403
integer_bin_reference,7,75,0.11628796667078833,0.9517547252233777
integer_bin_reference,7,76,-0.3076494087900482,0.9227339231283264
integer_bin_reference,7,77,-0.6120105961024547,0.7227822327242628
integer_bin_reference,7,78,-0.8458862837812805,0.503146971963487
integer_bin_reference,7,79,-0.9878584791396741,0.1160298679155887
integer_bin_reference,7,80,-0.9715650551575739,-0.27043307852937104
integer_bin_reference,7,81,-0.7915415963782282,-0.6309355517438564
integer_bin_reference,7,82,-0.45122020757174014,-0.870509363164529
integer_bin_reference,7,83,-0.12599418252759856,-0.9742577073889339
integer_bin_reference,7,84,0.3048826508142091,-0.9604032805071246
integer_bin_reference,7,85,0.6463783473842044,-0.7587651336895457
integer_bin_reference,7,86,0.8935118084051522,-0.4696422172911354
integer_bin_reference,7,87,0.9452704227966839,-0.0813370186563881
integer_bin_reference,7,88,0.9482065931185114,0.2408061194005888
integer_bin_reference,7,89,0.7622726249161125,0.614941369167342
integer_bin_reference,7,90,0.5023867886905835,0.8306506923531196
integer_bin_reference,7,91,0.12896410578884546,0.9857616822711365
integer_bin_reference,7,92,-0.31026830576785236,0.9724229407012225
integer_bin_reference,7,93,-0.6153177411406572,0.732217731537398
integer_bin_reference,7,94,-0.8492707046161556,0.5173739484505697
integer_bin_reference,7,95,-0.9994582205639679,0.11522684326644961
integer_bin_reference,7,96,-0.9744398998158185,-0.2990323693210137
integer_bin_reference,7,97,-0.7612612808633138,-0.5683981716265746
integer_bin_reference,7,98,-0.4983636589576736,-0.8719273265876891
integer_bin_reference,7,99,-0.05942210121097034,-1.0039821584779958
integer_bin_reference,7,100,0.2998211016942941,-0.9550672501209607
integer_bin_reference,7,101,0.6298362457977598,-0.8257388259931356
integer_bin_reference,7,102,0.9047518989134131,-0.5237491646892819
integer_bin_reference,7,103,0.9808494953954349,-0.10287778640638526
integer_bin_reference,7,104,1.0105774695924818,0.28091267718844976
integer_bin_reference,7,105,0.7725823935049984,0.6725489329570746
integer_bin_reference,7,106,0.5115079551780765,0.8362364098182689
integer_bin_reference,7,107,0.06290343541643292,1.0381877397918635
integer_bin_reference,7,108,-0.1954379481615558,0.93611734741378
integer_bin_reference,7,109,-0.7000692148566915,0.7929746075317778
integer_bin_reference,7,110,-0.8520134731505287,0.4647474439193279
integer_bin_reference,7,111,-0.9999596076926685,0.15962588010298615
integer_bin_reference,7,112,-0.9504701023146711,-0.2913101356900256
integer_bin_reference,7,113,-0.7887316333744063,-0.6545883646995718
integer_bin_reference,7,114,-0.4633061247526717,-0.8742739564424111
integer_bin_reference,7,115,-0.1312283891099744,-0.9959479243342017
integer_bin_reference,7,116,0.24155950110571228,-0.9263068942039547
integer_bin_reference,7,117,0.5879839606186563,-0.7332043939676314
integer_bin_reference,7,118,0.8398529757241159,-0.5061089429259169
integer_bin_reference,7,119,0.9557965273875243,-0.029599131787280047
integer_bin_reference,7,120,0.9839797074451235,0.27442545993342765
integer_bin_reference,7,121,0.7649266822948303,0.6182879437520157
integer_bin_reference,7,122,0.5097300734200821,0.8788142279467189
integer_bin_reference,7,123,0.07931479768969954,0.9805943530557858
integer_bin_reference,7,124,-0.23712655018209416,0.9794317287330839
integer_bin_reference,7,125,-0.6757151146961267,0.7886110579409605
integer_bin_reference,7,126,-0.8584644083309121,0.4593467332531431
integer_bin_reference,7,127,-1.0016258975557466,0.10368150975654901
integer_bin_reference,8,0,-0.6911548118321414,-0.7277925582654919
integer_bin_reference,8,1,-0.3856030314587798,-0.8910202635100251
integer_bin_reference,8,2,0.00919796968080093,-0.9508354777976801
integer_bin_reference,8,3,0.40756840374679837,-0.9455127701071028
integer_bin_reference,8,4,0.6866155890353173,-0.6602071404808277
integer_bin_reference,8,5,0.9396871440791311,-0.381750974795773
integer_bin_reference,8,6,0.9501988040671934,-0.03736321893319115
integer_bin_reference,8,7,0.9654385117463808,0.3418629399163251
integer_bin_reference,8,8,0.7120101794320854,0.7320599545784179
integer_bin_reference,8,9,0.3690249107921854,0.9254822002430175
integer_bin_reference,8,10,0.029070099482253746,0.9873446872818512
integer_bin_reference,8,11,-0.3700687215690854,0.9479031641613834
integer_bin_reference,8,12,-0.7050537800943113,0.7089468044349045
integer_bin_reference,8,13,-0.9268743476934839,0.34228032551069815
integer_bin_reference,8,14,-1.011905798526139,-0.051720067414793146
integer_bin_reference,8,15,-0.944561908916388,-0.3742702719405163
integer_bin_reference,8,16,-0.7219487827251891,-0.6962130167011056
integer_bin_reference,8,17,-0.45969968132676187,-0.917979640789657
integer_bin_reference,8,18,-0.02052609625681624,-1.0238697816567244
integer_bin_reference,8,19,0.35596964133131415,-0.9289250070666942
integer_bin_reference,8,20,0.6900230225463976,-0.6837860331878461
integer_bin_reference,8,21,0.9270967706051209,-0.38036987221643054
integer_bin_reference,8,22,0.9467647149495667,-0.015624997429190417
integer_bin_reference,8,23,0.9523264705643086,0.34524697147259104
integer_bin_reference,8,24,0.7332061278825132,0.7274262952217305
integer_bin_reference,8,25,0.36680882975136225,0.9022734058412644
integer_bin_reference,8,26,-0.030752373282840573,0.9990459412604334
integer_bin_reference,8,27,-0.40656320675130875,0.8845789391621297
integer_bin_reference,8,28,-0.7234455084146323,0.7149093684844892
integer_bin_reference,8,29,-0.9368634815656994,0.37271348034548163
integer_bin_reference,8,30,-0.9835069519774596,-0.023807271830595108
integer_bin_reference,8,31,-0.9033403208509893,-0.39298596552266485
integer_bin_reference,8,32,-0.6664666616665714,-0.7031695303432135
integer_bin_reference,8,33,-0.3562186422758847,-0.8944177738089605
integer_bin_reference,8,34,0.0001286732233203741,-1.0057366838283421
integer_bin_reference,8,35,0.37839109205039223,-0.9245176444212001
integer_bin_reference,8,36,0.7273355880661834,-0.7685124994954822
integer_bin_reference,8,37,0.9150731278119466,-0.4031546564840621
integer_bin_reference,8,38,1.0149869979304351,0.007581532245853946
integer_bin_reference,8,39,0.9205499872177669,0.4186826838886296
integer_bin_reference,8,40,0.7095252967844693,0.7741831126621762
integer_bin_reference,8,41,0.4134551288435963,0.9428700326900681
integer_bin_reference,8,42,-0.016319359267629667,1.000948807818934
integer_bin_reference,8,43,-0.38797866315203233,0.9281361217261197
integer_bin_reference,8,44,-0.6699259719097013,0.7174561712473342
integer_bin_reference,8,45,-0.9273204070414318,0.4101840877723111
integer_bin_reference,8,46,-0.9610684588613354,-0.026634442491239852
integer_bin_reference,8,47,-0.8969010617229272,-0.39004830395192513
integer_bin_reference,8,48,-0.7007316711367216,-0.7341084398956871
integer_bin_reference,8,49,-0.4604177204256754,-0.9543558632406902
integer_bin_reference,8,50,-0.038273444698875954,-0.9971015022579828
integer_bin_reference,8,51,0.3620140254660501,-0.8823527168615692
integer_bin_reference,8,52,0.7518295991307486,-0.6851349419977075
integer_bin_reference,8,53,0.8790685554062256,-0.34584753330761897
integer_bin_reference,8,54,0.9922082941719063,-0.0017873332356267036
integer_bin_reference,8,55,0.9271883935297232,0.38708385942296153
integer_bin_reference,8,56,0.6644031976042946,0.6731593471382438
integer_bin_reference,8,57,0.38994083079779146,0.9208244130210661
integer_bin_reference,8,58,0.03925716767881238,1.007154146425867
integer_bin_reference,8,59,-0.3598751957107726,0.8809970641095263
integer_bin_reference,8,60,-0.7174652731829296,0.7311725843957672
integer_bin_reference,8,61,-0.9050012190576951,0.38361064497808084
integer_bin_reference,8,62,-1.0010534014120267,0.042318287908201815
integer_bin_reference,8,63,-0.8978361531427287,-0.3980694873965534
integer_bin_reference,8,64,-0.7333096897243208,-0.700941871637789
integer_bin_reference,8,65,-0.36365040204010707,-0.9345027155319175
integer_bin_reference,8,66,0.005218964236016932,-0.9995139168959527
integer_bin_reference,8,67,0.38469318596476443,-0.9543541588491073
integer_bin_reference,8,68,0.7434277081392172,-0.7343012252453961
integer_bin_reference,8,69,0.974610346249562,-0.38227576371668043
integer_bin_reference,8,70,0.9857256059990802,0.007916473750070707
integer_bin_reference,8,71,0.9498184571335243,0.34701225617320797
integer_bin_reference,8,72,0.7331911087730522,0.7447162384774694
integer_bin_reference,8,73,0.3892841549961343,0.9249666579229333
integer_bin_reference,8,74,0.030011496366271286,1.0126077474464303
integer_bin_reference,8,75,-0.366416322174406,0.958722466766726
integer_bin_reference,8,76,-0.685874224416386,0.7343831848257903
integer_bin_reference,8,77,-0.9617541185624858,0.4247174435603946
integer_bin_reference,8,78,-1.0431166588891074,-0.029508622208550283
integer_bin_reference,8,79,-0.8865148040226273,-0.40554906189378115
integer_bin_reference,8,80,-0.7124201647416636,-0.7142236812684661
integer_bin_reference,8,81,-0.3220181766703791,-0.9014526141473964
integer_bin_reference,8,82,-0.01814984177448784,-0.9758301587382489
integer_bin_reference,8,83,0.44596633171001826,-0.8688574371296601
integer_bin_reference,8,84,0.6868465127887182,-0.6730849279727299
integer_bin_reference,8,85,0.957559660305748,-0.403334105667648
integer_bin_reference,8,86,0.9318959659118882,-0.018691493602908706
integer_bin_reference,8,87,0.9153417936096196,0.35638431642147855
integer_bin_reference,8,88,0.746456857252507,0.6890407692077659
integer_bin_reference,8,89,0.42375836451551413,0.9265238038805207
integer_bin_reference,8,90,0.08310992259498452,1.046124179213909
integer_bin_reference,8,91,-0.3995696315701448,0.8550381211539654
integer_bin_reference,8,92,-0.7423219610854084,0.6548017193460985
integer_bin_reference,8,93,-0.9166433281349715,0.40255192694387615
integer_bin_reference,8,94,-1.0158754812154738,0.024931939546344366
integer_bin_reference,8,95,-0.9118130647704804,-0.36496315266003687
integer_bin_reference,8,96,-0.7299823686587085,-0.6879173201523101
integer_bin_reference,8,97,-0.36958230224389305,-0.9388016593797025
integer_bin_reference,8,98,-0.008572882078809744,-0.9752249151154531
integer_bin_reference,8,99,0.38192842158770296,-0.8993752557083319
integer_bin_reference,8,100,0.7067685835877497,-0.6990306297658582
integer_bin_reference,8,101,0.9355101439787836,-0.408701345751904
integer_bin_reference,8,102,0.9718602318058306,0.047653970898649506
integer_bin_reference,8,103,0.9152501956688748,0.3227824310377926
integer_bin_reference,8,104,0.6700756723171423,0.6701504426827247
integer_bin_reference,8,105,0.37935292125118325,0.9677525188203847
integer_bin_reference,8,106,0.008273201377848623,1.0271768519092825
integer_bin_reference,8,107,-0.3454449112826431,0.9187459570171798
integer_bin_reference,8,108,-0.7358945272686106,0.7163335998279718
integer_bin_reference,8,109,-0.9139784710968083,0.38974242464556885
integer_bin_reference,8,110,-0.9600022964749816,0.02098112728356957
integer_bin_reference,8,111,-0.9372217610165178,-0.3699204401074907
integer_bin_reference,8,112,-0.7281703940700018,-0.7655906082361913
integer_bin_reference,8,113,-0.3472723044416476,-0.946680728955089
integer_bin_reference,8,114,0.03389070107768855,-1.0127252744273976
integer_bin_reference,8,115,0.3869284727668023,-0.91479698266273
integer_bin_reference,8,116,0.6830660542199921,-0.6978086536539871
integer_bin_reference,8,117,0.8767565172769518,-0.3911575227284402
integer_bin_reference,8,118,1.025936875566778,-0.0385221183174033
integer_bin_reference,8,119,0.9537967768559537,0.40261076636916887
integer_bin_reference,8,120,0.6744389420926001,0.6601671267565096
integer_bin_reference,8,121,0.36675520137845397,0.9650862757405156
integer_bin_reference,8,122,-0.02497289412120675,1.0766184009956445
integer_bin_reference,8,123,-0.3781661007544512,0.9053294593776212
integer_bin_reference,8,124,-0.6941773995085084,0.7543088163855475
integer_bin_reference,8,125,-0.9512314449100789,0.38725464702802975
integer_bin_reference,8,126,-0.9939075971490122,0.05600606878350718
integer_bin_reference,8,127,-0.908504931067227,-0.3535541393377883
integer_bin_reference,9,0,-0.2536913594882607,-0.9494675508371138
integer_bin_reference,9,1,0.09253279167338753,-0.941962629690832
integer_bin_reference,9,2,0.45254901412597626,-0.8718792693035234
integer_bin_reference,9,3,0.7865345424661399,-0.6844569032975227
integer_bin_reference,9,4,1.0055366749783032,-0.27069574806566726
integer_bin_reference,9,5,0.9729144164988694,0.12016858974156423
integer_bin_reference,9,6,0.8522718971442224,0.4939270471874802
integer_bin_reference,9,7,0.614289647468063,0.7429356152056399
integer_bin_reference,9,8,0.3449383815725565,0.8952274424358424
integer_bin_reference,9,9,-0.08731470296693147,1.041666560686514
integer_bin_reference,9,10,-0.46704740292701113,0.9033344264779042
integer_bin_reference,9,11,-0.8253449886260944,0.6501038127220161
integer_bin_reference,9,12,-0.9436955883796627,0.26524900818799196
integer_bin_reference,9,13,-1.0330813064293098,-0.11736351699644144
integer_bin_reference,9,14,-0.881563127213915,-0.4569083294912205
integer_bin_reference,9,15,-0.6169433950875862,-0.7750013461188551
integer_bin_reference,9,16,-0.31582489415152876,-0.9895077052950354
integer_bin_reference,9,17,0.048466756219540594,-0.9681429957615266
integer_bin_reference,9,18,0.415541644504,-0.9316745748137316
integer_bin_reference,9,19,0.7573519032507662,-0.5803179029365456
integer_bin_reference,9,20,0.9615015034722666,-0.2730725501154282
integer_bin_reference,9,21,0.9646333566357623,0.13692626095518365
integer_bin_reference,9,22,0.9246763940469089,0.46639334954225165
integer_bin_reference,9,23,0.6126338235473431,0.8085228008642172
integer_bin_reference,9,24,0.3002748100030936,0.9653843892092707
integer_bin_reference,9,25,-0.06673092154858745,0.981879908527924
integer_bin_reference,9,26,-0.46841269629638477,0.8749895903506041
integer_bin_reference,9,27,-0.7770901657378977,0.7229413834921088
integer_bin_reference,9,28,-0.8974864372188245,0.2964891894941065
integer_bin_reference,9,29,-0.9902150786755393,-0.14115939927404442
integer_bin_reference,9,30,-0.8761783580569713,-0.4754257672091942
integer_bin_reference,9,31,-0.6654480997102978,-0.7957147244686952
integer_bin_reference,9,32,-0.24993391893931827,-0.9485220523411277
integer_bin_reference,9,33,0.02921045092909666,-1.0587888277988429
integer_bin_reference,9,34,0.4683425770033497,-0.8526623152580084
integer_bin_reference,9,35,0.8281887605460994,-0.5963536131628724
integer_bin_reference,9,36,0.9200277054513473,-0.28320993067357
integer_bin_reference,9,37,0.9917693450296318,0.11284725069652256
integer_bin_reference,9,38,0.8672234251635133,0.4666609258803943
integer_bin_reference,9,39,0.6847996964156581,0.8101349555201197
integer_bin_reference,9,40,0.3282170885087317,0.9102502621343599
integer_bin_reference,9,41,-0.11062632170250884,1.0356158715667028
integer_bin_reference,9,42,-0.47536078981073526,0.8805142864565901
integer_bin_reference,9,43,-0.7853987052648963,0.6016827317944797
integer_bin_reference,9,44,-0.9683808458855759,0.2777232167671323
integer_bin_reference,9,45,-1.0133992911347929,-0.08311973417915383
integer_bin_reference,9,46,-0.879539105349779,-0.49081288821629104
integer_bin_reference,9,47,-0.6102832105640288,-0.7642314667466559
integer_bin_reference,9,48,-0.2836548156518322,-0.9587576117319582
integer_bin_reference,9,49,0.08832526846549575,-0.9943979860149378
integer_bin_reference,9,50,0.5083283423233592,-0.8596168785663296
integer_bin_reference,9,51,0.7354416947332578,-0.6287181597143487
integer_bin_reference,9,52,0.9861469573400709,-0.2531198087591175
integer_bin_reference,9,53,1.0176913324276025,0.15079744324791153
integer_bin_reference,9,54,0.8565798128789052,0.4650828149907272
integer_bin_reference,9,55,0.6797760584055816,0.7292767287487543
integer_bin_reference,9,56,0.27375592307622776,0.9767392567489286
integer_bin_reference,9,57,-0.09443189834990852,0.9507507121627756
integer_bin_reference,9,58,-0.5244165190393509,0.9170982895129411
integer_bin_reference,9,59,-0.7862984610024907,0.6736115908314254
integer_bin_reference,9,60,-0.8923221682341831,0.23938378839255897
integer_bin_reference,9,61,-0.9751903997174464,-0.11193076891593326
integer_bin_reference,9,62,-0.9213839488156992,-0.5079818472883616
integer_bin_reference,9,63,-0.6277965230210951,-0.7173832965237995
integer_bin_reference,9,64,-0.2631895692543401,-0.9493303840596061
integer_bin_reference,9,65,0.10347839129407684,-1.0153279753425175
integer_bin_reference,9,66,0.44502075860033574,-0.8476947980580557
integer_bin_reference,9,67,0.7745902390946704,-0.6144797969323307
integer_bin_reference,9,68,0.9254567524955173,-0.28710756885448646
integer_bin_reference,9,69,1.032872706825815,0.07166429808938217
integer_bin_reference,9,70,0.8782521695666897,0.42696694158583776
integer_bin_reference,9,71,0.6137488196341224,0.7641214409981417
integer_bin_reference,9,72,0.31106155388514656,0.9714171939510411
integer_bin_reference,9,73,-0.06798065140576323,0.9944566017692488
integer_bin_reference,9,74,-0.4874519147417766,0.9190179103583789
integer_bin_reference,9,75,-0.7602615463424399,0.6447781210651783
integer_bin_reference,9,76,-0.9916300928625414,0.301497492225707
integer_bin_reference,9,77,-0.954356051102773,-0.08838457303037543
integer_bin_reference,9,78,-0.8644040746070525,-0.45258116493352135
integer_bin_reference,9,79,-0.6731606603907498,-0.8420940840315209
integer_bin_reference,9,80,-0.3078343022236644,-0.9980429241136728
integer_bin_reference,9,81,0.1412072653940226,-0.9525367858126124
integer_bin_reference,9,82,0.4701922415918268,-0.849443164352079
integer_bin_reference,9,83,0.7505254782387009,-0.6245239435284687
integer_bin_reference,9,84,0.9378800072335267,-0.25031605176706284
integer_bin_reference,9,85,1.0041914430445535,0.10698291628864517
integer_bin_reference,9,86,0.8793457945569533,0.5222030788253466
integer_bin_reference,9,87,0.6114633620288094,0.812077513482627
integer_bin_reference,9,88,0.29828604979196605,0.972889262308719
integer_bin_reference,9,89,-0.1037604435810129,0.9862998772178532
integer_bin_reference,9,90,-0.4683976552794023,0.8504750539325827
integer_bin_reference,9,91,-0.768037653185818,0.6679408238856555
integer_bin_reference,9,92,-0.9587755436461523,0.25162452108074385
integer_bin_reference,9,93,-0.9595227471039222,-0.1146652254411106
integer_bin_reference,9,94,-0.8354546691518149,-0.4507171640420197
integer_bin_reference,9,95,-0.606166220970327,-0.808220324398379
integer_bin_reference,9,96,-0.2060751659084718,-0.9386156478747375
integer_bin_reference,9,97,0.08178782539156529,-1.0617750900161629
integer_bin_reference,9,98,0.4804490536235623,-0.9059421217950591
integer_bin_reference,9,99,0.7247214969992959,-0.6421879427683129
integer_bin_reference,9,100,0.9938945514643407,-0.2909490017117391
integer_bin_reference,9,101,0.9376916917797199,0.11422789126863958
integer_bin_reference,9,102,0.8652411967584341,0.4584531541986769
integer_bin_reference,9,103,0.6626003728156409,0.7117996199324741
integer_bin_reference,9,104,0.31474291072411664,0.9527178663819482
integer_bin_reference,9,105,-0.07095546497368535,0.9602647565899344
integer_bin_reference,9,106,-0.513373255787126,0.8641420776480935
integer_bin_reference,9,107,-0.7948445544841317,0.6226716053140132
integer_bin_reference,9,108,-0.906122773437484,0.2743495864835107
integer_bin_reference,9,109,-1.0189330848157208,-0.062373833905884586
integer_bin_reference,9,110,-0.8181540856875684,-0.4570721063064827
integer_bin_reference,9,111,-0.5990232019112647,-0.7915863070960187
integer_bin_reference,9,112,-0.30993414340913794,-0.9222490305851718
integer_bin_reference,9,113,0.11384305113440656,-0.9998641100725331
integer_bin_reference,9,114,0.4994471275487066,-0.7720046025977506
integer_bin_reference,9,115,0.7813532137963367,-0.6437125613321563
integer_bin_reference,9,116,0.9314539433019591,-0.3437266890736301
integer_bin_reference,9,117,1.0205358887906344,0.09726203756716294
integer_bin_reference,9,118,0.919443155436026,0.40789972922584306
integer_bin_reference,9,119,0.6861751450778423,0.8088304766423116
integer_bin_reference,9,120,0.33708706365117946,0.9203525109117259
integer_bin_reference,9,121,-0.10987864185256159,1.0014084013955245
integer_bin_reference,9,122,-0.4466542943220442,0.8598520766797626
integer_bin_reference,9,123,-0.7854626563477146,0.6571033505178593
integer_bin_reference,9,124,-0.9529448884542705,0.2740781608137634
integer_bin_reference,9,125,-1.018198244835329,-0.11810219611911174
integer_bin_reference,9,126,-0.895947915361971,-0.4738666014575417
integer_bin_reference,9,127,-0.6560199018672712,-0.7791016027681532
integer_bin_reference,10,0,0.16677125609826599,-0.9996060764528563
integer_bin_reference,10,1,0.5892001416847303,-0.8417756335557612
integer_bin_reference,10,2,0.8153550364340191,-0.5144407838161519
integer_bin_reference,10,3,1.0138304433800565,-0.18776594466988028
integer_bin_reference,10,4,0.9763564251245965,0.2511596554707182
integer_bin_reference,10,5,0.8416569897744981,0.5794085583575355
integer_bin_reference,10,6,0.6324372757319396,0.8344195842220643
integer_bin_reference,10,7,0.15845915183828332,0.9062625647800391
integer_bin_reference,10,8,-0.18751782239724912,1.0365750449593119
integer_bin_reference,10,9,-0.5740757509648261,0.8348787532353563
integer_bin_reference,10,10,-0.8198392107141659,0.6103290842234151
integer_bin_reference,10,11,-1.0253169866608611,0.1404258674256854
integer_bin_reference,10,12,-1.0084113715805196,-0.16658745627334057
integer_bin_reference,10,13,-0.77857408885802,-0.5339120432075644
integer_bin_reference,10,14,-0.5611656914833376,-0.8862028409964767
integer_bin_reference,10,15,-0.22745717104741692,-0.9845149009991252
integer_bin_reference,10,16,0.21453044437372698,-0.9844910043959503
integer_bin_reference,10,17,0.6116345135521154,-0.8054064699491015
integer_bin_reference,10,18,0.7628118757088498,-0.5616904442673368
integer_bin_reference,10,19,0.9735064419215446,-0.19973199386924623
integer_bin_reference,10,20,0.9717554725732747,0.2056388619209636
integer_bin_reference,10,21,0.7866955611475188,0.516113933866544
integer_bin_reference,10,22,0.5107469191847372,0.8001057872887748
integer_bin_reference,10,23,0.21974077205429934,0.9319250076452911
integer_bin_reference,10,24,-0.09222973864271658,0.9953339866423342
integer_bin_reference,10,25,-0.5812394159331784,0.8969483370344402
integer_bin_reference,10,26,-0.8424480278079338,0.5505695395209604
integer_bin_reference,10,27,-0.9586443030709103,0.2710794929523427
integer_bin_reference,10,28,-0.9892877231707001,-0.23457941307290206
integer_bin_reference,10,29,-0.887776947943602,-0.5726774539743186
integer_bin_reference,10,30,-0.5304838267664503,-0.8081690706910177
integer_bin_reference,10,31,-0.2002188778631903,-0.9983130651266056
integer_bin_reference,10,32,0.20986781862619389,-0.9996769256232123
integer_bin_reference,10,33,0.5983478543582657,-0.8297354572016847
integer_bin_reference,10,34,0.836849406522221,-0.5651659189141759
integer_bin_reference,10,35,0.9701386067033565,-0.16602814707282884
integer_bin_reference,10,36,0.9205102228696126,0.1920028891555818
integer_bin_reference,10,37,0.8106559286389378,0.5732615148643545
integer_bin_reference,10,38,0.5457245212746368,0.8637724323077075
integer_bin_reference,10,39,0.1957387234259834,0.999464480608161
integer_bin_reference,10,40,-0.19487299899810961,1.0093877676851708
integer_bin_reference,10,41,-0.5407108272099077,0.816738316890201
integer_bin_reference,10,42,-0.8104124598549702,0.5533190453309483
integer_bin_reference,10,43,-1.0075230377544337,0.14400504702873912
integer_bin_reference,10,44,-0.9957724865737978,-0.1781052741890615
integer_bin_reference,10,45,-0.8356258150690279,-0.5639558363972911
integer_bin_reference,10,46,-0.5197691499909418,-0.8468797460593757
integer_bin_reference,10,47,-0.20922884302177422,-1.0061435977991806
integer_bin_reference,10,48,0.2235995695306407,-0.9431094546416292
integer_bin_reference,10,49,0.532736034138137,-0.8180158770247457
integer_bin_reference,10,50,0.8035926336106538,-0.5691474320138887
integer_bin_reference,10,51,0.9298475172686733,-0.1710729914060392
integer_bin_reference,10,52,0.9776512843792536,0.17525658894777515
integer_bin_reference,10,53,0.7988802076134911,0.5480316130625802
integer_bin_reference,10,54,0.5569388483874863,0.8945340912243206
integer_bin_reference,10,55,0.23349994804815205,0.9689359317402843
integer_bin_reference,10,56,-0.2406658109672542,0.9975282552465992
integer_bin_reference,10,57,-0.5462719633245947,0.8360161774347331
integer_bin_reference,10,58,-0.7884286680680479,0.5468753337504484
integer_bin_reference,10,59,-1.0065154491062083,0.12996407513624497
integer_bin_reference,10,60,-0.935992439823936,-0.19260379186511714
integer_bin_reference,10,61,-0.7922754023442391,-0.5033736714597818
integer_bin_reference,10,62,-0.5769196519053434,-0.7965666003695577
integer_bin_reference,10,63,-0.15409132914306875,-0.9850510379343927
integer_bin_reference,10,64,0.22795396086436423,-1.025624278932857
integer_bin_reference,10,65,0.5898146609014545,-0.9182079495707826
integer_bin_reference,10,66,0.8902311998124254,-0.5623901189100345
integer_bin_reference,10,67,0.9646942004570773,-0.2124281061337444
integer_bin_reference,10,68,0.9926678216050565,0.212609237825217
integer_bin_reference,10,69,0.8024434077139706,0.5683314409603912
integer_bin_reference,10,70,0.6402754265614331,0.8163467783947804
integer_bin_reference,10,71,0.24360823040561974,0.9841725755239138
integer_bin_reference,10,72,-0.19197856238046787,1.0116820023685218
integer_bin_reference,10,73,-0.6248718350366228,0.9161029298082101
integer_bin_reference,10,74,-0.8622512592526353,0.5047059690683936
integer_bin_reference,10,75,-0.9338368057986389,0.16325950554727242
integer_bin_reference,10,76,-0.9912400746052457,-0.1634508020817999
integer_bin_reference,10,77,-0.8367252264273367,-0.5700872329742313
integer_bin_reference,10,78,-0.5823655554782602,-0.8236942043366237
integer_bin_reference,10,79,-0.20179580704883918,-1.0493649397953608
integer_bin_reference,10,80,0.1794207509060208,-1.0026619405859465
integer_bin_reference,10,81,0.5571458380353868,-0.8769642566448808
integer_bin_reference,10,82,0.85846325976878,-0.5013720722977373
integer_bin_reference,10,83,1.0253362187308404,-0.21414941535876175
integer_bin_reference,10,84,0.9396269524339964,0.16156331601858542
integer_bin_reference,10,85,0.8648678375962746,0.563746908293339
integer_bin_reference,10,86,0.472018106872768,0.8257357498898614
integer_bin_reference,10,87,0.23432442087258837,0.9785452497714634
integer_bin_reference,10,88,-0.1603018589188328,0.9694730014812998
integer_bin_reference,10,89,-0.5375317430375001,0.8587155460300144
integer_bin_reference,10,90,-0.7895433262082251,0.607811148197553
integer_bin_reference,10,91,-0.952168593728156,0.19439034680171027
integer_bin_reference,10,92,-1.0087721813075257,-0.21495618625807353
integer_bin_reference,10,93,-0.8227114468237229,-0.5728366412058612
integer_bin_reference,10,94,-0.520497206978715,-0.8472583271067281
integer_bin_reference,10,95,-0.22426223665559994,-0.9553474560974055
integer_bin_reference,10,96,0.13274449092867702,-0.9761009203760765
integer_bin_reference,10,97,0.5425490846976595,-0.8471106869447791
integer_bin_reference,10,98,0.7920395424212222,-0.545476489221288
integer_bin_reference,10,99,0.9891646553470036,-0.21678674980043122
integer_bin_reference,10,100,0.9858602374424887,0.21970042658090244
integer_bin_reference,10,101,0.8745455967841479,0.5468402073002555
integer_bin_reference,10,102,0.6023743613685586,0.83693093521301
integer_bin_reference,10,103,0.21828592678963962,0.9958829203319971
integer_bin_reference,10,104,-0.20956088300746578,0.9357492503461707
integer_bin_reference,10,105,-0.5899074047644606,0.7851966185760247
integer_bin_reference,10,106,-0.8105477728053445,0.5364466036653681
integer_bin_reference,10,107,-0.9713283047568053,0.23076274822985066
integer_bin_reference,10,108,-1.0146925607112554,-0.21004922853183322
integer_bin_reference,10,109,-0.8376568610350412,-0.5276019816094525
integer_bin_reference,10,110,-0.5809674987372522,-0.8319529607753892
integer_bin_reference,10,111,-0.17440961860935955,-0.9917507800114105
integer_bin_reference,10,112,0.17393800073248666,-1.0018409206103773
integer_bin_reference,10,113,0.5749421664363205,-0.8840783683497183
integer_bin_reference,10,114,0.8229206949276121,-0.5545040297985147
integer_bin_reference,10,115,0.9593186984441905,-0.20007713207995614
integer_bin_reference,10,116,0.9665919607063842,0.16832784176671758
integer_bin_reference,10,117,0.8334590792343881,0.5451900783143514
integer_bin_reference,10,118,0.5378269993015568,0.8057999278377516
integer_bin_reference,10,119,0.18496786474655075,0.9516712692933043
integer_bin_reference,10,120,-0.2069659446921441,0.9806971896541595
integer_bin_reference,10,121,-0.5477481145947737,0.8476375241342544
integer_bin_reference,10,122,-0.8210121505892617,0.5837033685240063
integer_bin_reference,10,123,-1.021948464083318,0.2523745530118332
integer_bin_reference,10,124,-0.9947039747563504,-0.19097865115931992
integer_bin_reference,10,125,-0.847681004977419,-0.5711215690055342
integer_bin_reference,10,126,-0.5378131218706397,-0.8190267160997803
integer_bin_reference,10,127,-0.2090595181501613,-0.9918555452488992
integer_bin_reference,11,0,0.610162560431265,-0.7599574573334558
integer_bin_reference,11,1,0.8973804665112514,-0.4894299931804456
integer_bin_reference,11,2,1.0322176835659875,-0.09219695138569153
integer_bin_reference,11,3,0.9765310012723745,0.29027531068232393
integer_bin_reference,11,4,0.7452679923333828,0.7021741444777807
integer_bin_reference,11,5,0.5053732654408621,0.8609407021422765
integer_bin_reference,11,6,0.17022293857062207,1.0063131197135649
integer_bin_reference,11,7,-0.29275458633025514,0.973720395894337
integer_bin_reference,11,8,-0.6187495604594784,0.7766069687743745
integer_bin_reference,11,9,-0.8965792902131461,0.45824403665704444
integer_bin_reference,11,10,-1.0340667037284197,0.14855566900719064
integer_bin_reference,11,11,-0.9701762276159034,-0.2844384856688655
integer_bin_reference,11,12,-0.7879561201376418,-0.59278678504595
integer_bin_reference,11,13,-0.5023232929031585,-0.9441624150646909
integer_bin_reference,11,14,-0.0939417855180936,-0.9748901638209317
integer_bin_reference,11,15,0.2306314499611998,-0.9511771265890022
integer_bin_reference,11,16,0.6394029992002287,-0.7921059200061716
integer_bin_reference,11,17,0.8664475522954266,-0.4398474334839253
integer_bin_reference,11,18,0.9695271073013297,-0.12485877368508172
integer_bin_reference,11,19,0.995209742922493,0.30831146009573335
integer_bin_reference,11,20,0.80700145907348,0.6887794533680531
integer_bin_reference,11,21,0.44313941518255856,0.8852054264484719
integer_bin_reference,11,22,0.1128285288198018,0.9732665012756778
integer_bin_reference,11,23,-0.31228674923696176,0.9614412149613715
integer_bin_reference,11,24,-0.6482976137408089,0.7754975703858014
integer_bin_reference,11,25,-0.9009918850883664,0.4482999605129512
integer_bin_reference,11,26,-0.9936607753223863,0.08009448537522301
integer_bin_reference,11,27,-0.957740591098048,-0.2752222246647096
integer_bin_reference,11,28,-0.7366246606195632,-0.6454431885121849
integer_bin_reference,11,29,-0.4438970478307254,-0.8918874710476101
integer_bin_reference,11,30,-0.14971126631985493,-0.9566937287028116
integer_bin_reference,11,31,0.2839052739273036,-0.9335429624409546
integer_bin_reference,11,32,0.6009381701378402,-0.8082594278398285
integer_bin_reference,11,33,0.8695547881665255,-0.4579489582228251
integer_bin_reference,11,34,1.0072882520112376,-0.09351943110392869
integer_bin_reference,11,35,0.9454437746585739,0.3160825390563159
integer_bin_reference,11,36,0.8042974566265654,0.5840715238133043
integer_bin_reference,11,37,0.4851590952193436,0.9090354029238992
integer_bin_reference,11,38,0.15603609446907116,0.9878483971832661
integer_bin_reference,11,39,-0.25972670184327656,0.9573426805648542
integer_bin_reference,11,40,-0.640544034346031,0.7293869857040964
integer_bin_reference,11,41,-0.8671193479899849,0.39792275667264715
integer_bin_reference,11,42,-1.03997504299327,0.15582955957860378
integer_bin_reference,11,43,-0.9911104367782705,-0.3120525589358718
integer_bin_reference,11,44,-0.7372157486653664,-0.6338951243185905
integer_bin_reference,11,45,-0.46909897173994963,-0.8373147188173643
integer_bin_reference,11,46,-0.11194703737168823,-0.9844034935976528
integer_bin_reference,11,47,0.31781262155772066,-0.8893117025066936
integer_bin_reference,11,48,0.657623473366051,-0.777478722464951
integer_bin_reference,11,49,0.8797803805388104,-0.45951837646414684
integer_bin_reference,11,50,0.9874157294283132,-0.09679774709595639
integer_bin_reference,11,51,0.9650587951807167,0.3172974751715435
integer_bin_reference,11,52,0.7539239681870957,0.6781873950809778
integer_bin_reference,11,53,0.4673094087936928,0.9027721506827888
integer_bin_reference,11,54,0.07500748967004842,0.9760313173458549
integer_bin_reference,11,55,-0.3033047345641289,0.9535276038749698
integer_bin_reference,11,56,-0.5779047708856215,0.7487854992332049
integer_bin_reference,11,57,-0.8608250734714068,0.4843564834241538
integer_bin_reference,11,58,-0.9979456926624969,0.07041768791845124
integer_bin_reference,11,59,-0.9500596096000198,-0.27488274871874824
integer_bin_reference,11,60,-0.7895505505611717,-0.6325980909622657
integer_bin_reference,11,61,-0.4322846396807011,-0.85946424026486
integer_bin_reference,11,62,-0.14178519807865445,-1.0592650920528472
integer_bin_reference,11,63,0.2952760338724399,-0.9491258570209726
integer_bin_reference,11,64,0.6513784390464055,-0.8271599679454175
integer_bin_reference,11,65,0.8725329663148317,-0.4414782966850617
integer_bin_reference,11,66,0.9845176244347551,-0.09183946465500312
integer_bin_reference,11,67,0.9828321945777718,0.2776182525054639
integer_bin_reference,11,68,0.7847518001170078,0.6538321323689328
integer_bin_reference,11,69,0.5091151427605534,0.9063161662069396
integer_bin_reference,11,70,0.1338353436357137,1.0192153869363445
integer_bin_reference,11,71,-0.33884724630405044,0.9333001272020824
integer_bin_reference,11,72,-0.6965371638837647,0.7411940451139098
integer_bin_reference,11,73,-0.9186127976975261,0.4804230993654487
integer_bin_reference,11,74,-1.015727671216169,0.11554081909733566
integer_bin_reference,11,75,-0.9622968806047434,-0.31716134257582057
integer_bin_reference,11,76,-0.8110969963952614,-0.6285719129722399
integer_bin_reference,11,77,-0.4730808122452311,-0.8631336101620445
integer_bin_reference,11,78,-0.11090132780374812,-0.982818888021813
integer_bin_reference,11,79,0.2484747729379127,-0.9550564649455927
integer_bin_reference,11,80,0.6168168741976543,-0.7994635650984273
integer_bin_reference,11,81,0.9081102852038738,-0.4818910148221644
integer_bin_reference,11,82,0.9558328609366915,-0.12163086084305026
integer_bin_reference,11,83,0.994940292406358,0.2789756982676561
integer_bin_reference,11,84,0.7102604160700785,0.6540700424475581
integer_bin_reference,11,85,0.40511378494964284,0.8679689203572747
integer_bin_reference,11,86,0.09410732167991237,1.0440876301683393
integer_bin_reference,11,87,-0.29151872517479516,0.9703169706921417
integer_bin_reference,11,88,-0.6295702899051528,0.7224620053851989
integer_bin_reference,11,89,-0.8519191776425087,0.5033465585609812
integer_bin_reference,11,90,-0.9737848331060719,0.11446554616902158
integer_bin_reference,11,91,-0.992445463724235,-0.29413669494744005
integer_bin_reference,11,92,-0.7844604822339181,-0.6327083019785287
integer_bin_reference,11,93,-0.5059714890188607,-0.8953729883417753
integer_bin_reference,11,94,-0.1058116005026219,-1.018578289278198
integer_bin_reference,11,95,0.25463847564815945,-0.905155821870386
integer_bin_reference,11,96,0.6587640207020835,-0.7358813899338915
integer_bin_reference,11,97,0.8636859908278667,-0.5160894287173544
integer_bin_reference,11,98,1.0151869352066474,-0.08589757418989821
integer_bin_reference,11,99,0.994394852467511,0.2848355746937221
integer_bin_reference,11,100,0.8174919902847374,0.6274803531864748
integer_bin_reference,11,101,0.433193782367641,0.8952889130375988
integer_bin_reference,11,102,0.11597260254008909,1.0194455547610999
integer_bin_reference,11,103,-0.29117420973059,0.9636590787489365
integer_bin_reference,11,104,-0.65542891170763,0.751857699629089
integer_bin_reference,11,105,-0.9657068332074421,0.4563112692565758
integer_bin_reference,11,106,-1.023573373273467,0.11869391704005643
integer_bin_reference,11,107,-0.9796532186305072,-0.3205684743446695
integer_bin_reference,11,108,-0.7233330918827258,-0.6203933612787943
integer_bin_reference,11,109,-0.525372580627921,-0.840674263969552
integer_bin_reference,11,110,-0.0965506280121014,-1.0211787125245362
integer_bin_reference,11,111,0.2517856579465824,-0.9873725388808681
integer_bin_reference,11,112,0.6282108588332564,-0.738045970732614
integer_bin_reference,11,113,0.8932242264859133,-0.46565144480952675
integer_bin_reference,11,114,0.9968077377713424,-0.13616620402512317
integer_bin_reference,11,115,0.9861059592085504,0.3332167085826433
integer_bin_reference,11,116,0.7284188628774818,0.6687483297799299
integer_bin_reference,11,117,0.533979349536063,0.8941683301110764
integer_bin_reference,11,118,0.09737512304906988,0.9667507859469651
integer_bin_reference,11,119,-0.2712598107520458,0.9540906309523468
integer_bin_reference,11,120,-0.6464503117016065,0.7388784483602934
integer_bin_reference,11,121,-0.8930662743921958,0.4576478280494559
integer_bin_reference,11,122,-0.9552845419776136,0.11071186155573397
integer_bin_reference,11,123,-0.9987680380069346,-0.3033813733219069
integer_bin_reference,11,124,-0.7864652405969574,-0.6271162727648789
integer_bin_reference,11,125,-0.47506097643222284,-0.8685991744447792
integer_bin_reference,11,126,-0.09034416591248848,-1.0069981423028787
integer_bin_reference,11,127,0.3041167065302279,-0.9436152820804392
integer_bin_reference,12,0,0.9217425581274366,-0.4455911850477218
integer_bin_reference,12,1,0.952366971059775,-0.0049265569435728695
integer_bin_reference,12,2,0.9067731945929822,0.3582686161166427
integer_bin_reference,12,3,0.7502227867129293,0.6714651605676969
integer_bin_reference,12,4,0.39017556150976956,0.9596793703141729
integer_bin_reference,12,5,0.012001415426082919,1.030816848515411
integer_bin_reference,12,6,-0.38226417278691155,0.8966189129678475
integer_bin_reference,12,7,-0.7035298894410918,0.676797129821074
integer_bin_reference,12,8,-0.9017100617638234,0.3812715937369024
integer_bin_reference,12,9,-1.001036505320863,-0.006916628906145859
integer_bin_reference,12,10,-0.8283757805591327,-0.37312833696093856
integer_bin_reference,12,11,-0.7003679978345708,-0.6667305807685256
integer_bin_reference,12,12,-0.39107810117083,-0.9511966601810745
integer_bin_reference,12,13,-0.05421979005114155,-0.9891361894094789
integer_bin_reference,12,14,0.36964676476895053,-0.9475816960169003
integer_bin_reference,12,15,0.7091740757185584,-0.6900499357038449
integer_bin_reference,12,16,0.9286586217945673,-0.4280147520203427
integer_bin_reference,12,17,0.9356050615544247,-0.04241824452965989
integer_bin_reference,12,18,0.9506095398146522,0.37850566913455136
integer_bin_reference,12,19,0.7440210777149137,0.6280411885162673
integer_bin_reference,12,20,0.37533534448765166,0.9197969603485832
integer_bin_reference,12,21,0.006098490336154366,0.9840465060808844
integer_bin_reference,12,22,-0.37750184289096583,0.8960660056741473
integer_bin_reference,12,23,-0.7121543576139786,0.6905283729826907
integer_bin_reference,12,24,-0.9059954267547394,0.39426461854764433
integer_bin_reference,12,25,-0.981178037317142,-0.03410148176710738
integer_bin_reference,12,26,-0.9823596098171212,-0.38045610287588333
integer_bin_reference,12,27,-0.6868477913810171,-0.7033430420201461
integer_bin_reference,12,28,-0.4024045867538717,-0.9652626939784656
integer_bin_reference,12,29,0.0013419357264494594,-0.9784358132984399
integer_bin_reference,12,30,0.3612598018183675,-0.9498483101386946
integer_bin_reference,12,31,0.6691306684984422,-0.7165990635299878
integer_bin_reference,12,32,0.9851477307493439,-0.3723858233567349
integer_bin_reference,12,33,1.0089809325238346,-0.009643859086983089
integer_bin_reference,12,34,0.946531278799332,0.395504235037457
integer_bin_reference,12,35,0.6908397483673141,0.7140384982164527
integer_bin_reference,12,36,0.41694233293765226,0.9377800457548828
integer_bin_reference,12,37,0.04093519514832495,1.0123086522733176
integer_bin_reference,12,38,-0.35800897618485567,0.8893848797938305
integer_bin_reference,12,39,-0.7240020282811972,0.6770127931197218
integer_bin_reference,12,40,-0.9066095808240422,0.42908482486697325
integer_bin_reference,12,41,-1.044745277779769,-0.021021291112261465
integer_bin_reference,12,42,-0.8962821153204908,-0.36930983062882206
integer_bin_reference,12,43,-0.7448908500775308,-0.6877765974452227
integer_bin_reference,12,44,-0.36492798315634384,-0.9071632249019422
integer_bin_reference,12,45,0.03550169789285977,-1.0420380050185893
integer_bin_reference,12,46,0.4212591744014386,-0.9653180739232075
integer_bin_reference,12,47,0.6549300912607807,-0.6748199962209396
integer_bin_reference,12,48,0.9451406196740468,-0.4086007899580431
integer_bin_reference,12,49,1.0403733346214188,-0.05485293436088627
integer_bin_reference,12,50,0.9117956405171,0.41112394985697825
integer_bin_reference,12,51,0.7435147501982329,0.7392474335388004
integer_bin_reference,12,52,0.3660303410781258,0.8897150247731572
integer_bin_reference,12,53,-0.03510904129644902,0.995141729903529
integer_bin_reference,12,54,-0.3248661737299419,0.9460904916920375
integer_bin_reference,12,55,-0.7058711317510556,0.6941970791110318
integer_bin_reference,12,56,-0.9291988382597057,0.3695500035448195
integer_bin_reference,12,57,-0.9750723511727867,0.02382893294928386
integer_bin_reference,12,58,-0.9108268361328041,-0.41008251803500023
integer_bin_reference,12,59,-0.6676634905699111,-0.6867721074462638
integer_bin_reference,12,60,-0.4125882480812766,-0.9140407945813844
integer_bin_reference,12,61,0.0775166287213452,-1.0100715015189912
integer_bin_reference,12,62,0.40326911517624897,-0.9775681484757264
integer_bin_reference,12,63,0.7184695773813524,-0.727068623172872
integer_bin_reference,12,64,0.9641913485428038,-0.38571141525194824
integer_bin_reference,12,65,0.9430412460515951,0.04070721472343466
integer_bin_reference,12,66,0.8924289873701833,0.37234593634248986
integer_bin_reference,12,67,0.7298820615196975,0.7484788778007327
integer_bin_reference,12,68,0.36694350219402455,0.9345001681825075
integer_bin_reference,12,69,0.012901606465589521,0.9784538387270818
integer_bin_reference,12,70,-0.32028486788789734,0.9383658520388984
integer_bin_reference,12,71,-0.7133785095340534,0.694608099017103
integer_bin_reference,12,72,-0.9067804476573408,0.3183408793917677
integer_bin_reference,12,73,-1.0088581611893377,-0.018265848372423867
integer_bin_reference,12,74,-0.9769480699548961,-0.3681802083875136
integer_bin_reference,12,75,-0.6963023209675471,-0.7344322798701527
integer_bin_reference,12,76,-0.37260712710362875,-0.8824510394535299
integer_bin_reference,12,77,-0.0559307616581704,-0.9967316596041708
integer_bin_reference,12,78,0.4215672437363716,-0.9016977408643528
integer_bin_reference,12,79,0.7253272160927368,-0.7293837160768276
integer_bin_reference,12,80,0.935246089289407,-0.35620013400002587
integer_bin_reference,12,81,1.0104206096391704,-0.003715364809398097
integer_bin_reference,12,82,0.8749252317140932,0.3512960541615714
integer_bin_reference,12,83,0.7287755615709611,0.6948146398307059
integer_bin_reference,12,84,0.37220540065711305,0.8679999502499195
integer_bin_reference,12,85,0.04258672212897119,1.0149225172189675
integer_bin_reference,12,86,-0.41391464613503276,0.9113610522977039
integer_bin_reference,12,87,-0.6834416710013088,0.7227212098708483
integer_bin_reference,12,88,-0.8958183464515188,0.3843209773407205
integer_bin_reference,12,89,-0.9825007878175781,0.0002842325078560578
integer_bin_reference,12,90,-0.8684644750334336,-0.43009594187126426
integer_bin_reference,12,91,-0.6902117376893351,-0.6845790413419007
integer_bin_reference,12,92,-0.3910415359962629,-0.9529303288280557
integer_bin_reference,12,93,0.0031669330336938878,-1.011165671195059
integer_bin_reference,12,94,0.3473948562111588,-0.9001307203177328
integer_bin_reference,12,95,0.7611838394643796,-0.7040685046053946
integer_bin_reference,12,96,0.9322042447609006,-0.3688065307705144
integer_bin_reference,12,97,0.9585404379536309,0.02286636598724796
integer_bin_reference,12,98,0.9307413337110342,0.3365975545687621
integer_bin_reference,12,99,0.6839847330318073,0.6567241782263545
integer_bin_reference,12,100,0.44528415521451137,0.887445362142208
integer_bin_reference,12,101,0.00025242231177960553,1.0171674444898382
integer_bin_reference,12,102,-0.3793419184271075,0.9064938444160404
integer_bin_reference,12,103,-0.6826460315095387,0.6817329519871138
integer_bin_reference,12,104,-0.9307529805449358,0.3890630589672432
integer_bin_reference,12,105,-0.9917328925496626,0.013863921622257074
integer_bin_reference,12,106,-0.9535875842408454,-0.3670251535181743
integer_bin_reference,12,107,-0.7054904996227024,-0.7243056093131247
integer_bin_reference,12,108,-0.39585277390496604,-0.9002233936800219
integer_bin_reference,12,109,-0.04550732342639784,-1.0314297983030136
integer_bin_reference,12,110,0.36784334412108255,-0.9533268979272427
integer_bin_reference,12,111,0.7531152457227177,-0.6517216412801758
integer_bin_reference,12,112,0.9238432150318548,-0.38473328814090035
integer_bin_reference,12,113,0.9954290083555756,0.023667314570799767
integer_bin_reference,12,114,0.9034963482789127,0.3838921632314552
integer_bin_reference,12,115,0.6861749481155077,0.687716627670093
integer_bin_reference,12,116,0.3426174593819377,1.0044766392698912
integer_bin_reference,12,117,-0.018247791361597005,0.9776277648377748
integer_bin_reference,12,118,-0.4305330998420587,0.9152412288096582
integer_bin_reference,12,119,-0.6501016720890082,0.6973858283574234
integer_bin_reference,12,120,-0.8773803351244013,0.4134312295616723
integer_bin_reference,12,121,-0.9658806284740836,0.05306751442182574
integer_bin_reference,12,122,-0.9554469501024634,-0.3853569132507124
integer_bin_reference,12,123,-0.7179716268188241,-0.6456145772304002
integer_bin_reference,12,124,-0.374163965910118,-0.9220987616308778
integer_bin_reference,12,125,0.00275193714896327,-0.946294998115729
integer_bin_reference,12,126,0.3949766021298073,-0.8927052870362487
integer_bin_reference,12,127,0.6856885123481137,-0.691793980218106
integer_bin_reference,13,0,0.9701552564678974,0.09377318484123616
integer_bin_reference,13,1,0.8804088376986086,0.5014810232112487
integer_bin_reference,13,2,0.66624319295443,0.804870361500454
integer_bin_reference,13,3,0.3123506631216632,0.9487004257172158
integer_bin_reference,13,4,-0.10394687925629907,1.011357576421479
integer_bin_reference,13,5,-0.4304481469215002,0.7988581433110957
integer_bin_reference,13,6,-0.7993995061040782,0.6520222878229283
integer_bin_reference,13,7,-0.9812880610418935,0.294307110052979
integer_bin_reference,13,8,-0.991288638404411,-0.14347538426758782
integer_bin_reference,13,9,-0.8771770269211555,-0.442377607808451
integer_bin_reference,13,10,-0.6172161824180855,-0.8287443511086606
integer_bin_reference,13,11,-0.224364010146265,-1.0216718355622705
integer_bin_reference,13,12,0.14316449896996375,-0.9358640678624388
integer_bin_reference,13,13,0.42307406650162915,-0.8943815383194227
integer_bin_reference,13,14,0.747162106929057,-0.659781026463378
integer_bin_reference,13,15,0.9552749008583766,-0.28764274657798494
integer_bin_reference,13,16,0.9782096702048326,0.11327745553975388
integer_bin_reference,13,17,0.88863545018941,0.49689921293020867
integer_bin_reference,13,18,0.6449169136243657,0.7693311560047175
integer_bin_reference,13,19,0.32672295973185017,0.9459620323839402
integer_bin_reference,13,20,-0.1389385483054338,0.9950655625921356
integer_bin_reference,13,21,-0.47357675133238886,0.8910265517081571
integer_bin_reference,13,22,-0.8390676602885557,0.673800627838519
integer_bin_reference,13,23,-1.0274050617181962,0.27737291862924607
integer_bin_reference,13,24,-1.0161598897676474,-0.09607060149217225
integer_bin_reference,13,25,-0.8831382245659124,-0.4700777757580712
integer_bin_reference,13,26,-0.646771693069765,-0.7867645201048414
integer_bin_reference,13,27,-0.33944764948184714,-0.9732488316451658
integer_bin_reference,13,28,0.14177145737736513,-1.0312272200719166
integer_bin_reference,13,29,0.45543416360321304,-0.8799802670919493
integer_bin_reference,13,30,0.7411562252470146,-0.62927877755817
integer_bin_reference,13,31,0.9353441607148744,-0.26357007881905586
integer_bin_reference,13,32,1.0535168840772233,0.075807949041502
integer_bin_reference,13,33,0.9119134779045874,0.45046681091108964
integer_bin_reference,13,34,0.5805648992427747,0.7855338388215769
integer_bin_reference,13,35,0.2896473924589823,0.9673815890708665
integer_bin_reference,13,36,-0.09410077913433168,0.9821829239752263
integer_bin_reference,13,37,-0.48013038504141786,0.9321273455914342
integer_bin_reference,13,38,-0.7327427305733485,0.670820447681449
integer_bin_reference,13,39,-0.9644770997276091,0.2614188199653659
integer_bin_reference,13,40,-1.047158028155089,-0.0915944983888969
integer_bin_reference,13,41,-0.8811424748327967,-0.4563658471610493
integer_bin_reference,13,42,-0.5902177336930696,-0.7681230609224386
integer_bin_reference,13,43,-0.2778490655811671,-0.9631596254137683
integer_bin_reference,13,44,0.14544533872960458,-1.037433525651026
integer_bin_reference,13,45,0.5615063841137722,-0.8922107354476856
integer_bin_reference,13,46,0.8004287970220653,-0.6400199529890557
integer_bin_reference,13,47,0.9370283868920875,-0.31114641283664135
integer_bin_reference,13,48,0.9947350064326654,0.07864877563346859
integer_bin_reference,13,49,0.9037772993389342,0.4799094021735898
integer_bin_reference,13,50,0.6516488942183798,0.7371976769537729
integer_bin_reference,13,51,0.3372650715667208,0.9305892388879667
integer_bin_reference,13,52,-0.1121897780720928,1.006065972461056
integer_bin_reference,13,53,-0.4308754967245529,0.8402345872991623
integer_bin_reference,13,54,-0.7423244836500604,0.6446063386957974
integer_bin_reference,13,55,-0.9407131018904322,0.2669329426940385
integer_bin_reference,13,56,-1.0236631257978663,-0.08506635294993259
integer_bin_reference,13,57,-0.8423181669259435,-0.4724887629096981
integer_bin_reference,13,58,-0.5877667957614223,-0.7882569871678924
integer_bin_reference,13,59,-0.3282368496564997,-0.9331223626783444
integer_bin_reference,13,60,0.10624036216843262,-1.0362430980642987
integer_bin_reference,13,61,0.49965003938281544,-0.9116541824615373
integer_bin_reference,13,62,0.766930705253779,-0.6373101674646787
integer_bin_reference,13,63,1.008024503596059,-0.27290921492437353
integer_bin_reference,13,64,1.018304228499661,0.093497020912522
integer_bin_reference,13,65,0.8730383039756694,0.43747347130126457
integer_bin_reference,13,66,0.5917668926577037,0.7421414533434286
integer_bin_reference,13,67,0.31553862871654476,0.9995480335119941
integer_bin_reference,13,68,-0.07937973465643347,0.9881462436914191
integer_bin_reference,13,69,-0.47057495228211366,0.8361381928761278
integer_bin_reference,13,70,-0.795295214986406,0.5902840429931233
integer_bin_reference,13,71,-0.9797871870903703,0.3182109647645809
integer_bin_reference,13,72,-0.9743218900780184,-0.07826037128375693
integer_bin_reference,13,73,-0.849089798995009,-0.45116840748747633
integer_bin_reference,13,74,-0.6532668948439324,-0.7728562818963787
integer_bin_reference,13,75,-0.33980280922559675,-0.9673950806387625
integer_bin_reference,13,76,0.07301468361753222,-0.9541772647492196
integer_bin_reference,13,77,0.5041174053004054,-0.8394207883383631
integer_bin_reference,13,78,0.7973546073020076,-0.583312908081536
integer_bin_reference,13,79,0.9637594477094935,-0.37146998022609506
integer_bin_reference,13,80,0.9934846018172764,0.06626356609380069
integer_bin_reference,13,81,0.8470347723938362,0.4438408128458237
integer_bin_reference,13,82,0.6748720725912161,0.7934943107904312
integer_bin_reference,13,83,0.3280969919814127,0.9272141709993111
integer_bin_reference,13,84,-0.1330816171599298,1.0284050233453856
integer_bin_reference,13,85,-0.411056188270205,0.8821130998612728
integer_bin_reference,13,86,-0.7998593708326591,0.6302173150207202
integer_bin_reference,13,87,-0.9290533572052118,0.31514985179037225
integer_bin_reference,13,88,-0.9498197740186657,-0.11655131752654783
integer_bin_reference,13,89,-0.9191479645042242,-0.4756153330200975
integer_bin_reference,13,90,-0.6577778163541435,-0.7965449143193294
integer_bin_reference,13,91,-0.3218116477684592,-0.9661349524883625
integer_bin_reference,13,92,0.1548970540993663,-1.0402026603050016
integer_bin_reference,13,93,0.471431430328162,-0.8680498225762885
integer_bin_reference,13,94,0.8131894837891407,-0.5854545144298655
integer_bin_reference,13,95,0.9348187616326936,-0.28223561024888366
integer_bin_reference,13,96,0.975049883884885,0.14929109584935174
integer_bin_reference,13,97,0.879219714128956,0.4795999492995233
integer_bin_reference,13,98,0.5768349884928805,0.7890046249789227
integer_bin_reference,13,99,0.26613223675513076,1.0014174615061067
integer_bin_reference,13,100,-0.05761666653038637,0.9434776658200872
integer_bin_reference,13,101,-0.4275952953678752,0.9248713292577029
integer_bin_reference,13,102,-0.7390524106923201,0.6801035902655176
integer_bin_reference,13,103,-0.9518168890951195,0.28513130432370054
integer_bin_reference,13,104,-0.9894370855744776,-0.1699960597433236
integer_bin_reference,13,105,-0.8722326314325406,-0.4543644678379311
integer_bin_reference,13,106,-0.6438765020336825,-0.7889851056213738
integer_bin_reference,13,107,-0.31077573360098437,-0.9131111104760263
integer_bin_reference,13,108,0.023332492956234227,-1.0135185413949028
integer_bin_reference,13,109,0.43716689717022184,-0.9460926162792497
integer_bin_reference,13,110,0.7658699105316382,-0.6467910972450408
integer_bin_reference,13,111,0.9776169873793563,-0.278333060603479
integer_bin_reference,13,112,1.0111101590090315,0.03910227008865901
integer_bin_reference,13,113,0.9223399613391502,0.47634316241417135
integer_bin_reference,13,114,0.6317073856012064,0.7510185614845902
integer_bin_reference,13,115,0.3319464362787081,0.8899647287809246
integer_bin_reference,13,116,-0.0685114236197964,1.0138275995031274
integer_bin_reference,13,117,-0.4770614495181509,0.8039823077970061
integer_bin_reference,13,118,-0.7365200947503066,0.6390528330175862
integer_bin_reference,13,119,-0.9368925935608903,0.3079547204325958
integer_bin_reference,13,120,-1.0470317097167552,-0.08686837758580443
integer_bin_reference,13,121,-0.8603205681934528,-0.49686622843022893
integer_bin_reference,13,122,-0.6404692483550987,-0.7631011086309166
integer_bin_reference,13,123,-0.32045260296574263,-0.9771304479023758
integer_bin_reference,13,124,0.0680044343583948,-0.981766720752873
integer_bin_reference,13,125,0.4292529810269079,-0.9128523673357702
integer_bin_reference,13,126,0.7880125110883236,-0.6670782011658551
integer_bin_reference,13,127,0.9811662369673335,-0.29621696381699947
integer_bin_reference,14,0,0.7876266830805844,0.6064112418297788
integer_bin_reference,14,1,0.5595405263084089,0.8345654561178211
integer_bin_reference,14,2,0.18361069224621598,0.9370981383102077
integer_bin_reference,14,3,-0.20929290102394568,0.9476173834364116
integer_bin_reference,14,4,-0.5225774262214893,0.8277024751571229
integer_bin_reference,14,5,-0.7827233693839086,0.5491372686186288
integer_bin_reference,14,6,-0.9847323308041228,0.15800850811614625
integer_bin_reference,14,7,-0.9420504381558776,-0.1840465634401294
integer_bin_reference,14,8,-0.8208394583748392,-0.6013162081942014
integer_bin_reference,14,9,-0.5468459436736545,-0.820864862624383
integer_bin_reference,14,10,-0.18048883697644047,-1.0540132305221361
integer_bin_reference,14,11,0.17004088439285772,-0.9855292218781786
integer_bin_reference,14,12,0.55404597107931,-0.8199843329610105
integer_bin_reference,14,13,0.817616096790085,-0.5859550243945558
integer_bin_reference,14,14,0.9856238592066874,-0.17748027104105132
integer_bin_reference,14,15,1.0069815379610367,0.21705071432548617
integer_bin_reference,14,16,0.8578603266468012,0.5888866773659669
integer_bin_reference,14,17,0.5314881966075786,0.8298110255292603
integer_bin_reference,14,18,0.157203222822496,0.9976459248527446
integer_bin_reference,14,19,-0.18362666924091267,0.9585475268921698
integer_bin_reference,14,20,-0.6012569244470605,0.8093699500361681
integer_bin_reference,14,21,-0.8296686473294401,0.5614061966853141
integer_bin_reference,14,22,-0.9707216190623434,0.20412562259009137
integer_bin_reference,14,23,-1.0102029216306712,-0.2554851324982344
integer_bin_reference,14,24,-0.8107002891316669,-0.5374064853618868
integer_bin_reference,14,25,-0.5108883695185262,-0.850974239731164
integer_bin_reference,14,26,-0.19085148198645352,-0.9584418766393407
integer_bin_reference,14,27,0.1876783188114858,-0.9466043518781768
integer_bin_reference,14,28,0.5472809977188864,-0.8285790445764374
integer_bin_reference,14,29,0.8021443649508946,-0.5257372600436926
integer_bin_reference,14,30,1.004854621121722,-0.14480553339626112
integer_bin_reference,14,31,0.9813690127650037,0.18602280817390626
integer_bin_reference,14,32,0.7968191045113979,0.5415001312925543
integer_bin_reference,14,33,0.5889658420244487,0.8041450791906006
integer_bin_reference,14,34,0.18175692750048414,1.003557869515891
integer_bin_reference,14,35,-0.16695159436471135,1.0619948146947786
integer_bin_reference,14,36,-0.5005546118931671,0.8310472037077993
integer_bin_reference,14,37,-0.8664491957885221,0.5654627862467048
integer_bin_reference,14,38,-0.9629891966437162,0.18357136852061953
integer_bin_reference,14,39,-0.9983681987177868,-0.1810981829235882
integer_bin_reference,14,40,-0.8202625108889747,-0.5631904946337903
integer_bin_reference,14,41,-0.5233024382187961,-0.8341080674731612
integer_bin_reference,14,42,-0.20485243671364453,-0.963514900414594
integer_bin_reference,14,43,0.19909161128146274,-1.0005403991084307
integer_bin_reference,14,44,0.545697534608949,-0.8673284843153294
integer_bin_reference,14,45,0.8286377291321491,-0.6151071665568788
integer_bin_reference,14,46,0.9925877005423845,-0.22676999998869032
integer_bin_reference,14,47,0.9919543842389565,0.18064375592896587
integer_bin_reference,14,48,0.85364514458155,0.563325121112635
integer_bin_reference,14,49,0.5739900511927676,0.8060542644839529
integer_bin_reference,14,50,0.20851200327211336,0.9713553644386623
integer_bin_reference,14,51,-0.21900213148705697,0.9637449392249111
integer_bin_reference,14,52,-0.520779421766194,0.8287124788526783
integer_bin_reference,14,53,-0.8497552835402512,0.5748001784318143
integer_bin_reference,14,54,-0.9299777725579585,0.23500117748390176
integer_bin_reference,14,55,-0.9787785838937543,-0.2064536208341399
integer_bin_reference,14,56,-0.82455584635147,-0.5084744403426864
integer_bin_reference,14,57,-0.5441687235570433,-0.7921757221734225
integer_bin_reference,14,58,-0.1833322744977648,-0.9024116035191908
integer_bin_reference,14,59,0.21447920223381117,-0.9988525232190695
integer_bin_reference,14,60,0.5643484210745464,-0.8770529147740492
integer_bin_reference,14,61,0.8586615169882236,-0.5124956092795531
integer_bin_reference,14,62,1.0160274793725441,-0.20244637418436123
integer_bin_reference,14,63,0.9502330523655114,0.17849013174091966
integer_bin_reference,14,64,0.8561602806644373,0.5997479921390874
integer_bin_reference,14,65,0.5683383976757622,0.820382067353519
integer_bin_reference,14,66,0.19740231798880792,0.9687464140409534
integer_bin_reference,14,67,-0.15622362129437728,1.03272381948744
integer_bin_reference,14,68,-0.5259434013028775,0.810769381967303
integer_bin_reference,14,69,-0.8765984675207225,0.5379726495410377
integer_bin_reference,14,70,-0.9815983435930327,0.21756482938645755
integer_bin_reference,14,71,-0.9610515816702382,-0.2127656217763015
integer_bin_reference,14,72,-0.8521400587609201,-0.5585764445562068
integer_bin_reference,14,73,-0.5898823919316488,-0.85206467547202
integer_bin_reference,14,74,-0.14669399024572566,-0.9907181635015911
integer_bin_reference,14,75,0.18799163354347467,-0.9710387531148602
integer_bin_reference,14,76,0.5943568308103842,-0.7968345525257126
integer_bin_reference,14,77,0.8871776270488697,-0.5296681496693812
integer_bin_reference,14,78,0.959191584353015,-0.14908797850572506
integer_bin_reference,14,79,1.0087001688331805,0.2149137932651785
integer_bin_reference,14,80,0.8299982856231792,0.5398750116652038
integer_bin_reference,14,81,0.576007421228584,0.8106544872261197
integer_bin_reference,14,82,0.1886668245722575,0.979636951604483
integer_bin_reference,14,83,-0.23001188261056438,1.0128616311202963
integer_bin_reference,14,84,-0.5441925911943204,0.8465321008115368
integer_bin_reference,14,85,-0.8590818693571843,0.6051282407672091
integer_bin_reference,14,86,-0.9358088396027591,0.21494283724839525
integer_bin_reference,14,87,-0.9053580510909905,-0.19314447834353657
integer_bin_reference,14,88,-0.8508649837475377,-0.6058052196436783
integer_bin_reference,14,89,-0.5690865593751421,-0.8196251535743381
integer_bin_reference,14,90,-0.2049928315402689,-0.9901063846964856
integer_bin_reference,14,91,0.24373577237432337,-1.0386037561515682
integer_bin_reference,14,92,0.5274991692881534,-0.7874093491184017
integer_bin_reference,14,93,0.8213246507081354,-0.5808490582394628
integer_bin_reference,14,94,1.0152813541778796,-0.18215350202398195
integer_bin_reference,14,95,0.9438443250417696,0.21317287547557268
integer_bin_reference,14,96,0.7926983906320093,0.5344030311924084
integer_bin_reference,14,97,0.5678250734490534,0.7671265523752138
integer_bin_reference,14,98,0.2301215397348501,1.0137528565380405
integer_bin_reference,14,99,-0.18221559712438995,0.9920123514814121
integer_bin_reference,14,100,-0.5277224270243657,0.8202936979416907
integer_bin_reference,14,101,-0.8789089765898175,0.5779728893705486
integer_bin_reference,14,102,-1.0277517390730566,0.1673504218883512
integer_bin_reference,14,103,-0.977794418284277,-0.20469755399479092
integer_bin_reference,14,104,-0.8217269969009648,-0.6054504284537929
integer_bin_reference,14,105,-0.5193089038069946,-0.7763362207060587
integer_bin_reference,14,106,-0.20063208562505064,-0.97964750785159
integer_bin_reference,14,107,0.21184810046732205,-0.9993237839572752
integer_bin_reference,14,108,0.5589971667259601,-0.8560738562201192
integer_bin_reference,14,109,0.8785298528274935,-0.5905047084581172
integer_bin_reference,14,110,0.9760365386072359,-0.23041434399207794
integer_bin_reference,14,111,0.9723090870213927,0.16882118782602443
integer_bin_reference,14,112,0.8599735906536581,0.5606607347463223
integer_bin_reference,14,113,0.5256979627606455,0.859039504362979
integer_bin_reference,14,114,0.2207019414591915,0.9650083031296247
integer_bin_reference,14,115,-0.16689208633790184,0.9851519283232621
integer_bin_reference,14,116,-0.5523946005857631,0.8336800505430264
integer_bin_reference,14,117,-0.8155196377309046,0.539110720935698
integer_bin_reference,14,118,-0.9928043765769999,0.15424594703418518
integer_bin_reference,14,119,-0.9935027812893615,-0.15671495241419617
integer_bin_reference,14,120,-0.813873375516487,-0.5069805081397478
integer_bin_reference,14,121,-0.5234167248619328,-0.7953635648540884
integer_bin_reference,14,122,-0.1763331576569762,-0.9391154043923864
integer_bin_reference,14,123,0.22385043375063488,-0.969515847704912
integer_bin_reference,14,124,0.567779291040627,-0.8676668640824718
integer_bin_reference,14,125,0.8394217375501141,-0.5345402010761519
integer_bin_reference,14,126,0.9945166110632223,-0.20262021448315223
integer_bin_reference,14,127,0.9563126566925138,0.1836957602322381
integer_bin_reference,15,0,0.4452779250627912,0.8770833758317351
integer_bin_reference,15,1,0.14287990429372457,1.0065610587557763
integer_bin_reference,15,2,-0.2954073358503668,0.9221228275469768
integer_bin_reference,15,3,-0.6446538892493664,0.7893496478603713
integer_bin_reference,15,4,-0.8927606732010157,0.4447091684520847
integer_bin_reference,15,5,-1.0018116553125482,0.11723763194439038
integer_bin_reference,15,6,-0.9867624339793217,-0.28412931090677235
integer_bin_reference,15,7,-0.7665408313115863,-0.6859430800782842
integer_bin_reference,15,8,-0.5171753676899724,-0.8710795929586417
integer_bin_reference,15,9,-0.10540209088379354,-0.9559996038137055
integer_bin_reference,15,10,0.30821264135036364,-0.9678158829055842
integer_bin_reference,15,11,0.6567402231951509,-0.7754446718679151
integer_bin_reference,15,12,0.8658224110054152,-0.45098398819382896
integer_bin_reference,15,13,0.9571967754327636,-0.1717145676297358
integer_bin_reference,15,14,0.9427941843898879,0.3471610617002636
integer_bin_reference,15,15,0.7487349501492934,0.6227364346119226
integer_bin_reference,15,16,0.43251344181735113,0.8674725691616889
integer_bin_reference,15,17,0.08206784223341705,0.9477061337546437
integer_bin_reference,15,18,-0.24802450342785518,0.9933962969607809
integer_bin_reference,15,19,-0.6796772462885987,0.7574728303385357
integer_bin_reference,15,20,-0.8834793335204707,0.45786214822450655
integer_bin_reference,15,21,-1.0416953779111005,0.08738204939053493
integer_bin_reference,15,22,-0.9566723060579181,-0.23651435973285506
integer_bin_reference,15,23,-0.7850976856593782,-0.5631827554427443
integer_bin_reference,15,24,-0.4043146608009673,-0.906779374391091
integer_bin_reference,15,25,-0.09743093587630706,-1.005482276832185
integer_bin_reference,15,26,0.3263590669961541,-0.9622601064401168
integer_bin_reference,15,27,0.6505007667674408,-0.7785292288405524
integer_bin_reference,15,28,0.8677921304447181,-0.5128123439963267
integer_bin_reference,15,29,0.9765468396278468,-0.09892645819953232
integer_bin_reference,15,30,1.0125940347996443,0.2986489242014131
integer_bin_reference,15,31,0.7446335629931532,0.6585709277845132
integer_bin_reference,15,32,0.47923547372851094,0.8876625192172007
integer_bin_reference,15,33,0.10221864871735135,0.9442526869846747
integer_bin_reference,15,34,-0.3891597499866541,0.9825741087480332
integer_bin_reference,15,35,-0.649513879758992,0.7457178565693243
integer_bin_reference,15,36,-0.892215740196929,0.5310234210139773
integer_bin_reference,15,37,-1.014352162750836,0.1309269079809432
integer_bin_reference,15,38,-0.9508831287391888,-0.3115589328577465
integer_bin_reference,15,39,-0.7742615912683384,-0.646844641390894
integer_bin_reference,15,40,-0.5245001764142948,-0.8395186212743413
integer_bin_reference,15,41,-0.06005152669189607,-1.0029738923142297
integer_bin_reference,15,42,0.3369115770279017,-0.9993708908885078
integer_bin_reference,15,43,0.6389581564805595,-0.7859761297789842
integer_bin_reference,15,44,0.8830817187832709,-0.49186008318562086
integer_bin_reference,15,45,1.0245947200053909,-0.08154678179998133
integer_bin_reference,15,46,0.9590951348658332,0.3171225501068826
integer_bin_reference,15,47,0.7052969983965188,0.6146836082294753
integer_bin_reference,15,48,0.4823111953083287,0.8987904893069929
integer_bin_reference,15,49,0.10455183849069216,0.9377212396486776
integer_bin_reference,15,50,-0.29312912419559567,0.9678898699861442
integer_bin_reference,15,51,-0.6280612220300438,0.7895087634141121
integer_bin_reference,15,52,-0.8782866494653114,0.47877713686970746
integer_bin_reference,15,53,-1.0296649947972156,0.07194213358761423
integer_bin_reference,15,54,-0.9612928982715181,-0.2858690813001726
integer_bin_reference,15,55,-0.770609042220509,-0.6320736352634153
integer_bin_reference,15,56,-0.48048477427443315,-0.8611581774035469
integer_bin_reference,15,57,-0.1468271222411044,-0.9983922236476885
integer_bin_reference,15,58,0.2929982925672499,-1.0377471612770601
integer_bin_reference,15,59,0.5906668085732864,-0.7661977912197839
integer_bin_reference,15,60,0.880190115805884,-0.4515199731811746
integer_bin_reference,15,61,0.977790942546608,-0.061465859379939675
integer_bin_reference,15,62,0.9743701161505735,0.25040722195021836
integer_bin_reference,15,63,0.815425598230612,0.641577326467848
integer_bin_reference,15,64,0.48602174455187164,0.8535738424663892
integer_bin_reference,15,65,0.08522099991405002,1.0147968098431837
integer_bin_reference,15,66,-0.29398005584899545,0.9667227853673808
integer_bin_reference,15,67,-0.7223307229491418,0.7268913571941763
integer_bin_reference,15,68,-0.8397971439100061,0.45978389483573057
integer_bin_reference,15,69,-0.9839653061122577,0.13465808679071115
integer_bin_reference,15,70,-0.9805617956767524,-0.29907769074493534
integer_bin_reference,15,71,-0.7715299249147888,-0.6913505472222464
integer_bin_reference,15,72,-0.4967743050664805,-0.8484460884313382
integer_bin_reference,15,73,-0.07454243233896891,-1.070834305077274
integer_bin_reference,15,74,0.2924931011189745,-0.9287385071625242
integer_bin_reference,15,75,0.6140388160050368,-0.7784371224357266
integer_bin_reference,15,76,0.9030885365828686,-0.47220702556325184
integer_bin_reference,15,77,0.9931304265861058,-0.05160638075857109
integer_bin_reference,15,78,0.970732156956772,0.2623539690752668
integer_bin_reference,15,79,0.8068742170132778,0.620781792840417
integer_bin_reference,15,80,0.45640302637122127,0.9734315590937824
integer_bin_reference,15,81,0.127404050925284,1.0274727938507822
integer_bin_reference,15,82,-0.3325580967439395,0.9227565705478455
integer_bin_reference,15,83,-0.6563750460128246,0.7989414197370996
integer_bin_reference,15,84,-0.9033674968986154,0.4520590990704962
integer_bin_reference,15,85,-1.0149750482978184,0.09210660443567703
integer_bin_reference,15,86,-0.9306023826631068,-0.2718804315005726
integer_bin_reference,15,87,-0.7930912708906864,-0.6442709442016005
integer_bin_reference,15,88,-0.46928076248138345,-0.9017947549582191
integer_bin_reference,15,89,-0.09038526895485238,-0.9863928065886364
integer_bin_reference,15,90,0.2391117262095061,-0.9529547016056857
integer_bin_reference,15,91,0.577018956381754,-0.7693050934615915
integer_bin_reference,15,92,0.9305601152935692,-0.5144687183181412
integer_bin_reference,15,93,1.068994943974504,-0.0723550810462947
integer_bin_reference,15,94,0.9251110318335773,0.29687968224196776
integer_bin_reference,15,95,0.7963962402352908,0.6345140876278623
integer_bin_reference,15,96,0.487619877839537,0.947933555670044
integer_bin_reference,15,97,0.13430381007686193,1.0316423024103412
integer_bin_reference,15,98,-0.28853815028099067,0.9241477221646331
integer_bin_reference,15,99,-0.6648705458748839,0.7492197555781613
integer_bin_reference,15,100,-0.8736206134391951,0.44742241558274315
integer_bin_reference,15,101,-0.9945686729194742,0.1159152896181059
integer_bin_reference,15,102,-0.9902777595080369,-0.2682560671242994
integer_bin_reference,15,103,-0.8195591398135573,-0.6472930658609017
integer_bin_reference,15,104,-0.5672069175249957,-0.8912031677169129
integer_bin_reference,15,105,-0.07753295089683884,-0.9487779897931276
integer_bin_reference,15,106,0.33073293157498657,-1.008009004365075
integer_bin_reference,15,107,0.6605430073524056,-0.7929028433934961
integer_bin_reference,15,108,0.870254101798601,-0.44921549347282025
integer_bin_reference,15,109,0.9524575332031593,-0.16246054215001757
integer_bin_reference,15,110,0.9854144946987187,0.2629243789553247
integer_bin_reference,15,111,0.7919401746779031,0.6124898305284829
integer_bin_reference,15,112,0.41921558437075074,0.8546973773287926
integer_bin_reference,15,113,0.13561258985954266,1.0062843491236815
integer_bin_reference,15,114,-0.3270868073655391,0.9320542430419749
integer_bin_reference,15,115,-0.6243657491816569,0.7672764181923548
integer_bin_reference,15,116,-0.910347507719232,0.4694748654393972
integer_bin_reference,15,117,-1.00235943636828,0.07138205244569958
integer_bin_reference,15,118,-0.940026700391508,-0.2889661483277007
integer_bin_reference,15,119,-0.7752837734147503,-0.5991398704079053
integer_bin_reference,15,120,-0.4312968384375873,-0.8796958708265411
integer_bin_reference,15,121,-0.08572150775180545,-1.0551549677639762
integer_bin_reference,15,122,0.2566279646001388,-0.9612448617799467
integer_bin_reference,15,123,0.5938700524728924,-0.7559101080349623
integer_bin_reference,15,124,0.9123958341631552,-0.49326210604592846
integer_bin_reference,15,125,0.9753322025794081,-0.1067773071305133
integer_bin_reference,15,126,0.9410220878673831,0.28944316549472227
integer_bin_reference,15,127,0.7252268721897678,0.5989031215850869
integer_bin_reference,16,0,-0.027057307779427428,0.9875378315069746
integer_bin_reference,16,1,-0.3557116222116491,0.8845937877459291
integer_bin_reference,16,2,-0.7317100240056942,0.7052378935317458
integer_bin_reference,16,3,-0.9601280426970544,0.3962006902366468
integer_bin_reference,16,4,-1.0259427021550025,-0.023348392290360512
integer_bin_reference,16,5,-0.9453900519076883,-0.3798780256788195
integer_bin_reference,16,6,-0.7178516090510781,-0.7012820057094801
integer_bin_reference,16,7,-0.35506839124503903,-0.9070918367769543
integer_bin_reference,16,8,-0.021541319309122328,-1.0157931883460258
integer_bin_reference,16,9,0.3852964468004016,-0.9127066027525154
integer_bin_reference,16,10,0.733321246138876,-0.6835373622067262
integer_bin_reference,16,11,0.9317188536052607,-0.38972483622425
integer_bin_reference,16,12,0.9884941273497693,0.041466715701235
integer_bin_reference,16,13,0.9192318483005534,0.31812768748128195
integer_bin_reference,16,14,0.6962959534958041,0.6721402251280912
integer_bin_reference,16,15,0.39758024363066424,0.9549295370859617
integer_bin_reference,16,16,0.010664135006712774,1.0483594247047343
integer_bin_reference,16,17,-0.43633909320278363,0.8759673226052376
integer_bin_reference,16,18,-0.6810264004833878,0.6611608939773889
integer_bin_reference,16,19,-0.9551376262101262,0.41301073862691967
integer_bin_reference,16,20,-0.9655502450560219,0.032245382924451775
integer_bin_reference,16,21,-0.9092535158119692,-0.36282411954192545
integer_bin_reference,16,22,-0.6974643865631065,-0.7187618666103615
integer_bin_reference,16,23,-0.35318929741001737,-0.9571739972256308
integer_bin_reference,16,24,0.018751037590208325,-0.9735133545840167
integer_bin_reference,16,25,0.3808785214228803,-0.926178422308841
integer_bin_reference,16,26,0.6713964524154239,-0.7034739980725371
integer_bin_reference,16,27,0.914926406011938,-0.3756491391886567
integer_bin_reference,16,28,1.023199970213049,-0.022927955924733314
integer_bin_reference,16,29,0.8843436299019909,0.3756760706789274
integer_bin_reference,16,30,0.6784291235054021,0.717941335679094
integer_bin_reference,16,31,0.37486832180704643,0.8914014024163994
integer_bin_reference,16,32,0.0051695678382933305,0.9306438446593319
integer_bin_reference,16,33,-0.39220490354561044,0.8755621588205837
integer_bin_reference,16,34,-0.6525451315038195,0.7094077119704983
integer_bin_reference,16,35,-0.9240043581960359,0.41185834926976017
integer_bin_reference,16,36,-0.9929946850914256,-0.045839568193152734
integer_bin_reference,16,37,-0.9292417786780517,-0.40133633803629626
integer_bin_reference,16,38,-0.7371455997979021,-0.7613983845664759
integer_bin_reference,16,39,-0.43056626129723163,-0.9507627337212284
integer_bin_reference,16,40,0.011235065667079564,-1.0107879965526239
integer_bin_reference,16,41,0.31340204958477813,-0.9106733516822988
integer_bin_reference,16,42,0.7150707930204375,-0.7018939672236914
integer_bin_reference,16,43,0.9282615441174464,-0.4012723403707833
integer_bin_reference,16,44,0.9928302784799579,0.005263223229158869
integer_bin_reference,16,45,0.9570840745384931,0.4080519060004487
integer_bin_reference,16,46,0.6794449657605984,0.6530881693981878
integer_bin_reference,16,47,0.3589344306884197,0.875897216675636
integer_bin_reference,16,48,-0.05571493106115923,1.0432975813029501
integer_bin_reference,16,49,-0.45177887766440533,0.9730249442948226
integer_bin_reference,16,50,-0.7292671143742572,0.7010794398440219
integer_bin_reference,16,51,-1.0250872034291758,0.4196654356653347
integer_bin_reference,16,52,-0.9984378230112574,-0.011757253231041823
integer_bin_reference,16,53,-0.9881240299739307,-0.37990198910433737
integer_bin_reference,16,54,-0.7016493878927308,-0.7232449009838045
integer_bin_reference,16,55,-0.3671597936160541,-0.9871572655609201
integer_bin_reference,16,56,0.005251733751055268,-1.02083673367631
integer_bin_reference,16,57,0.3727936680367256,-0.9072732426916781
integer_bin_reference,16,58,0.723384395892638,-0.6511332320956809
integer_bin_reference,16,59,0.9418976084288992,-0.39526450556306736
integer_bin_reference,16,60,1.0442258802410431,-0.011612229701231564
integer_bin_reference,16,61,0.9385732079856494,0.4055246625011602
integer_bin_reference,16,62,0.6895316479518981,0.7220569341298029
integer_bin_reference,16,63,0.4067714707691574,0.9312840957674052
integer_bin_reference,16,64,0.08771520344319556,1.0339711749817284
integer_bin_reference,16,65,-0.40087795100851087,0.9248024812880178
integer_bin_reference,16,66,-0.7325799579913763,0.6897467938064967
integer_bin_reference,16,67,-0.9152206989133362,0.3720840444607889
integer_bin_reference,16,68,-0.9457730120604834,0.06802861163937228
integer_bin_reference,16,69,-0.9397273415521706,-0.38535898925912004
integer_bin_reference,16,70,-0.7209069067828985,-0.6969101218232425
integer_bin_reference,16,71,-0.4234705700310859,-0.9356153172158294
integer_bin_reference,16,72,0.035720537290321125,-1.0113797331045375
integer_bin_reference,16,73,0.4064139743051187,-0.9303374047016421
integer_bin_reference,16,74,0.7018853646231215,-0.7123283423665158
integer_bin_reference,16,75,0.9170408161731668,-0.3642544604797162
integer_bin_reference,16,76,1.0587887669623683,-0.006659549694717219
integer_bin_reference,16,77,0.9345501725119726,0.3598358829786584
integer_bin_reference,16,78,0.7427600890707177,0.7205858684410716
integer_bin_reference,16,79,0.39678613825891984,0.8995894934520987
integer_bin_reference,16,80,0.036858991181134816,1.0078417933115191
integer_bin_reference,16,81,-0.39537562045407904,0.8861510906943103
integer_bin_reference,16,82,-0.661938939963699,0.712432706435696
integer_bin_reference,16,83,-0.9072958497236976,0.37131240211387884
integer_bin_reference,16,84,-1.0377377553963794,0.008153503039753146
integer_bin_reference,16,85,-0.8967827079141112,-0.3912684726183282
integer_bin_reference,16,86,-0.7387820830950188,-0.6303938836392943
integer_bin_reference,16,87,-0.3824540165971291,-0.8791179367001491
integer_bin_reference,16,88,0.030351703288743682,-1.030926209135328
integer_bin_reference,16,89,0.3269588070618529,-0.9006775951628158
integer_bin_reference,16,90,0.6837884456872207,-0.7288909553259486
integer_bin_reference,16,91,0.9345209121973419,-0.33096942970875365
integer_bin_reference,16,92,1.0147126501583184,0.008248709118447453
integer_bin_reference,16,93,0.9442550402654214,0.3481442481383393
integer_bin_reference,16,94,0.7452126063223499,0.6792035855320937
integer_bin_reference,16,95,0.3691213564002729,0.9627635887654086
integer_bin_reference,16,96,-0.03485143627533411,0.9795965295540303
integer_bin_reference,16,97,-0.36969111049424835,0.924694352818103
integer_bin_reference,16,98,-0.6901453833057846,0.6667174697685802
integer_bin_reference,16,99,-0.9419263762074653,0.4010749791841786
integer_bin_reference,16,100,-1.0195618953547203,0.006516294520123171
integer_bin_reference,16,101,-0.8889654105632859,-0.379077391895935
integer_bin_reference,16,102,-0.7414708052795805,-0.6815928065718544
integer_bin_reference,16,103,-0.42038074746366494,-0.889898930944359
integer_bin_reference,16,104,-0.021028916780670676,-0.9877325284421119
integer_bin_reference,16,105,0.37424153383036485,-0.9491422846609481
integer_bin_reference,16,106,0.711427667593183,-0.6954888810984788
integer_bin_reference,16,107,0.9337469981365573,-0.40241287012250593
integer_bin_reference,16,108,0.9874231113839081,0.009160489844240881
integer_bin_reference,16,109,0.9566699305168566,0.4056010495696576
integer_bin_reference,16,110,0.7161652368416755,0.7447604420465427
integer_bin_reference,16,111,0.330536358043244,0.8977954518772499
integer_bin_reference,16,112,-0.030898479112652102,0.9935298346191461
integer_bin_reference,16,113,-0.38049511941423314,0.8832724080543116
integer_bin_reference,16,114,-0.6794106283113897,0.70657456168415
integer_bin_reference,16,115,-0.9276174080215523,0.4613351786230507
integer_bin_reference,16,116,-1.00567412757824,-0.01887705231249156
integer_bin_reference,16,117,-0.9449024879156013,-0.36627166413081547
integer_bin_reference,16,118,-0.7334196534941619,-0.7030822193459225
integer_bin_reference,16,119,-0.34747884890221425,-0.8962365194008977
integer_bin_reference,16,120,-0.03180694675993747,-0.9722852007962843
integer_bin_reference,16,121,0.45223766682852595,-0.8914305678365637
integer_bin_reference,16,122,0.7314402693552716,-0.7085921042007851
integer_bin_reference,16,123,0.8819338075645938,-0.37766683596903156
integer_bin_reference,16,124,1.017946339790276,-0.007077884094301466
integer_bin_reference,16,125,0.9749112785347896,0.4159131860942104
integer_bin_reference,16,126,0.7068416480765403,0.7190828991046042
integer_bin_reference,16,127,0.41665287665092354,0.9542864932394264
integer_bin_reference,17,0,-0.4135655951659398,0.8811075308391603
integer_bin_reference,17,1,-0.7799684695537386,0.6063765400226817
integer_bin_reference,17,2,-0.9386749777824352,0.30113709068457734
integer_bin_reference,17,3,-1.0408849229802686,-0.08843387009629768
integer_bin_reference,17,4,-0.8835508046132412,-0.4867678321445388
integer_bin_reference,17,5,-0.656205425413865,-0.7513621518352045
integer_bin_reference,17,6,-0.3300179907266688,-0.9548795689434431
integer_bin_reference,17,7,0.12494147707161209,-1.0252199361970442
integer_bin_reference,17,8,0.43113164123115144,-0.9022713070261812
integer_bin_reference,17,9,0.7976628107033188,-0.5501494559354518
integer_bin_reference,17,10,0.9322256691799454,-0.2911063352648388
integer_bin_reference,17,11,0.9788894422187563,0.09759662441727421
integer_bin_reference,17,12,0.9043435008191154,0.44564518277615733
integer_bin_reference,17,13,0.5909639217933411,0.8107247729522217
integer_bin_reference,17,14,0.2723031983135223,0.9195000703871162
integer_bin_reference,17,15,-0.04205840563663702,0.9818051780149614
integer_bin_reference,17,16,-0.4590864809429845,0.8807112554087297
integer_bin_reference,17,17,-0.7841959748274893,0.646593484775883
integer_bin_reference,17,18,-0.9935750192782004,0.27400545118590763
integer_bin_reference,17,19,-1.0171325415733112,-0.07389490075287161
integer_bin_reference,17,20,-0.9016805016610022,-0.4378694069386452
integer_bin_reference,17,21,-0.6211019444762682,-0.7960034312717004
integer_bin_reference,17,22,-0.2748357862637471,-0.9661121809867653
integer_bin_reference,17,23,0.14840170807967695,-0.9686370171317865
integer_bin_reference,17,24,0.45705422632933784,-0.8734206047936883
integer_bin_reference,17,25,0.8024443852207266,-0.666042517916163
integer_bin_reference,17,26,0.9790287365998523,-0.20826402376633363
integer_bin_reference,17,27,1.0576085230123604,0.12775039196934607
integer_bin_reference,17,28,0.893680034790619,0.49230988671183107
integer_bin_reference,17,29,0.6423611401068553,0.7466633782304795
integer_bin_reference,17,30,0.2781024456663827,0.9302637188029016
integer_bin_reference,17,31,-0.08296827763405953,0.9826000302768213
integer_bin_reference,17,32,-0.4540413831073249,0.893129973239136
integer_bin_reference,17,33,-0.7652509317716705,0.6046814926931758
integer_bin_reference,17,34,-1.0289009779667753,0.32255455790908116
integer_bin_reference,17,35,-0.9954622548469697,-0.003907060271403667
integer_bin_reference,17,36,-0.8955638301795422,-0.5060193456054957
integer_bin_reference,17,37,-0.6434708892899489,-0.7825938503345767
integer_bin_reference,17,38,-0.27265892313150236,-0.9308717464473386
integer_bin_reference,17,39,0.02225515020182782,-0.9784018646522377
integer_bin_reference,17,40,0.4553134334771293,-0.8424356544127886
integer_bin_reference,17,41,0.75501740585831,-0.6143057788865226
integer_bin_reference,17,42,0.9836699936943988,-0.2692683916425892
integer_bin_reference,17,43,0.9962575003164196,0.12156465782612129
integer_bin_reference,17,44,0.8832955601963768,0.523522925413172
integer_bin_reference,17,45,0.5992149466607456,0.7661368390499135
integer_bin_reference,17,46,0.24999271360227454,0.9993078083287498
integer_bin_reference,17,47,-0.0714730191188979,1.002718953331657
integer_bin_reference,17,48,-0.41695505229780794,0.9290052788614984
integer_bin_reference,17,49,-0.797299036626233,0.6296981377122327
integer_bin_reference,17,50,-0.9010751041836921,0.2594351768227481
integer_bin_reference,17,51,-0.9911803509552664,-0.11099052093387404
integer_bin_reference,17,52,-0.8795633958298152,-0.458506217611609
integer_bin_reference,17,53,-0.6490894611762513,-0.7602375472907112
integer_bin_reference,17,54,-0.24361526285807852,-1.0100720906654328
integer_bin_reference,17,55,0.11919561040282993,-1.0272951122053804
integer_bin_reference,17,56,0.4534232087559821,-0.8965283416654091
integer_bin_reference,17,57,0.7944690509313526,-0.636190581233407
integer_bin_reference,17,58,0.9811472353446049,-0.23367117423873585
integer_bin_reference,17,59,1.0222891297897378,0.07297066549531053
integer_bin_reference,17,60,0.8760532689158592,0.5018678664693269
integer_bin_reference,17,61,0.6261050268354486,0.783096465276647
integer_bin_reference,17,62,0.34651091414709473,0.9207437050242046
integer_bin_reference,17,63,-0.0950296944390218,0.9645517647446311
integer_bin_reference,17,64,-0.5336252871749119,0.9222846242645346
integer_bin_reference,17,65,-0.7968135408041751,0.6527807889077476
integer_bin_reference,17,66,-0.9268383495399184,0.32389127238657145
integer_bin_reference,17,67,-0.9842130334904445,-0.07155159382773955
integer_bin_reference,17,68,-0.8234780954510511,-0.46438917163150084
integer_bin_reference,17,69,-0.6044077595748297,-0.7684288133638959
integer_bin_reference,17,70,-0.29620012238184923,-0.959889452895597
integer_bin_reference,17,71,0.10675781219164363,-0.9645839326411453
integer_bin_reference,17,72,0.4966771617174943,-0.8492887863598024
integer_bin_reference,17,73,0.7756527315250203,-0.6315021232369586
integer_bin_reference,17,74,0.9697364575226476,-0.23778399249031573
integer_bin_reference,17,75,0.9978117892575905,0.04934369367888896
integer_bin_reference,17,76,0.8694763666713798,0.5125449608351635
integer_bin_reference,17,77,0.6177138492519308,0.8055103005092055
integer_bin_reference,17,78,0.30918098867522265,0.9226509575651752
integer_bin_reference,17,79,-0.126570093304364,0.9818477071576946
integer_bin_reference,17,80,-0.415256544880023,0.9198403712392469
integer_bin_reference,17,81,-0.7462719311790094,0.639060558859702
integer_bin_reference,17,82,-0.954725630316262,0.30892263545413706
integer_bin_reference,17,83,-0.966386308441945,-0.07341695381293042
integer_bin_reference,17,84,-0.9185246541508402,-0.4384612608319096
integer_bin_reference,17,85,-0.5890124601199177,-0.77690215568444
integer_bin_reference,17,86,-0.27882803119291966,-0.9620464889689407
integer_bin_reference,17,87,0.08183542192412441,-1.0050224242335049
integer_bin_reference,17,88,0.4594420520020341,-0.8442170877798657
integer_bin_reference,17,89,0.790769357873499,-0.6064885487365522
integer_bin_reference,17,90,0.9449274698443635,-0.34002339389415853
integer_bin_reference,17,91,0.9719112361450761,0.09678121997189712
integer_bin_reference,17,92,0.8536810976436833,0.4855188343570814
integer_bin_reference,17,93,0.6207532871614423,0.8114177637618174
integer_bin_reference,17,94,0.29484759958065204,0.9513133149647734
integer_bin_reference,17,95,-0.096833143365247,0.9724118323838435
integer_bin_reference,17,96,-0.5253848711817983,0.9022824189531878
integer_bin_reference,17,97,-0.8102394397395479,0.5988786466723897
integer_bin_reference,17,98,-0.9853139570421677,0.3067503072680515
integer_bin_reference,17,99,-1.003906045691581,-0.06723393014658924
integer_bin_reference,17,100,-0.8464788967671365,-0.5052618258655177
integer_bin_reference,17,101,-0.6541285811736083,-0.7271403403592063
integer_bin_reference,17,102,-0.2640500246693287,-0.9593528839541776
integer_bin_reference,17,103,0.13446675566251967,-0.9919920626129253
integer_bin_reference,17,104,0.47672410807189636,-0.9370334611780265
integer_bin_reference,17,105,0.8093894110239799,-0.5944024853801249
integer_bin_reference,17,106,0.9568916908252689,-0.2832410076546016
integer_bin_reference,17,107,1.0058319132832045,0.11633637657565682
integer_bin_reference,17,108,0.9099355540718106,0.49913154047200625
integer_bin_reference,17,109,0.619099915178384,0.7242405932501703
integer_bin_reference,17,110,0.26451326442395345,0.9901007148250635
integer_bin_reference,17,111,-0.13696232772618205,1.0107417575267121
integer_bin_reference,17,112,-0.45789677296807096,0.9100385523231433
integer_bin_reference,17,113,-0.7474262227773556,0.6059623834179609
integer_bin_reference,17,114,-0.9240895787078893,0.29151562033471734
integer_bin_reference,17,115,-1.0160505346618443,-0.11385612322094778
integer_bin_reference,17,116,-0.9374744919137724,-0.4889287732760725
integer_bin_reference,17,117,-0.6249888562861048,-0.7681454806811756
integer_bin_reference,17,118,-0.299162179374374,-0.9708935934432847
integer_bin_reference,17,119,0.11189036166500121,-0.9886688684654572
integer_bin_reference,17,120,0.5430190080935583,-0.8059336108196111
integer_bin_reference,17,121,0.7591001529080779,-0.6839662228326553
integer_bin_reference,17,122,0.9562072876935954,-0.28528590113465496
integer_bin_reference,17,123,0.9824443555945783,0.08675811187516405
integer_bin_reference,17,124,0.9181077401701532,0.4208960660989845
integer_bin_reference,17,125,0.6603553255914211,0.7320313929281587
integer_bin_reference,17,126,0.3072535355611437,0.9502396193775314
integer_bin_reference,17,127,-0.0926431380527811,0.9866406121335639
integer_bin_reference,18,0,-0.8505644838494048,0.5282239180135364
integer_bin_reference,18,1,-0.9307963914601399,0.18884502959068064
integer_bin_reference,18,2,-1.0089987689362143,-0.22246889461881628
integer_bin_reference,18,3,-0.8077828398324909,-0.48340783543160337
integer_bin_reference,18,4,-0.6353885568085583,-0.8850374079902386
integer_bin_reference,18,5,-0.22408271881123426,-0.9924288380853545
integer_bin_reference,18,6,0.15751562888547568,-0.9437188172740677
integer_bin_reference,18,7,0.5478235357908652,-0.8523425546065013
integer_bin_reference,18,8,0.8752553642319051,-0.5110541099239956
integer_bin_reference,18,9,0.9964869355636996,-0.2014877493609121
integer_bin_reference,18,10,1.028550099205085,0.1969966554728272
integer_bin_reference,18,11,0.843014189135722,0.5844917808594589
integer_bin_reference,18,12,0.5778408131580033,0.8707931692637073
integer_bin_reference,18,13,0.19754306468945745,0.9956826891568274
integer_bin_reference,18,14,-0.19088959752267348,0.972832402700549
integer_bin_reference,18,15,-0.568619121268657,0.8178473486263512
integer_bin_reference,18,16,-0.8505377023167131,0.5477458526529867
integer_bin_reference,18,17,-0.920552303360718,0.18236211616449402
integer_bin_reference,18,18,-1.0443351527656446,-0.1985245265360786
integer_bin_reference,18,19,-0.8256676403070006,-0.5851339515046897
integer_bin_reference,18,20,-0.5962636145729996,-0.788784890925278
integer_bin_reference,18,21,-0.20156550319821645,-0.9760482716875617
integer_bin_reference,18,22,0.2177232209658401,-1.0223226099153555
integer_bin_reference,18,23,0.5262692340888026,-0.8070624450007533
integer_bin_reference,18,24,0.7631755734152463,-0.6516426961850619
integer_bin_reference,18,25,0.9844672936098685,-0.20691773350833165
integer_bin_reference,18,26,0.9779530582964381,0.241989172771968
integer_bin_reference,18,27,0.8411233860450817,0.5731467346147727
integer_bin_reference,18,28,0.592419686750242,0.8027569472803231
integer_bin_reference,18,29,0.18272926403161144,0.9920981936621681
integer_bin_reference,18,30,-0.18277876857110703,0.9783647929401974
integer_bin_reference,18,31,-0.5390764652374532,0.8066558340428246
integer_bin_reference,18,32,-0.8664100506038589,0.5655057565687717
integer_bin_reference,18,33,-1.0406044485039234,0.2446673074696247
integer_bin_reference,18,34,-0.928351719750018,-0.20879296432869598
integer_bin_reference,18,35,-0.7674200967640086,-0.5434599638922527
integer_bin_reference,18,36,-0.6206470226633611,-0.854546341716897
integer_bin_reference,18,37,-0.20357114505680618,-0.9951190421391722
integer_bin_reference,18,38,0.21169500728902044,-0.959639981102979
integer_bin_reference,18,39,0.4887938424055881,-0.8398190445441331
integer_bin_reference,18,40,0.8267301270362584,-0.5533812150769998
integer_bin_reference,18,41,0.9485953980358035,-0.23624961072854533
integer_bin_reference,18,42,1.0017553955831904,0.18427898796000258
integer_bin_reference,18,43,0.836557298900074,0.5140742420889288
integer_bin_reference,18,44,0.5398291683812733,0.8404948357766944
integer_bin_reference,18,45,0.18031988628511647,0.945405286229036
integer_bin_reference,18,46,-0.19676883837126377,0.9575873010075541
integer_bin_reference,18,47,-0.48924935404733827,0.8521909066431446
integer_bin_reference,18,48,-0.8516838933983323,0.5708389022824951
integer_bin_reference,18,49,-0.9727313237891615,0.17925393822952906
integer_bin_reference,18,50,-0.9671724275198426,-0.14362922027002867
integer_bin_reference,18,51,-0.8004857014560368,-0.5650350147289094
integer_bin_reference,18,52,-0.5586092601626502,-0.8484015457071559
integer_bin_reference,18,53,-0.19547138378948994,-0.9838552860010202
integer_bin_reference,18,54,0.21652163457522577,-0.9378821047037534
integer_bin_reference,18,55,0.5558256542217798,-0.8122572376758518
integer_bin_reference,18,56,0.8397016852451489,-0.48879697653354004
integer_bin_reference,18,57,1.0085054416830725,-0.1970817670297651
integer_bin_reference,18,58,0.9789811118001212,0.25700594996303017
integer_bin_reference,18,59,0.8607711544967107,0.6070975925073323
integer_bin_reference,18,60,0.5521232745391215,0.8051464695919973
integer_bin_reference,18,61,0.23446052336541567,0.929476346496932
integer_bin_reference,18,62,-0.22302872754324168,0.9877018533678883
integer_bin_reference,18,63,-0.5540595473021892,0.8537787017589178
integer_bin_reference,18,64,-0.8169452456577876,0.6185360090497353
integer_bin_reference,18,65,-0.9384060744414593,0.2097614380160542
integer_bin_reference,18,66,-0.9365536018355775,-0.14148373712226292
integer_bin_reference,18,67,-0.8058938172151356,-0.5383414914598144
integer_bin_reference,18,68,-0.5713243997049098,-0.8269089075935849
integer_bin_reference,18,69,-0.17980634983558252,-0.9820295473176012
integer_bin_reference,18,70,0.2176551796993553,-0.9639486154800899
integer_bin_reference,18,71,0.48452937129959067,-0.8351729689345565
integer_bin_reference,18,72,0.8389578313314149,-0.568478340387448
integer_bin_reference,18,73,1.0356184257107435,-0.21796013330995584
integer_bin_reference,18,74,0.9732680584192474,0.18183965001677976
integer_bin_reference,18,75,0.8426423020928859,0.5674162537239426
integer_bin_reference,18,76,0.5276137069313583,0.8405752820678943
integer_bin_reference,18,77,0.1729230263157436,1.006310397617024
integer_bin_reference,18,78,-0.14914912939875477,1.0061476748366665
integer_bin_reference,18,79,-0.5475509676499917,0.853524278277656
integer_bin_reference,18,80,-0.8070447639742236,0.5370659567804202
integer_bin_reference,18,81,-0.9818095573599644,0.23601538266968727
integer_bin_reference,18,82,-1.028767734385106,-0.19411470290778804
integer_bin_reference,18,83,-0.8568250759084723,-0.5337230282345286
integer_bin_reference,18,84,-0.5390065604307696,-0.8233003104451689
integer_bin_reference,18,85,-0.18928181769702487,-0.9836388187869377
integer_bin_reference,18,86,0.1483464736215619,-0.9819742470249135
integer_bin_reference,18,87,0.5690935797226824,-0.8435242891621929
integer_bin_reference,18,88,0.8446721952222053,-0.5884888817595312
integer_bin_reference,18,89,0.9853697709557402,-0.1611673826085114
integer_bin_reference,18,90,1.0035562447000799,0.17870560084915235
integer_bin_reference,18,91,0.8603909283396385,0.5715354788093305
integer_bin_reference,18,92,0.5358926671080474,0.8387298425914126
integer_bin_reference,18,93,0.2035401260888193,0.9154344210307641
integer_bin_reference,18,94,-0.2579783909030152,0.940868768402574
integer_bin_reference,18,95,-0.5629314708991026,0.8237382383367221
integer_bin_reference,18,96,-0.8295820819668832,0.5588439687408618
integer_bin_reference,18,97,-0.9639283802451191,0.1688673413610113
integer_bin_reference,18,98,-0.9407134596850908,-0.20097492520964733
integer_bin_reference,18,99,-0.7971084912912035,-0.5741382131756163
integer_bin_reference,18,100,-0.6288368393823903,-0.8491934737184283
integer_bin_reference,18,101,-0.2797081603695569,-1.0073044084736997
integer_bin_reference,18,102,0.20445124112292148,-1.0147806292316297
integer_bin_reference,18,103,0.5412170245519671,-0.8167892987674213
integer_bin_reference,18,104,0.8107037343577068,-0.5726262418234646
integer_bin_reference,18,105,1.0180063996450484,-0.15619284290330393
integer_bin_reference,18,106,0.9442262705591347,0.12317699220258689
integer_bin_reference,18,107,0.8106018369343437,0.5014312381335079
integer_bin_reference,18,108,0.5714117443011769,0.8208196631781465
integer_bin_reference,18,109,0.24238284011874772,1.0149648976333854
integer_bin_reference,18,110,-0.18445558471652057,1.0108431416700687
integer_bin_reference,18,111,-0.5619752251392162,0.8418705698609696
integer_bin_reference,18,112,-0.8101616684015025,0.5562020155224642
integer_bin_reference,18,113,-0.9948981644591001,0.17894443535743795
integer_bin_reference,18,114,-0.9465463460225756,-0.24978328928017654
integer_bin_reference,18,115,-0.7631636166202218,-0.5690906445376254
integer_bin_reference,18,116,-0.5241040391599678,-0.8138934767942835
integer_bin_reference,18,117,-0.21340523350348187,-0.9722997102996416
integer_bin_reference,18,118,0.2200097956242175,-0.9873587724727598
integer_bin_reference,18,119,0.5754928692620143,-0.8381066437929257
integer_bin_reference,18,120,0.8220301836346269,-0.5831771657893414
integer_bin_reference,18,121,0.9781206851985235,-0.20108969265498042
integer_bin_reference,18,122,0.9742674452830014,0.20717959835266433
integer_bin_reference,18,123,0.8146757380186325,0.6041834407623922
integer_bin_reference,18,124,0.5400288164902357,0.8493924151100849
integer_bin_reference,18,125,0.167959486071989,0.9847148464267951
integer_bin_reference,18,126,-0.225367237612852,0.9806880906632778
integer_bin_reference,18,127,-0.5215448446354211,0.8400782125429157
integer_bin_reference,19,0,-1.0145612376740278,0.10546981057892951
integer_bin_reference,19,1,-0.9458603333683518,-0.33396856780952444
integer_bin_reference,19,2,-0.7378551723507825,-0.6747561441882258
integer_bin_reference,19,3,-0.42621826737886526,-0.8674514364890459
integer_bin_reference,19,4,-0.1239037149342258,-1.0330071614947882
integer_bin_reference,19,5,0.25997659015748437,-0.9726550889287038
integer_bin_reference,19,6,0.6226766431187417,-0.7644394021261436
integer_bin_reference,19,7,0.8763730158082503,-0.4954154890806436
integer_bin_reference,19,8,0.9853717078090568,-0.1519228980556727
integer_bin_reference,19,9,0.9727509584094496,0.29183778010223715
integer_bin_reference,19,10,0.7470684690938607,0.5797346360530375
integer_bin_reference,19,11,0.4684918067617756,0.8833759782987199
integer_bin_reference,19,12,0.07658783949396039,0.9494870739956579
integer_bin_reference,19,13,-0.314130377954407,0.9056243558495349
integer_bin_reference,19,14,-0.5761247618608231,0.7496306137293466
integer_bin_reference,19,15,-0.8424768990612553,0.5015274391184157
integer_bin_reference,19,16,-0.9613762375136662,0.043498152102840616
integer_bin_reference,19,17,-0.9592363695551286,-0.32898687379033803
integer_bin_reference,19,18,-0.7927435224601079,-0.6195144032752852
integer_bin_reference,19,19,-0.4809674453066933,-0.862124513379831
integer_bin_reference,19,20,-0.05803531527444786,-1.0076371919469667
integer_bin_reference,19,21,0.2610668987958548,-0.9425312900595691
integer_bin_reference,19,22,0.6924499301344821,-0.7976259775400735
integer_bin_reference,19,23,0.8408313563718394,-0.5164138841053107
integer_bin_reference,19,24,1.001132088264391,-0.061180868281979196
integer_bin_reference,19,25,0.9231668499852567,0.31452911029463737
integer_bin_reference,19,26,0.78825912371804,0.6205164857211549
integer_bin_reference,19,27,0.5164425609726592,0.9010707886167912
integer_bin_reference,19,28,0.09607631424909975,0.9970410290381747
integer_bin_reference,19,29,-0.3219449978481314,0.9571706151430711
integer_bin_reference,19,30,-0.6251715137789203,0.7770186448688338
integer_bin_reference,19,31,-0.9029147126439129,0.5090584200995574
integer_bin_reference,19,32,-1.005973659397243,0.10828295211327708
integer_bin_reference,19,33,-0.9673224649307348,-0.2567076991963018
integer_bin_reference,19,34,-0.7745484307253845,-0.6344312979963873
integer_bin_reference,19,35,-0.48968994996650594,-0.8362507793809985
integer_bin_reference,19,36,-0.08390285506713006,-1.0290550293859617
integer_bin_reference,19,37,0.2667027997831376,-0.9990651191540599
integer_bin_reference,19,38,0.5886163260329653,-0.7437818053172334
integer_bin_reference,19,39,0.8887130193190569,-0.46221055868917094
integer_bin_reference,19,40,1.0060494883773055,-0.06428849684309977
integer_bin_reference,19,41,0.9234896512764273,0.2971387589314547
integer_bin_reference,19,42,0.7741412904889833,0.6409142607968131
integer_bin_reference,19,43,0.48154145393410164,0.915783320372202
integer_bin_reference,19,44,0.09216262491425145,0.9928721846704808
integer_bin_reference,19,45,-0.2944093243284424,0.9629856008347215
integer_bin_reference,19,46,-0.6286996478264762,0.764714307402426
integer_bin_reference,19,47,-0.8800319088169705,0.48223147300384717
integer_bin_reference,19,48,-1.0462652491219255,0.10494400213234241
integer_bin_reference,19,49,-0.9760224485420436,-0.31469602804893027
integer_bin_reference,19,50,-0.7950393380459417,-0.6367346222732776
integer_bin_reference,19,51,-0.46975625730189147,-0.8960430553705614
integer_bin_reference,19,52,-0.04948547183759565,-1.0214441059202763
integer_bin_reference,19,53,0.33884207852921966,-0.9874766886978978
integer_bin_reference,19,54,0.59307289573905,-0.8010803320098032
integer_bin_reference,19,55,0.8962293717667148,-0.4613292382699935
integer_bin_reference,19,56,0.9697283617516517,-0.053957644664210914
integer_bin_reference,19,57,0.9165190385576469,0.2964283518572436
integer_bin_reference,19,58,0.7217455959426125,0.6128444027009713
integer_bin_reference,19,59,0.44317527242380284,0.8630695250406194
integer_bin_reference,19,60,0.0727152009770428,0.9670792665011004
integer_bin_reference,19,61,-0.28425790347164026,0.9049682266109037
integer_bin_reference,19,62,-0.5548500415135675,0.7669523947991488
integer_bin_reference,19,63,-0.9157382767371759,0.45162334452528013
integer_bin_reference,19,64,-1.0111539900987936,0.11739141991088516
integer_bin_reference,19,65,-0.990674090960959,-0.34790310689530074
integer_bin_reference,19,66,-0.7744273277790491,-0.6866659585953505
integer_bin_reference,19,67,-0.45420695431442093,-0.85432656287581
integer_bin_reference,19,68,-0.12345828494808689,-1.0237200918147455
integer_bin_reference,19,69,0.31771074618281636,-0.9262644656140916
integer_bin_reference,19,70,0.6250348795326273,-0.7852747660011962
integer_bin_reference,19,71,0.855833572906132,-0.45394848216155376
integer_bin_reference,19,72,0.9814013703348236,-0.07040936203637566
integer_bin_reference,19,73,0.9680193174526759,0.30468452567799476
integer_bin_reference,19,74,0.8017901927608311,0.6268761889716173
integer_bin_reference,19,75,0.48267614209259363,0.8561708605247558
integer_bin_reference,19,76,0.05133842263622034,0.9841166074052391
integer_bin_reference,19,77,-0.30066196847156634,0.997895672425178
integer_bin_reference,19,78,-0.6768793911705097,0.7633428663542224
integer_bin_reference,19,79,-0.8608405605652434,0.4792563397663018
integer_bin_reference,19,80,-0.9414740959298782,0.11014797432934056
integer_bin_reference,19,81,-0.9179971162537912,-0.30686980363099825
integer_bin_reference,19,82,-0.8087163705785864,-0.611303661377753
integer_bin_reference,19,83,-0.4518200467248195,-0.8424260314408686
integer_bin_reference,19,84,-0.1377501042670389,-1.0449951846020327
integer_bin_reference,19,85,0.30885050738643016,-0.9472464440224588
integer_bin_reference,19,86,0.6648776882671099,-0.7762651687444264
integer_bin_reference,19,87,0.9092531190476687,-0.46865940256060357
integer_bin_reference,19,88,0.9689621150855297,-0.12724129049726268
integer_bin_reference,19,89,0.9261677838525882,0.3132172299641395
integer_bin_reference,19,90,0.7712736334412446,0.5965661605742147
integer_bin_reference,19,91,0.4640028764627031,0.8743716505498504
integer_bin_reference,19,92,0.100986476475218,0.9602408307491641
integer_bin_reference,19,93,-0.28785917696915897,1.0155052826850721
integer_bin_reference,19,94,-0.6119524138870721,0.7998627346796502
integer_bin_reference,19,95,-0.88870231490212,0.47075580520921373
integer_bin_reference,19,96,-1.0208359588201372,0.13605043299993222
integer_bin_reference,19,97,-0.990842887326236,-0.3391520042047048
integer_bin_reference,19,98,-0.7625647735764619,-0.6716481649960426
integer_bin_reference,19,99,-0.4833458478113306,-0.9022610408494919
integer_bin_reference,19,100,-0.15087610623143,-1.0130120218133327
integer_bin_reference,19,101,0.27523889934652085,-0.9571698794787177
integer_bin_reference,19,102,0.6361021463053954,-0.7489365045644467
integer_bin_reference,19,103,0.8292834088987288,-0.503930467456344
integer_bin_reference,19,104,0.9737432703493042,-0.07806693697698464
integer_bin_reference,19,105,0.9339929612809879,0.3194130634139319
integer_bin_reference,19,106,0.7286878926723455,0.6372306263334804
integer_bin_reference,19,107,0.458054070361607,0.8595525474399971
integer_bin_reference,19,108,0.15891968527522676,0.9647688930629403
integer_bin_reference,19,109,-0.32452721352925595,0.9455201633605257
integer_bin_reference,19,110,-0.6598149109738538,0.7584017716880276
integer_bin_reference,19,111,-0.8594397834984288,0.4966113610542087
integer_bin_reference,19,112,-1.0597857730445694,0.09995809784129818
integer_bin_reference,19,113,-0.9650768183982253,-0.21883055528603879
integer_bin_reference,19,114,-0.7569514122696145,-0.6562912997435904
integer_bin_reference,19,115,-0.4297203633840564,-0.9231815390885966
integer_bin_reference,19,116,-0.14716102528869499,-0.9885236178557911
integer_bin_reference,19,117,0.2257309621883884,-0.9592883586200471
integer_bin_reference,19,118,0.6658719216450523,-0.7399605267910405
integer_bin_reference,19,119,0.8249409717959069,-0.46604881213328725
integer_bin_reference,19,120,1.0087956203893447,-0.06106040931764668
integer_bin_reference,19,121,0.9685540890068131,0.34370003019537687
integer_bin_reference,19,122,0.7867209153463338,0.6487807435494772
integer_bin_reference,19,123,0.4969959846233535,0.9193123968712286
integer_bin_reference,19,124,0.09851743105805642,1.0290176248033889
integer_bin_reference,19,125,-0.2781750690329805,0.9078101159668324
integer_bin_reference,19,126,-0.6034305510140904,0.7674217657357375
integer_bin_reference,19,127,-0.8754310779532113,0.4510943377866124
integer_bin_reference,20,0,-0.913738158638045,-0.3817088168196188
integer_bin_reference,20,1,-0.7482911059916049,-0.7329333140625446
integer_bin_reference,20,2,-0.35210040029877865,-0.8745070073057691
integer_bin_reference,20,3,-0.0343270217192881,-0.991956445902298
integer_bin_reference,20,4,0.34619690753465854,-0.9430162089885253
integer_bin_reference,20,5,0.7347031469251722,-0.7271219313637922
integer_bin_reference,20,6,0.9582024673432898,-0.3572407016590925
integer_bin_reference,20,7,0.9644426240551145,0.004046793926696087
integer_bin_reference,20,8,0.9194559065755054,0.3648673973051788
integer_bin_reference,20,9,0.695372202245844,0.7222475826355874
integer_bin_reference,20,10,0.37404117877709936,0.8758174101388368
integer_bin_reference,20,11,-0.010311330020363883,0.9976156705697264
integer_bin_reference,20,12,-0.4209372078504879,0.9885285266600061
integer_bin_reference,20,13,-0.7010185575346438,0.6345633286414261
integer_bin_reference,20,14,-0.9211706419280062,0.3396770382439885
integer_bin_reference,20,15,-0.995820221312635,-0.00721872485828454
integer_bin_reference,20,16,-0.9300612109476348,-0.4050657361933046
integer_bin_reference,20,17,-0.6677274178532419,-0.7121958844536196
integer_bin_reference,20,18,-0.37816613793922305,-0.9445901101943251
integer_bin_reference,20,19,-0.03237931914353908,-1.0543377071350533
integer_bin_reference,20,20,0.3761859848632151,-0.8990256420019286
integer_bin_reference,20,21,0.6657674238537075,-0.6769263519220405
integer_bin_reference,20,22,0.9612253392793914,-0.35328239165793074
integer_bin_reference,20,23,1.0462833691314721,0.03144526784030923
integer_bin_reference,20,24,0.9191000487135107,0.40821227420225825
integer_bin_reference,20,25,0.6914589260366958,0.7293973879008335
integer_bin_reference,20,26,0.38232915951832414,0.8580000321627433
integer_bin_reference,20,27,-0.020854719504722476,0.998236851347217
integer_bin_reference,20,28,-0.35070078184588677,0.8856441127020127
integer_bin_reference,20,29,-0.7228183066128779,0.7710676407370931
integer_bin_reference,20,30,-0.9130246615781589,0.4240916376299677
integer_bin_reference,20,31,-1.0556720080352018,0.03461157528357784
integer_bin_reference,20,32,-0.9281621017190458,-0.36691708834708786
integer_bin_reference,20,33,-0.7062664049001864,-0.7060644630521808
integer_bin_reference,20,34,-0.37677199318824794,-0.8739633033555705
integer_bin_reference,20,35,-0.00535443262561072,-1.0095066195850133
integer_bin_reference,20,36,0.37193268962405873,-0.9056055437051463
integer_bin_reference,20,37,0.7431659209311308,-0.6930425310369265
integer_bin_reference,20,38,0.9498940276597292,-0.33327013420723794
integer_bin_reference,20,39,1.0019686682032716,-0.008845837754337617
integer_bin_reference,20,40,0.9269729241072984,0.364220108609978
integer_bin_reference,20,41,0.6937623966282388,0.6888719058343201
integer_bin_reference,20,42,0.4315574832830279,0.9461517086979815
integer_bin_reference,20,43,-0.03425977757367079,1.006826417347692
integer_bin_reference,20,44,-0.3766537786945609,0.925655422884117
integer_bin_reference,20,45,-0.7020325932712848,0.6692394262357891
integer_bin_reference,20,46,-0.8923822700702684,0.33751992688094945
integer_bin_reference,20,47,-0.9716079162636034,0.06612960348850908
integer_bin_reference,20,48,-0.9412606089848139,-0.4210180246802774
integer_bin_reference,20,49,-0.6902093390282451,-0.7260978479752559
integer_bin_reference,20,50,-0.4031550645303389,-0.8825358688902885
integer_bin_reference,20,51,-0.019398812388368547,-0.9812613611349184
integer_bin_reference,20,52,0.34751361462658814,-0.9359964868032328
integer_bin_reference,20,53,0.7267058518467648,-0.6954741831798399
integer_bin_reference,20,54,0.8691328389217727,-0.38637400401186084
integer_bin_reference,20,55,1.0389459620129555,0.07298578810130762
integer_bin_reference,20,56,0.9687010653645097,0.362636043636686
integer_bin_reference,20,57,0.7188332001357093,0.7329612158222916
integer_bin_reference,20,58,0.40086047813520514,0.9153347978381091
integer_bin_reference,20,59,0.008136858439592594,1.0388388145490992
integer_bin_reference,20,60,-0.3563850779395729,0.9059813798160179
integer_bin_reference,20,61,-0.6643586098272835,0.7402022568645872
integer_bin_reference,20,62,-0.9462380250872507,0.34490129466132025
integer_bin_reference,20,63,-0.985700748459586,-0.02196370533054608
integer_bin_reference,20,64,-0.9212221561276014,-0.3623129327192447
integer_bin_reference,20,65,-0.7241895870358243,-0.7406042451807581
integer_bin_reference,20,66,-0.3859862714365349,-0.8902673133455671
integer_bin_reference,20,67,-0.006632514600087814,-1.0065224636827501
integer_bin_reference,20,68,0.400632675959402,-0.9576529666026249
integer_bin_reference,20,69,0.6955054615284384,-0.6327523911324154
integer_bin_reference,20,70,0.9609266412040973,-0.4205847774199765
integer_bin_reference,20,71,1.039483945169403,-0.017161195350713445
integer_bin_reference,20,72,0.9343350280524029,0.40496466690555644
integer_bin_reference,20,73,0.7108928579186611,0.7102318256270891
integer_bin_reference,20,74,0.3888093742460975,0.9460429134372598
integer_bin_reference,20,75,0.03878815020136226,0.9268119439723049
integer_bin_reference,20,76,-0.4203171247690924,0.8388556896720191
integer_bin_reference,20,77,-0.7158662598032901,0.6884797316761183
integer_bin_reference,20,78,-0.9489997865308769,0.3616188448717334
integer_bin_reference,20,79,-0.9835446568534049,-0.00039423012444824964
integer_bin_reference,20,80,-0.9013119141747573,-0.382098212659692
integer_bin_reference,20,81,-0.7110151774780236,-0.7306030127248521
integer_bin_reference,20,82,-0.4045053593924499,-0.9120008415424425
integer_bin_reference,20,83,0.020111750701651037,-1.0112423447598224
integer_bin_reference,20,84,0.3718495305226449,-0.9401654264167381
integer_bin_reference,20,85,0.7141262790767148,-0.6934648062898773
integer_bin_reference,20,86,0.994629315384206,-0.3962782900971671
integer_bin_reference,20,87,0.95668323750216,-0.005984670099410233
integer_bin_reference,20,88,0.9177494474499187,0.366715524475417
integer_bin_reference,20,89,0.6722901225349828,0.7040494132661562
integer_bin_reference,20,90,0.3855798745565034,0.9144855177785208
integer_bin_reference,20,91,0.022025737409331256,1.0037900684075023
integer_bin_reference,20,92,-0.40380998249753947,0.9430949838766732
integer_bin_reference,20,93,-0.669456964946311,0.7129867065139827
integer_bin_reference,20,94,-0.8843665131711349,0.3976419691621343
integer_bin_reference,20,95,-1.0010236638699836,-0.012789951117477143
integer_bin_reference,20,96,-0.9221633075382035,-0.3295758817771251
integer_bin_reference,20,97,-0.7094469307001549,-0.6993421968661534
integer_bin_reference,20,98,-0.4060648501961905,-0.9105495498611591
integer_bin_reference,20,99,0.041591020138559476,-0.9919975644583492
integer_bin_reference,20,100,0.3717862834537256,-0.9299603998307802
integer_bin_reference,20,101,0.765826569595838,-0.7203483623496316
integer_bin_reference,20,102,0.8227344227945175,-0.39393226004712445
integer_bin_reference,20,103,1.0236244490965636,0.007103828915025805
integer_bin_reference,20,104,0.9791077026192467,0.409612452828609
integer_bin_reference,20,105,0.691248620890064,0.7339416327508457
integer_bin_reference,20,106,0.3521104803422568,0.8493735228830732
integer_bin_reference,20,107,0.04882794664031131,0.9942777652252222
integer_bin_reference,20,108,-0.4287439568315685,0.9347000226750817
integer_bin_reference,20,109,-0.6894169192389943,0.755339533412376
integer_bin_reference,20,110,-0.915693819549422,0.36743630207449934
integer_bin_reference,20,111,-0.9761808307644037,-0.01823603422825698
integer_bin_reference,20,112,-0.8906816402905864,-0.3738456413357421
integer_bin_reference,20,113,-0.7277897802070081,-0.7008406705084167
integer_bin_reference,20,114,-0.33816233492944314,-0.9091981482985081
integer_bin_reference,20,115,0.0017161922802974641,-1.0616453328904114
integer_bin_reference,20,116,0.33578123373881086,-0.8909262570739422
integer_bin_reference,20,117,0.7155663564290408,-0.6285935135961774
integer_bin_reference,20,118,0.9446149030764144,-0.35909753550389645
integer_bin_reference,20,119,0.9830217100501585,-0.03132998625284856
integer_bin_reference,20,120,0.8963289048880236,0.34851200591438364
integer_bin_reference,20,121,0.6912447279699575,0.7083614312477726
integer_bin_reference,20,122,0.3948402920474879,0.9182480697255979
integer_bin_reference,20,123,0.0542843205588008,1.022764722132732
integer_bin_reference,20,124,-0.4064370113785357,0.9038046095589911
integer_bin_reference,20,125,-0.694914622372437,0.6795114585019526
integer_bin_reference,20,126,-0.9712166779490505,0.4324846251440875
integer_bin_reference,20,127,-0.9788153067239469,-0.06891387294664249
integer_bin_reference,21,0,-0.6308417158618956,-0.8593981433935522
integer_bin_reference,21,1,-0.28637380394211076,-0.9858146822816682
integer_bin_reference,21,2,0.04913641867848962,-1.0271306362680224
integer_bin_reference,21,3,0.46747985242508455,-0.8688538121088156
integer_bin_reference,21,4,0.7614832041618694,-0.592336752426493
integer_bin_reference,21,5,0.9349839188376847,-0.28538972859320144
integer_bin_reference,21,6,0.9672024256139963,0.116781483432535
integer_bin_reference,21,7,0.810397005680746,0.5591578758018334
integer_bin_reference,21,8,0.6358622701350042,0.7931542436417681
integer_bin_reference,21,9,0.3539501002029925,0.9521654194999775
integer_bin_reference,21,10,-0.07208324066046075,0.988206985395853
integer_bin_reference,21,11,-0.4377102911962667,0.9464929576546958
integer_bin_reference,21,12,-0.7364026407515009,0.6928347584824046
integer_bin_reference,21,13,-0.9933875011771299,0.2669726161052343
integer_bin_reference,21,14,-0.9718272925626046,-0.1537516358598982
integer_bin_reference,21,15,-0.8468548367322729,-0.4751292201792847
integer_bin_reference,21,16,-0.6346843265438644,-0.7703603849602932
integer_bin_reference,21,17,-0.30223607710213246,-0.9985845162107281
integer_bin_reference,21,18,0.07851937414295956,-0.9901971060888851
integer_bin_reference,21,19,0.45820734912832833,-0.88726327356311
integer_bin_reference,21,20,0.7816954028460529,-0.5958361757932845
integer_bin_reference,21,21,0.9530353693305362,-0.2905235887089404
integer_bin_reference,21,22,1.0312345228992539,0.1169020352399893
integer_bin_reference,21,23,0.8664597401058864,0.4765992044538827
integer_bin_reference,21,24,0.6208488236711539,0.7712937588739753
integer_bin_reference,21,25,0.3029833104849537,0.9372753779528007
integer_bin_reference,21,26,-0.07092392070365831,0.9728429305081048
integer_bin_reference,21,27,-0.44113311727016447,0.861961665096997
integer_bin_reference,21,28,-0.7581541195964734,0.6995828507148377
integer_bin_reference,21,29,-0.9898226102304805,0.2836855416385166
integer_bin_reference,21,30,-1.013962276352402,-0.1361563918642427
integer_bin_reference,21,31,-0.8767193972708492,-0.4514465224682025
integer_bin_reference,21,32,-0.6145992800992032,-0.7396993937640836
integer_bin_reference,21,33,-0.31874229442768454,-0.9276429046581711
integer_bin_reference,21,34,0.11157536924562157,-0.9425822920918604
integer_bin_reference,21,35,0.4322238801057415,-0.9023562041049491
integer_bin_reference,21,36,0.7944941782206345,-0.6464287711662763
integer_bin_reference,21,37,0.9471316788585482,-0.28236664498758546
integer_bin_reference,21,38,0.9997289113952735,0.11443837055333776
integer_bin_reference,21,39,0.8580285795311132,0.44571547986036386
integer_bin_reference,21,40,0.5987580667906504,0.786432231307707
integer_bin_reference,21,41,0.2862353864595277,0.9948271123075383
integer_bin_reference,21,42,-0.06605852107422622,0.985496157246875
integer_bin_reference,21,43,-0.49437783998778123,0.872531927239469
integer_bin_reference,21,44,-0.7135366333273409,0.6604281562062652
integer_bin_reference,21,45,-0.9501220862821086,0.3005285176181186
integer_bin_reference,21,46,-0.9631538404207596,-0.07317456434473028
integer_bin_reference,21,47,-0.91869480661927,-0.48319216280011773
integer_bin_reference,21,48,-0.642434725389756,-0.7469349108190064
integer_bin_reference,21,49,-0.32832843971929826,-0.968923958397327
integer_bin_reference,21,50,0.11077114878699276,-0.9499809915634605
integer_bin_reference,21,51,0.4726806174542735,-0.8937153224113927
integer_bin_reference,21,52,0.8234661624109973,-0.605404229567569
integer_bin_reference,21,53,1.0115081969888589,-0.2605691303676562
integer_bin_reference,21,54,0.971694713630981,0.14066599664846624
integer_bin_reference,21,55,0.8242863712745823,0.4748331806466055
integer_bin_reference,21,56,0.612351306152728,0.7935501742658835
integer_bin_reference,21,57,0.28885362273341103,0.9228510526642714
integer_bin_reference,21,58,-0.06249360089366731,0.9588484973020895
integer_bin_reference,21,59,-0.45102664481029353,0.8502615302679888
integer_bin_reference,21,60,-0.7430379268615617,0.6450939277295616
integer_bin_reference,21,61,-0.9547624503985883,0.3017386826488613
integer_bin_reference,21,62,-1.0305109344611887,-0.10048580035229936
integer_bin_reference,21,63,-0.8996257049451996,-0.4903247753359134
integer_bin_reference,21,64,-0.6448913011237563,-0.7886450668089402
integer_bin_reference,21,65,-0.2914148782191983,-0.9506855928508463
integer_bin_reference,21,66,0.10926780164937767,-1.0065862869668951
integer_bin_reference,21,67,0.47790592287350764,-0.853733847934743
integer_bin_reference,21,68,0.7498460291184965,-0.6690574651163802
integer_bin_reference,21,69,0.9809521482043762,-0.28214034026157747
integer_bin_reference,21,70,1.0127167424176766,0.11532749299612172
integer_bin_reference,21,71,0.8825770443764224,0.4545239784100629
integer_bin_reference,21,72,0.6721526055201452,0.7448665967049285
integer_bin_reference,21,73,0.2950409684463642,0.9821826385840656
integer_bin_reference,21,74,-0.09606932983193639,1.006932966636151
integer_bin_reference,21,75,-0.45881327242625014,0.9085182955943556
integer_bin_reference,21,76,-0.738200211502548,0.6354988958361761
integer_bin_reference,21,77,-0.9319851603918486,0.2806858362890199
integer_bin_reference,21,78,-1.0147146392584527,-0.09870746507496515
integer_bin_reference,21,79,-0.8673272005638324,-0.4695292613482875
integer_bin_reference,21,80,-0.6609645742944112,-0.8084530116296929
integer_bin_reference,21,81,-0.2569373624245187,-0.9087131298286882
integer_bin_reference,21,82,0.08712143133077749,-1.034203377761191
integer_bin_reference,21,83,0.5366140542400936,-0.9110359944997168
integer_bin_reference,21,84,0.7591146839852462,-0.6423117454811634
integer_bin_reference,21,85,0.9894482144422284,-0.2814012488749613
integer_bin_reference,21,86,0.9819712266569199,0.09783724656974925
integer_bin_reference,21,87,0.9030432163873371,0.4619026948641799
integer_bin_reference,21,88,0.6196943690498854,0.7529948999518616
integer_bin_reference,21,89,0.3211627449078949,1.0119948889419002
integer_bin_reference,21,90,-0.12020401541936074,1.0179880452044956
integer_bin_reference,21,91,-0.46130735326089545,0.8814532809080677
integer_bin_reference,21,92,-0.8020346290367434,0.6207776295257615
integer_bin_reference,21,93,-0.9604679636614173,0.3234294784702174
integer_bin_reference,21,94,-0.9752351588830738,-0.03334864027198167
integer_bin_reference,21,95,-0.9312489564642025,-0.4537815298679317
integer_bin_reference,21,96,-0.6344752563832147,-0.7779088375020183
integer_bin_reference,21,97,-0.29103990871394037,-0.9434848450432771
integer_bin_reference,21,98,0.09384719830592858,-0.9919540568163344
integer_bin_reference,21,99,0.5298802148632893,-0.8594990210333894
integer_bin_reference,21,100,0.7493192130640809,-0.6519094492696178
integer_bin_reference,21,101,0.9056343611770973,-0.34232159720842287
integer_bin_reference,21,102,0.979284524763724,0.12123764173513024
integer_bin_reference,21,103,0.9456831441394107,0.5033279997963936
integer_bin_reference,21,104,0.5842020525291534,0.7727909624198098
integer_bin_reference,21,105,0.267859112126773,0.967258089066089
integer_bin_reference,21,106,-0.1207884854618879,0.9829763737579073
integer_bin_reference,21,107,-0.4446291878632956,0.9116640644872145
integer_bin_reference,21,108,-0.8342265000011522,0.6624602083763456
integer_bin_reference,21,109,-0.9767931658606858,0.24864075499219346
integer_bin_reference,21,110,-1.0468303130651213,-0.13688371803607075
integer_bin_reference,21,111,-0.8899581497707635,-0.4715994238688476
integer_bin_reference,21,112,-0.6011692561978286,-0.7166929962901322
integer_bin_reference,21,113,-0.2681155551822716,-0.9760735586484081
integer_bin_reference,21,114,0.09601415446479307,-1.0223804063656101
integer_bin_reference,21,115,0.497976852851278,-0.8715892226793371
integer_bin_reference,21,116,0.701897031922529,-0.6599289240508934
integer_bin_reference,21,117,0.9886772507093723,-0.30642954179299
integer_bin_reference,21,118,0.9559405950397712,0.09089533747456273
integer_bin_reference,21,119,0.9029985149012411,0.4221577021211202
integer_bin_reference,21,120,0.6401993393626528,0.7461594864866343
integer_bin_reference,21,121,0.32089119972806784,0.962809414025374
integer_bin_reference,21,122,-0.09196778353852508,1.045088251772544
integer_bin_reference,21,123,-0.4780918500904781,0.8895815745922345
integer_bin_reference,21,124,-0.753542047980701,0.644106263357203
integer_bin_reference,21,125,-0.918984564643769,0.2994231820251236
integer_bin_reference,21,126,-0.9997405370394863,-0.06858899258118699
integer_bin_reference,21,127,-0.8986653796579183,-0.4776741520277291
integer_bin_reference,22,0,-0.2125988220806433,-0.9276085033293019
integer_bin_reference,22,1,0.18630699726649483,-0.9877038548270463
integer_bin_reference,22,2,0.5686774159688814,-0.8110717468514298
integer_bin_reference,22,3,0.8333086378832559,-0.5504539572388272
integer_bin_reference,22,4,0.8994060495053839,-0.20594161397523608
integer_bin_reference,22,5,1.0027326853623684,0.2278401503666991
integer_bin_reference,22,6,0.821724565109307,0.5068641160551108
integer_bin_reference,22,7,0.4907588228539959,0.8306026334515697
integer_bin_reference,22,8,0.21019013757442132,1.0002824637723178
integer_bin_reference,22,9,-0.22076520452480272,0.9973903847624098
integer_bin_reference,22,10,-0.5375657444712925,0.8010871252444651
integer_bin_reference,22,11,-0.8694772429563021,0.5274609690703782
integer_bin_reference,22,12,-1.054009197703014,0.20334746924639255
integer_bin_reference,22,13,-0.9945931973455897,-0.22114380744662876
integer_bin_reference,22,14,-0.8326084960728727,-0.56216170816601
integer_bin_reference,22,15,-0.5439587875575218,-0.8314747309397515
integer_bin_reference,22,16,-0.2216794697738966,-0.9933297377812507
integer_bin_reference,22,17,0.15645114517486203,-0.9929427408904385
integer_bin_reference,22,18,0.5623608928000334,-0.8231992510207297
integer_bin_reference,22,19,0.8285004454810879,-0.5720543649423562
integer_bin_reference,22,20,0.9269898436419811,-0.18021983810405667
integer_bin_reference,22,21,0.9625553782554828,0.2021910454808197
integer_bin_reference,22,22,0.8214859044498143,0.5462450101278425
integer_bin_reference,22,23,0.5617196828009682,0.8344954860875248
integer_bin_reference,22,24,0.23604537156388053,0.9441792309869805
integer_bin_reference,22,25,-0.16721627670284755,0.9985151425290804
integer_bin_reference,22,26,-0.5493529880029588,0.9028224735600598
integer_bin_reference,22,27,-0.8362213021632792,0.5566052911031649
integer_bin_reference,22,28,-1.0286720127685505,0.19186572331452315
integer_bin_reference,22,29,-1.0046113313705878,-0.22074234682730687
integer_bin_reference,22,30,-0.8518601657989964,-0.5788481009519324
integer_bin_reference,22,31,-0.5397736271521774,-0.8298142045939416
integer_bin_reference,22,32,-0.17682109738951104,-0.9377446962122711
integer_bin_reference,22,33,0.1735118997431503,-1.0498030743607887
integer_bin_reference,22,34,0.5253992125101019,-0.8250070284650362
integer_bin_reference,22,35,0.7986485405507285,-0.5164236999376832
integer_bin_reference,22,36,0.9851043888421106,-0.24391167002039707
integer_bin_reference,22,37,0.9822814201898931,0.23764608896377498
integer_bin_reference,22,38,0.8456111047193928,0.5784050066240032
integer_bin_reference,22,39,0.5727662449682045,0.8135476102931509
integer_bin_reference,22,40,0.19435807978735337,1.0315922064615834
integer_bin_reference,22,41,-0.21117627323995666,1.010271086944061
integer_bin_reference,22,42,-0.5436974737326135,0.8424166249171336
integer_bin_reference,22,43,-0.8313182455981667,0.5864220073477656
integer_bin_reference,22,44,-0.989357544301991,0.17592705074413745
integer_bin_reference,22,45,-1.004962542908517,-0.1631657897596692
integer_bin_reference,22,46,-0.8392747213328162,-0.5418896043783393
integer_bin_reference,22,47,-0.5905705883875537,-0.8434917577170133
integer_bin_reference,22,48,-0.17187394291205596,-1.0441654080572524
integer_bin_reference,22,49,0.18981082094379714,-0.9851145080856808
integer_bin_reference,22,50,0.5747089043270501,-0.8012305851301931
integer_bin_reference,22,51,0.8041238014414797,-0.5761189192490406
integer_bin_reference,22,52,0.9946016717279109,-0.15324201135471222
integer_bin_reference,22,53,1.0170326551984603,0.16963849772451833
integer_bin_reference,22,54,0.8096476289564858,0.5528643897172035
integer_bin_reference,22,55,0.5467106521019809,0.8153394792901969
integer_bin_reference,22,56,0.20652253329142173,0.8910551583131884
integer_bin_reference,22,57,-0.1829807027068253,0.9883244623833517
integer_bin_reference,22,58,-0.5424301634652166,0.7943275430792316
integer_bin_reference,22,59,-0.8387561278070703,0.6325085215867335
integer_bin_reference,22,60,-0.9639264559663814,0.1738849597871439
integer_bin_reference,22,61,-1.0434984391477602,-0.21170046857023414
integer_bin_reference,22,62,-0.849308131841274,-0.5259959623321614
integer_bin_reference,22,63,-0.511098424653126,-0.8540989917618474
integer_bin_reference,22,64,-0.19800887026761,-0.9148341782844468
integer_bin_reference,22,65,0.19960881431381078,-0.949457340614997
integer_bin_reference,22,66,0.4646192218539406,-0.8525739976008826
integer_bin_reference,22,67,0.8314283229228683,-0.5594986278488252
integer_bin_reference,22,68,1.0082844915023117,-0.2578764091446242
integer_bin_reference,22,69,0.9389847272157155,0.2219168087749759
integer_bin_reference,22,70,0.7991342847089594,0.5354244650456097
integer_bin_reference,22,71,0.5568530019870143,0.8767523313327887
integer_bin_reference,22,72,0.24328989495278114,0.9867985924773742
integer_bin_reference,22,73,-0.22312747522693313,0.9969601579341092
integer_bin_reference,22,74,-0.5810937867979707,0.8174175960690723
integer_bin_reference,22,75,-0.8307225659514368,0.5038154117981002
integer_bin_reference,22,76,-0.9894920725050781,0.1969438345264522
integer_bin_reference,22,77,-0.9498845122713554,-0.2027688827669523
integer_bin_reference,22,78,-0.84495889062163,-0.5640714732067102
integer_bin_reference,22,79,-0.5804621565162905,-0.8265893708964239
integer_bin_reference,22,80,-0.13598952553194063,-0.9684258400411989
integer_bin_reference,22,81,0.14783839169235666,-0.9981090471712242
integer_bin_reference,22,82,0.5796916942222958,-0.7946688354659729
integer_bin_reference,22,83,0.8192739350951461,-0.593065335599265
integer_bin_reference,22,84,0.9993073796507757,-0.18287799234491528
integer_bin_reference,22,85,0.98148000375767,0.25485566094060147
integer_bin_reference,22,86,0.8255720529204748,0.5612013099876085
integer_bin_reference,22,87,0.5851772891704472,0.8577111089489268
integer_bin_reference,22,88,0.17420520343100734,1.0489903346324836
integer_bin_reference,22,89,-0.1730881672579238,0.9954694560819162
integer_bin_reference,22,90,-0.49674528412842445,0.9053235180939857
integer_bin_reference,22,91,-0.8179465696137876,0.5718654430136321
integer_bin_reference,22,92,-0.9931929358539447,0.1690925983734414
integer_bin_reference,22,93,-1.0150652391599149,-0.2403142087574754
integer_bin_reference,22,94,-0.8115840358194717,-0.5444839649457976
integer_bin_reference,22,95,-0.5679981466486473,-0.8955152101385502
integer_bin_reference,22,96,-0.22315101925690092,-0.9483086001935246
integer_bin_reference,22,97,0.18932565756008046,-0.959713538249545
integer_bin_reference,22,98,0.557429485175028,-0.8175195119490324
integer_bin_reference,22,99,0.8276885374104465,-0.5974376249464707
integer_bin_reference,22,100,1.026319239620124,-0.2011899334821268
integer_bin_reference,22,101,0.9934906430043636,0.22854370466461665
integer_bin_reference,22,102,0.8428168525677644,0.53871667427213
integer_bin_reference,22,103,0.6171554749215855,0.8301391629934908
integer_bin_reference,22,104,0.16302871419772752,0.9861755778779667
integer_bin_reference,22,105,-0.20642171936821818,0.9827565275834476
integer_bin_reference,22,106,-0.590686428578341,0.8403992788697308
integer_bin_reference,22,107,-0.8098140834561145,0.6075167873880203
integer_bin_reference,22,108,-0.9881828180118497,0.1740896507467441
integer_bin_reference,22,109,-0.9150023003695674,-0.1904978902579036
integer_bin_reference,22,110,-0.8034160674268923,-0.5497652083915322
integer_bin_reference,22,111,-0.5434121649400633,-0.8329706170498593
integer_bin_reference,22,112,-0.2235128081436225,-1.0004291871768214
integer_bin_reference,22,113,0.2254887848895333,-0.9758237665681458
integer_bin_reference,22,114,0.5648251498387572,-0.8371801586276215
integer_bin_reference,22,115,0.8364384398708595,-0.5752051587879783
integer_bin_reference,22,116,0.9635654032674464,-0.19516789869973994
integer_bin_reference,22,117,0.9604767839410271,0.2228824599125086
integer_bin_reference,22,118,0.8733248349642823,0.5449669097699422
integer_bin_reference,22,119,0.5367530378034158,0.828105168152909
integer_bin_reference,22,120,0.24255803864817466,0.9843225623864402
integer_bin_reference,22,121,-0.2159378028895068,1.0437712803509611
integer_bin_reference,22,122,-0.5641260622255593,0.7929766764144164
integer_bin_reference,22,123,-0.840543190643122,0.5121632496703863
integer_bin_reference,22,124,-1.0219993422455773,0.15111433827257542
integer_bin_reference,22,125,-0.9520743628722759,-0.21488590075569108
integer_bin_reference,22,126,-0.7740467206728959,-0.5545714198911054
integer_bin_reference,22,127,-0.6263771346366845,-0.8581197514454745
integer_bin_reference,23,0,0.26329761703837035,-0.9684215953733066
integer_bin_reference,23,1,0.6541108554636793,-0.723064018782853
integer_bin_reference,23,2,0.8428335790684263,-0.44460061243421656
integer_bin_reference,23,3,1.0119562033988694,-0.12110291659567224
integer_bin_reference,23,4,0.9999242304884655,0.2910264885733309
integer_bin_reference,23,5,0.7825067244788365,0.6252714424254596
integer_bin_reference,23,6,0.44210997733691426,0.8554201720993051
integer_bin_reference,23,7,0.1283986764160707,1.047753817986064
integer_bin_reference,23,8,-0.32626077033342493,0.9612105821304736
integer_bin_reference,23,9,-0.5986667787808204,0.7650165773396019
integer_bin_reference,23,10,-0.7984053722582269,0.4821004690810523
integer_bin_reference,23,11,-1.0237108963111257,0.06466274509785808
integer_bin_reference,23,12,-0.9877270639943582,-0.28570148465993767
integer_bin_reference,23,13,-0.805475777138462,-0.6136583223026064
integer_bin_reference,23,14,-0.4859263087226573,-0.8574651069985886
integer_bin_reference,23,15,-0.1104981960511278,-0.9803868172345986
integer_bin_reference,23,16,0.24429988281032827,-0.9642006923239632
integer_bin_reference,23,17,0.6453964463126552,-0.7893122206284117
integer_bin_reference,23,18,0.8567015020004457,-0.44578760927870403
integer_bin_reference,23,19,0.9741037641033929,-0.09209086571897114
integer_bin_reference,23,20,0.915322584485707,0.30412053105723685
integer_bin_reference,23,21,0.7563718128431403,0.6161307721334579
integer_bin_reference,23,22,0.4774848868985607,0.895945292243081
integer_bin_reference,23,23,0.09934883786944176,0.9934810862273598
integer_bin_reference,23,24,-0.3094444651856304,0.9572512472748563
integer_bin_reference,23,25,-0.6306976206152163,0.7789058621802974
integer_bin_reference,23,26,-0.8482298166766004,0.46119601541559235
integer_bin_reference,23,27,-0.9957191775121944,0.0884266598721842
integer_bin_reference,23,28,-1.0129875459507358,-0.26496429913128783
integer_bin_reference,23,29,-0.7347748249906031,-0.6076715099186403
integer_bin_reference,23,30,-0.4806373142813138,-0.9024579839374454
integer_bin_reference,23,31,-0.11400789914713011,-1.0106994083201937
integer_bin_reference,23,32,0.29357750785811354,-1.0016266235734896
integer_bin_reference,23,33,0.610193774493231,-0.774778956800409
integer_bin_reference,23,34,0.9047900112528362,-0.43375038191691734
integer_bin_reference,23,35,0.9377861177984252,-0.07549379914221786
integer_bin_reference,23,36,0.9729403359455342,0.32863649247647597
integer_bin_reference,23,37,0.8064073282542261,0.640661527310978
integer_bin_reference,23,38,0.4721332589347072,0.8443562035638904
integer_bin_reference,23,39,0.0738454612950161,1.002839017987353
integer_bin_reference,23,40,-0.2978134243865144,0.9634567716398086
integer_bin_reference,23,41,-0.6594021353784978,0.8009108744888203
integer_bin_reference,23,42,-0.8818526471815796,0.4567158937106561
integer_bin_reference,23,43,-0.9595155347738997,0.11937706751319759
integer_bin_reference,23,44,-0.9544674517674194,-0.24631257768477563
integer_bin_reference,23,45,-0.7307911717038406,-0.5904109662968829
integer_bin_reference,23,46,-0.47486984816940536,-0.8735641112394369
integer_bin_reference,23,47,-0.0722536930611223,-1.0296408971556734
integer_bin_reference,23,48,0.27595684372415685,-0.9394232945739703
integer_bin_reference,23,49,0.5723219205687914,-0.7384640905430307
integer_bin_reference,23,50,0.891280071834219,-0.4935232567850853
integer_bin_reference,23,51,0.9602371753614437,-0.14495165008501704
integer_bin_reference,23,52,0.9333482946771765,0.2520192161996213
integer_bin_reference,23,53,0.7909699565999262,0.612532695047408
integer_bin_reference,23,54,0.46971890077967515,0.865705257502346
integer_bin_reference,23,55,0.040124904496100997,0.9668882623137156
integer_bin_reference,23,56,-0.32453271455653376,0.9900626085948786
integer_bin_reference,23,57,-0.6772828593246142,0.8020525017353369
integer_bin_reference,23,58,-0.9170940311795936,0.4855388042383447
integer_bin_reference,23,59,-0.9883188873310179,0.04412560571998687
integer_bin_reference,23,60,-0.9621822107877293,-0.27566808678009547
integer_bin_reference,23,61,-0.7777949149823908,-0.653805987608498
integer_bin_reference,23,62,-0.5210599919549708,-0.8857571724409674
integer_bin_reference,23,63,-0.02998875494854586,-1.0495020233404948
integer_bin_reference,23,64,0.3323175217002108,-0.9624455397824262
integer_bin_reference,23,65,0.6434363959202314,-0.7887935655743994
integer_bin_reference,23,66,0.9011952280324196,-0.46368971331992387
integer_bin_reference,23,67,0.969255162778706,-0.0892160460769946
integer_bin_reference,23,68,0.9287543332579231,0.26272781902060743
integer_bin_reference,23,69,0.7696505542144725,0.6729340820346857
integer_bin_reference,23,70,0.49131320309192905,0.908074915100365
integer_bin_reference,23,71,0.07625403121314195,1.0031510861300788
integer_bin_reference,23,72,-0.3102203255755933,0.9251833937001035
integer_bin_reference,23,73,-0.6791520370378518,0.7593758656238369
integer_bin_reference,23,74,-0.8658736228171771,0.5013986708610366
integer_bin_reference,23,75,-0.9829333046382481,0.07650702878331175
integer_bin_reference,23,76,-0.9635976211238623,-0.2518117772296976
integer_bin_reference,23,77,-0.8214110290171038,-0.6648689222835117
integer_bin_reference,23,78,-0.4632502623561542,-0.9279195926592204
integer_bin_reference,23,79,-0.09297156162992395,-0.995163464002568
integer_bin_reference,23,80,0.26827499904300245,-0.9860807480746302
integer_bin_reference,23,81,0.6222982402908174,-0.7758841086163035
integer_bin_reference,23,82,0.9151458399663697,-0.47395628760367736
integer_bin_reference,23,83,1.0069555295474988,-0.09179980571257411
integer_bin_reference,23,84,1.0219310135185726,0.30538388484250334
integer_bin_reference,23,85,0.7811819654208744,0.6129604635040347
integer_bin_reference,23,86,0.39873408833450225,0.8783117773062378
integer_bin_reference,23,87,0.11231519650626777,0.9999830676126686
integer_bin_reference,23,88,-0.35322254052880964,0.8844695277221635
integer_bin_reference,23,89,-0.6912650460578735,0.7439884741957754
integer_bin_reference,23,90,-0.9254983734710275,0.4818912030412245
integer_bin_reference,23,91,-0.9936888695541287,0.1329404797979396
integer_bin_reference,23,92,-0.9558955482214013,-0.28066976386061604
integer_bin_reference,23,93,-0.7837353391554231,-0.6350329656471336
integer_bin_reference,23,94,-0.4646778457820594,-0.8284678362706441
integer_bin_reference,23,95,-0.159061970819035,-1.011775705894234
integer_bin_reference,23,96,0.2535559747612616,-0.9294434395511061
integer_bin_reference,23,97,0.7270646479007182,-0.7686202440477139
integer_bin_reference,23,98,0.8414473668968335,-0.5163723995064462
integer_bin_reference,23,99,1.0084965953756355,-0.08035531207651928
integer_bin_reference,23,100,0.9614488980462729,0.3174583557598356
integer_bin_reference,23,101,0.78055606587472,0.6088564877794658
integer_bin_reference,23,102,0.4241977905208218,0.8736852489756186
integer_bin_reference,23,103,0.05327184499996451,0.9914873926290231
integer_bin_reference,23,104,-0.3236655083073865,0.9498216417427578
integer_bin_reference,23,105,-0.6248208562328611,0.7475961332268198
integer_bin_reference,23,106,-0.871633991225832,0.4771675711507267
integer_bin_reference,23,107,-1.0105350545004523,0.11933550215526595
integer_bin_reference,23,108,-0.9609942987281459,-0.3173226700452078
integer_bin_reference,23,109,-0.7603503175683454,-0.7070666251361928
integer_bin_reference,23,110,-0.5134047797694785,-0.8859522891983902
integer_bin_reference,23,111,-0.04222835983825017,-1.0195286166598114
integer_bin_reference,23,112,0.3124958751393083,-0.9547792835056294
integer_bin_reference,23,113,0.6633726496812573,-0.7988934243663213
integer_bin_reference,23,114,0.8986168683896448,-0.4151118462739515
integer_bin_reference,23,115,1.0005383460747803,-0.050587579053699906
integer_bin_reference,23,116,0.9578618441379437,0.2727877960414359
integer_bin_reference,23,117,0.7987834644382642,0.6096858430998926
integer_bin_reference,23,118,0.5072312650765999,0.8636210473508833
integer_bin_reference,23,119,0.08610191437735379,1.0154849164508017
integer_bin_reference,23,120,-0.30936923840205194,0.9585013483660881
integer_bin_reference,23,121,-0.6680745447562476,0.7924829655220763
integer_bin_reference,23,122,-0.8887538879983908,0.515334207735098
integer_bin_reference,23,123,-1.0294343207733767,0.1741504936227889
integer_bin_reference,23,124,-0.9119126193034713,-0.2992350134610836
integer_bin_reference,23,125,-0.7969563053718339,-0.6141794690973277
integer_bin_reference,23,126,-0.4641107617227143,-0.8806306388590682
integer_bin_reference,23,127,-0.057982442909859384,-0.9882606600806323
integer_bin_reference,24,0,0.7121258534864414,-0.6623309347758627
integer_bin_reference,24,1,0.9381567496480315,-0.39561570298991766
integer_bin_reference,24,2,1.020790117103757,-0.029766945825264412
integer_bin_reference,24,3,0.9347965325553365,0.390849790928674
integer_bin_reference,24,4,0.694703020140306,0.7097305009661727
integer_bin_reference,24,5,0.39243947271867385,0.9199654126236647
integer_bin_reference,24,6,0.010821183642465919,1.0069476940461741
integer_bin_reference,24,7,-0.39050357249827233,0.9126008563852805
integer_bin_reference,24,8,-0.7246137595755336,0.6878353939930216
integer_bin_reference,24,9,-0.961348378688005,0.41624573384808367
integer_bin_reference,24,10,-1.001856309929796,0.03673704646999261
integer_bin_reference,24,11,-0.9728407733683453,-0.3941409694403314
integer_bin_reference,24,12,-0.6861182483657716,-0.7264816108128479
integer_bin_reference,24,13,-0.3893751403944376,-0.9196108956656666
integer_bin_reference,24,14,-0.023608055252504548,-0.9958234116760382
integer_bin_reference,24,15,0.35679319724634934,-0.9206988228864728
integer_bin_reference,24,16,0.71722849764573,-0.7092454491776384
integer_bin_reference,24,17,0.969059088238531,-0.34742875534580886
integer_bin_reference,24,18,1.0015861770767727,-0.032264351468399996
integer_bin_reference,24,19,0.8589561627555937,0.38553959162304
integer_bin_reference,24,20,0.7167998233105555,0.6849577416089243
integer_bin_reference,24,21,0.41282260259756565,0.9647070789263879
integer_bin_reference,24,22,0.02413599028904718,1.0370007186815167
integer_bin_reference,24,23,-0.37044586799265505,0.932343656568827
integer_bin_reference,24,24,-0.7407412811414803,0.7390335882921837
integer_bin_reference,24,25,-0.9628112127572577,0.33241426469734703
integer_bin_reference,24,26,-1.0067591824278002,-0.0063527297086242
integer_bin_reference,24,27,-0.9492125061055853,-0.33312058678167783
integer_bin_reference,24,28,-0.6573972731378207,-0.6219963465810925
integer_bin_reference,24,29,-0.34575985538320264,-0.9852830266993357
integer_bin_reference,24,30,0.014348505918752433,-1.0113592092838726
integer_bin_reference,24,31,0.3904915022748356,-0.9321156151457823
integer_bin_reference,24,32,0.7049206305613535,-0.7665887916382804
integer_bin_reference,24,33,0.9325488965593426,-0.3706869952224733
integer_bin_reference,24,34,1.004070320616416,-0.005971594556586309
integer_bin_reference,24,35,0.9525227614672903,0.4221107914026063
integer_bin_reference,24,36,0.7500953620298227,0.6749594974996325
integer_bin_reference,24,37,0.3724368680859743,0.9642917183048695
integer_bin_reference,24,38,0.02134624719837937,1.0169738704088147
integer_bin_reference,24,39,-0.4019536050487645,0.9316328884762006
integer_bin_reference,24,40,-0.7420639695225972,0.6728625053304684
integer_bin_reference,24,41,-0.8982003337587559,0.35678282309136655
integer_bin_reference,24,42,-1.0102476144413266,-0.011540507690234975
integer_bin_reference,24,43,-0.9365264926711693,-0.3306817020995166
integer_bin_reference,24,44,-0.6979951649574462,-0.7410698473880677
integer_bin_reference,24,45,-0.44411130389685494,-0.8579893494619389
integer_bin_reference,24,46,-0.021123407306659642,-1.0029559286604377
integer_bin_reference,24,47,0.3978549814759259,-0.9255866625662607
integer_bin_reference,24,48,0.707526521525902,-0.7590348096199773
integer_bin_reference,24,49,0.9885934472300548,-0.3803859476476441
integer_bin_reference,24,50,1.0379428851930053,0.020287255906237603
integer_bin_reference,24,51,0.974976005418677,0.406212855425229
integer_bin_reference,24,52,0.7191685703695881,0.7309558428948558
integer_bin_reference,24,53,0.3730028878084735,0.9030039700155524
integer_bin_reference,24,54,0.022746987217452084,1.0084630652337818
integer_bin_reference,24,55,-0.38838783662511495,0.9449208512162358
integer_bin_reference,24,56,-0.6973274515930953,0.7443385874266243
integer_bin_reference,24,57,-0.99133625128074,0.3890483134477435
integer_bin_reference,24,58,-1.01212834331586,0.031345032412568245
integer_bin_reference,24,59,-0.9106285766376544,-0.3861615736426034
integer_bin_reference,24,60,-0.7098487206527785,-0.7251079630335084
integer_bin_reference,24,61,-0.36896121783252267,-0.9223240271815741
integer_bin_reference,24,62,-0.007893467118514148,-0.9916918714461312
integer_bin_reference,24,63,0.43133941189867786,-0.9366934392479521
integer_bin_reference,24,64,0.7708140140832844,-0.6742485768569476
integer_bin_reference,24,65,0.8851469377235655,-0.39451956096863205
integer_bin_reference,24,66,0.9645966427658164,0.029513928540316765
integer_bin_reference,24,67,0.8953018155587055,0.4063201683639859
integer_bin_reference,24,68,0.6685218363893422,0.7321561455566307
integer_bin_reference,24,69,0.37209451305022545,0.9397938173473732
integer_bin_reference,24,70,-0.003812165397729269,1.073261672974356
integer_bin_reference,24,71,-0.3803401211499935,0.9632890536891089
integer_bin_reference,24,72,-0.7307596047418097,0.6970459541544686
integer_bin_reference,24,73,-0.9224963499352372,0.36468835448950737
integer_bin_reference,24,74,-0.9863177210666189,0.01851649170019808
integer_bin_reference,24,75,-0.9104194285553975,-0.3626509329914129
integer_bin_reference,24,76,-0.6645446843779689,-0.6937654669840372
integer_bin_reference,24,77,-0.3862706632589539,-0.929657010774172
integer_bin_reference,24,78,-0.025742032481655453,-1.0168498900622904
integer_bin_reference,24,79,0.3772383131411749,-0.914672677529105
integer_bin_reference,24,80,0.7550046366321582,-0.7118685717448943
integer_bin_reference,24,81,0.8993337459459375,-0.3539159455903711
integer_bin_reference,24,82,0.952604483690071,0.011189523549441907
integer_bin_reference,24,83,0.9860468279475664,0.42427220229732143
integer_bin_reference,24,84,0.6669182680735851,0.6761921027694933
integer_bin_reference,24,85,0.3666762448310963,0.9826812787252589
integer_bin_reference,24,86,0.0350274353236048,0.9835643046786693
integer_bin_reference,24,87,-0.4195707915736413,0.9508573387357245
integer_bin_reference,24,88,-0.7240457502800772,0.7067801822677763
integer_bin_reference,24,89,-0.9757621201458665,0.4306325493499523
integer_bin_reference,24,90,-0.9865200095439007,-0.012057307466171424
integer_bin_reference,24,91,-0.9719357177323288,-0.38467390393004897
integer_bin_reference,24,92,-0.7094862013943639,-0.688916609644626
integer_bin_reference,24,93,-0.3466017767207982,-0.9295107110372267
integer_bin_reference,24,94,0.01456894365660259,-0.9729463847890364
integer_bin_reference,24,95,0.39402171161124316,-1.0067594518850935
integer_bin_reference,24,96,0.6913438424648353,-0.7285046753058564
integer_bin_reference,24,97,0.8997511206869314,-0.3947017145977338
integer_bin_reference,24,98,1.0150679967215068,-0.025029743109919317
integer_bin_reference,24,99,0.957268923584281,0.3481959826933946
integer_bin_reference,24,100,0.7349708848388331,0.7251597928907068
integer_bin_reference,24,101,0.33816495063414276,0.9186143551723582
integer_bin_reference,24,102,0.022211194975827252,1.0343813254775927
integer_bin_reference,24,103,-0.3775735381934649,0.9449575169878873
integer_bin_reference,24,104,-0.668324567179053,0.7275347277067237
integer_bin_reference,24,105,-0.960103130230436,0.36301832872727846
integer_bin_reference,24,106,-0.9663341855564975,0.018915179989707633
integer_bin_reference,24,107,-0.9088168989559757,-0.37040074137206735
integer_bin_reference,24,108,-0.6997492168464456,-0.659812540782421
integer_bin_reference,24,109,-0.3788306204601266,-0.9152607892095486
integer_bin_reference,24,110,-0.012521106250232074,-1.021258750537697
integer_bin_reference,24,111,0.41095188562730683,-0.9663841056646851
integer_bin_reference,24,112,0.6844318986086133,-0.7444335161905524
integer_bin_reference,24,113,0.9091107163737958,-0.40855293253593544
integer_bin_reference,24,114,0.9594478614357272,-0.02807718275232963
integer_bin_reference,24,115,0.9203947944953144,0.3441285643431941
integer_bin_reference,24,116,0.6787520098029398,0.7241212692344802
integer_bin_reference,24,117,0.4001883291069948,0.925570029689103
integer_bin_reference,24,118,-0.038566598295670655,0.9640892010496901
integer_bin_reference,24,119,-0.3494373757345973,0.8363328005091114
integer_bin_reference,24,120,-0.6952867327435687,0.69282514543877
integer_bin_reference,24,121,-0.9363038647227978,0.34687139876267264
integer_bin_reference,24,122,-1.0004776236699933,0.03585627867072227
integer_bin_reference,24,123,-0.9303333781571933,-0.3966860445480311
integer_bin_reference,24,124,-0.7105140793036675,-0.6854433549311475
integer_bin_reference,24,125,-0.3886298271786607,-0.9636517213494628
integer_bin_reference,24,126,0.01779695170117662,-0.9738552630176214
integer_bin_reference,24,127,0.397174795473913,-1.033209153768877
integer_bin_reference,25,0,0.9618931515258818,-0.2912804713892214
integer_bin_reference,25,1,1.0148890840268734,0.07016883602091731
integer_bin_reference,25,2,0.8604485617309777,0.4909837537940547
integer_bin_reference,25,3,0.6454666604853042,0.7258164990687532
integer_bin_reference,25,4,0.28615608027093276,0.9554474340817195
integer_bin_reference,25,5,-0.11420235305313099,0.9950757512394695
integer_bin_reference,25,6,-0.4417734192175633,0.8938023399550461
integer_bin_reference,25,7,-0.7481097445016381,0.6194558036511302
integer_bin_reference,25,8,-0.9218948096096011,0.26749573948901584
integer_bin_reference,25,9,-0.9279535670276167,-0.0600140843982053
integer_bin_reference,25,10,-0.9343358639307539,-0.43923539451420635
integer_bin_reference,25,11,-0.6271913940203043,-0.7366673440414877
integer_bin_reference,25,12,-0.2949077468149779,-0.9569518504627236
integer_bin_reference,25,13,0.0754613761552029,-0.9875529754849491
integer_bin_reference,25,14,0.3986392890929693,-0.8749930968039199
integer_bin_reference,25,15,0.8162103479262475,-0.6512111985044167
integer_bin_reference,25,16,0.9837976995040373,-0.3123628898875688
integer_bin_reference,25,17,0.9725251073028631,0.07854069406111205
integer_bin_reference,25,18,0.8831951818387942,0.4535223090064426
integer_bin_reference,25,19,0.6239021264528347,0.7816207137992938
integer_bin_reference,25,20,0.3227317895382181,0.9828649831302773
integer_bin_reference,25,21,-0.11515307536091564,0.9852335711007756
integer_bin_reference,25,22,-0.4398696029453158,0.8805432265870897
integer_bin_reference,25,23,-0.7538705427089696,0.6176027789435236
integer_bin_reference,25,24,-0.9527200542381997,0.3066687633819658
integer_bin_reference,25,25,-0.9951560056422977,-0.09969303787783519
integer_bin_reference,25,26,-0.884737127663053,-0.5170674472099677
integer_bin_reference,25,27,-0.6187549300854225,-0.7647183747620125
integer_bin_reference,25,28,-0.316982217489564,-0.9615839464782083
integer_bin_reference,25,29,0.10107686010191338,-1.018799664961298
integer_bin_reference,25,30,0.4722175148222082,-0.8639240894200663
integer_bin_reference,25,31,0.7754852569850618,-0.6725662477180308
integer_bin_reference,25,32,1.0339405799359775,-0.2796201486964861
integer_bin_reference,25,33,0.955500106673021,0.14601174438018327
integer_bin_reference,25,34,0.9162868923915971,0.4848796012279299
integer_bin_reference,25,35,0.6406009700014826,0.7735637976197052
integer_bin_reference,25,36,0.2963331005521365,0.9299089821688897
integer_bin_reference,25,37,-0.12219360101022295,0.9584970986566679
integer_bin_reference,25,38,-0.479338843896558,0.8560012303561635
integer_bin_reference,25,39,-0.732196398918743,0.6248747479964744
integer_bin_reference,25,40,-0.9889854909273332,0.2990649970333141
integer_bin_reference,25,41,-0.9723371381507783,-0.11767820078255599
integer_bin_reference,25,42,-0.8883725834658343,-0.4859652012342027
integer_bin_reference,25,43,-0.6413449801930271,-0.775029931803726
integer_bin_reference,25,44,-0.30153949491135557,-0.9691539681339244
integer_bin_reference,25,45,0.10876533210022782,-1.0095232909222955
integer_bin_reference,25,46,0.49294621266417654,-0.9370350440855791
integer_bin_reference,25,47,0.8121571807886565,-0.5965281479718388
integer_bin_reference,25,48,0.9659779900192044,-0.3236391745666467
integer_bin_reference,25,49,0.9681689246166376,0.15046498660877566
integer_bin_reference,25,50,0.8898421651118281,0.3818341099817613
integer_bin_reference,25,51,0.662148828590199,0.7234451653242904
integer_bin_reference,25,52,0.2636758728089716,0.9664229063576847
integer_bin_reference,25,53,-0.06439443167026815,0.9273165665613227
integer_bin_reference,25,54,-0.5031428158450649,0.8955477487443121
integer_bin_reference,25,55,-0.8000075480564882,0.6392155171945292
integer_bin_reference,25,56,-0.972536785191923,0.30178479923509155
integer_bin_reference,25,57,-1.001747106911743,-0.12354224240979858
integer_bin_reference,25,58,-0.8689752590088745,-0.47854671015931743
integer_bin_reference,25,59,-0.6613248486819278,-0.7346083614116176
integer_bin_reference,25,60,-0.30215196350586054,-0.9742512294601158
integer_bin_reference,25,61,0.08283901047162132,-1.0196114011679567
integer_bin_reference,25,62,0.44230698850182343,-0.9092805652208692
integer_bin_reference,25,63,0.7251095152186082,-0.6547994920905005
integer_bin_reference,25,64,0.9505017511418482,-0.30659847453015654
integer_bin_reference,25,65,0.9410607689684432,0.11633611566612263
integer_bin_reference,25,66,0.9001521777319267,0.5034453944840633
integer_bin_reference,25,67,0.5550515369778737,0.7621256903458848
integer_bin_reference,25,68,0.3163745317426013,0.9886303996675239
integer_bin_reference,25,69,-0.1263237267226001,0.9581511494721163
integer_bin_reference,25,70,-0.43889907252050975,0.875803779348447
integer_bin_reference,25,71,-0.7298758292725469,0.6798198957028667
integer_bin_reference,25,72,-0.9521204690579116,0.24835828185798065
integer_bin_reference,25,73,-0.9907464591154852,-0.10603903354159766
integer_bin_reference,25,74,-0.8542725678591968,-0.5231712915715097
integer_bin_reference,25,75,-0.7172901136809243,-0.7892104922565193
integer_bin_reference,25,76,-0.30257941843096714,-0.9877341329244669
integer_bin_reference,25,77,0.08066545050042764,-1.0069089266157478
integer_bin_reference,25,78,0.48530821877822383,-0.9200427620963151
integer_bin_reference,25,79,0.7604435796003844,-0.6356736990309613
integer_bin_reference,25,80,0.9554597118343258,-0.3142818317714342
integer_bin_reference,25,81,0.9285558072815449,0.10942292689268095
integer_bin_reference,25,82,0.852069825126406,0.39090998928182263
integer_bin_reference,25,83,0.6061835984164425,0.8375720249133721
integer_bin_reference,25,84,0.2641203241037031,0.9768284336553875
integer_bin_reference,25,85,-0.0914236672952572,0.9740736568507095
integer_bin_reference,25,86,-0.5021207716848216,0.9129875491938433
integer_bin_reference,25,87,-0.7271252236988772,0.6456956878695987
integer_bin_reference,25,88,-0.9800232239748524,0.3183074085896286
integer_bin_reference,25,89,-1.0143056208245427,-0.09978778940685241
integer_bin_reference,25,90,-0.8667343366208405,-0.4482824830841332
integer_bin_reference,25,91,-0.6087790646807602,-0.77452554241774
integer_bin_reference,25,92,-0.3042201138116763,-0.9444103765867524
integer_bin_reference,25,93,0.052358820620188644,-1.0542881536514779
integer_bin_reference,25,94,0.4731663289345751,-0.8904234101161038
integer_bin_reference,25,95,0.7716456547735321,-0.6054124139046395
integer_bin_reference,25,96,0.9114529303295185,-0.2838446804208033
integer_bin_reference,25,97,0.9665310383131509,0.09007508349685411
integer_bin_reference,25,98,0.8701791623623523,0.4684910319814642
integer_bin_reference,25,99,0.6644352690178041,0.7818640409238103
integer_bin_reference,25,100,0.3210105480553069,0.9243802314796804
integer_bin_reference,25,101,-0.033872243284711334,0.9959237724792049
integer_bin_reference,25,102,-0.5039411954231577,0.9255750478439846
integer_bin_reference,25,103,-0.7964529328158828,0.6378430052314943
integer_bin_reference,25,104,-0.9555362586113917,0.276155070746485
integer_bin_reference,25,105,-1.0184610075205747,-0.10123171517227982
integer_bin_reference,25,106,-0.8931335602294936,-0.42243705170539975
integer_bin_reference,25,107,-0.6390147162470444,-0.7538354236398396
integer_bin_reference,25,108,-0.25635782576291144,-0.9592189903111282
integer_bin_reference,25,109,0.07099316438741873,-0.9574113667589457
integer_bin_reference,25,110,0.4781915416073231,-0.835693296776262
integer_bin_reference,25,111,0.7670758691207027,-0.6048307047858623
integer_bin_reference,25,112,0.9038890731419355,-0.284674208150976
integer_bin_reference,25,113,0.9657398953599369,0.12060034648764384
integer_bin_reference,25,114,0.8934730827413723,0.44082391878151084
integer_bin_reference,25,115,0.5931142827760135,0.7480651699572025
integer_bin_reference,25,116,0.2519414815722811,1.0008509798074539
integer_bin_reference,25,117,-0.0956772338407229,0.9784211414562691
integer_bin_reference,25,118,-0.45339998027838546,0.8625673061257215
integer_bin_reference,25,119,-0.7113068872438925,0.6585898636110907
integer_bin_reference,25,120,-0.9246414970247455,0.30178029291996433
integer_bin_reference,25,121,-0.9397271956773927,-0.13856689505348668
integer_bin_reference,25,122,-0.8401118610268253,-0.5167319317508311
integer_bin_reference,25,123,-0.6553123295811607,-0.7572978518155021
integer_bin_reference,25,124,-0.2671241327447828,-0.9260289457284542
integer_bin_reference,25,125,0.13239609834628402,-0.9867546347093632
integer_bin_reference,25,126,0.38253590134456245,-0.8494984707679101
integer_bin_reference,25,127,0.7502878235209008,-0.6324275525865046
integer_bin_reference,26,0,0.9890951532264485,0.17434742223166308
integer_bin_reference,26,1,0.8718855172634756,0.5139039925806448
integer_bin_reference,26,2,0.5725533969066889,0.8479427107260478
integer_bin_reference,26,3,0.2152308017411574,0.9803389621695615
integer_bin_reference,26,4,-0.15391920395658326,0.9932994158230554
integer_bin_reference,26,5,-0.533242156463629,0.7965928921784007
integer_bin_reference,26,6,-0.8195938375554424,0.5913521146854428
integer_bin_reference,26,7,-0.9540581676440735,0.23841134764273084
integer_bin_reference,26,8,-0.9866263593520812,-0.19753378708824168
integer_bin_reference,26,9,-0.8236348457984093,-0.594863665014222
integer_bin_reference,26,10,-0.5186754374778042,-0.8138797305230834
integer_bin_reference,26,11,-0.16798647536393374,-0.957822297293442
integer_bin_reference,26,12,0.19329778884007817,-0.9926998551729483
integer_bin_reference,26,13,0.5387827407588849,-0.9071120409905177
integer_bin_reference,26,14,0.8013028164332441,-0.5827100717403557
integer_bin_reference,26,15,0.9695786376692526,-0.1863882563061983
integer_bin_reference,26,16,0.9727512974566331,0.1815559079534788
integer_bin_reference,26,17,0.8579591826758646,0.5459116805278261
integer_bin_reference,26,18,0.5305880074661454,0.8225965075965458
integer_bin_reference,26,19,0.20147304045835687,1.0025587382726946
integer_bin_reference,26,20,-0.16936117132483722,0.9859640425414842
integer_bin_reference,26,21,-0.5265299332597516,0.8325933018057545
integer_bin_reference,26,22,-0.8110301049689866,0.5372422983518802
integer_bin_reference,26,23,-1.0092698517960197,0.21560943100808777
integer_bin_reference,26,24,-0.9503859200355981,-0.2223683509021746
integer_bin_reference,26,25,-0.7347261245928677,-0.5346373605387582
integer_bin_reference,26,26,-0.5071498220458732,-0.8093390679359758
integer_bin_reference,26,27,-0.1769625608813511,-0.916014248811652
integer_bin_reference,26,28,0.19465187084539584,-1.0021943801378002
integer_bin_reference,26,29,0.5778193220230056,-0.816364267992156
integer_bin_reference,26,30,0.7685064733521755,-0.5126096067177295
integer_bin_reference,26,31,0.9716062948217323,-0.1707289879280064
integer_bin_reference,26,32,0.9827787637985154,0.16354975755511414
integer_bin_reference,26,33,0.7955262921370473,0.5108919995427094
integer_bin_reference,26,34,0.5636252741594165,0.8159118606694414
integer_bin_reference,26,35,0.18527667047589244,0.9891270172595527
integer_bin_reference,26,36,-0.18830551660811695,1.009762964548079
integer_bin_reference,26,37,-0.5400396349894274,0.8825415676259205
integer_bin_reference,26,38,-0.8677215277157311,0.6190211363471817
integer_bin_reference,26,39,-1.017731561187477,0.19394422085628202
integer_bin_reference,26,40,-0.9974555808837962,-0.23134483883885126
integer_bin_reference,26,41,-0.8160380081731012,-0.5379347870230513
integer_bin_reference,26,42,-0.5583271598402966,-0.896417381197675
integer_bin_reference,26,43,-0.2185042390170514,-0.9428308358180957
integer_bin_reference,26,44,0.13282477530235465,-0.9704336087420292
integer_bin_reference,26,45,0.5699927950308578,-0.8160317125730823
integer_bin_reference,26,46,0.8615006692527336,-0.553978636547151
integer_bin_reference,26,47,0.9595631634642784,-0.1666673582968406
integer_bin_reference,26,48,0.9635442372354468,0.19703170232203268
integer_bin_reference,26,49,0.8454292978393607,0.5444030297731761
integer_bin_reference,26,50,0.5458000134347801,0.787367918861045
integer_bin_reference,26,51,0.20306355529982995,0.9648265469040187
integer_bin_reference,26,52,-0.19084981425433645,0.9495115688962655
integer_bin_reference,26,53,-0.5186821402459485,0.8564667720575503
integer_bin_reference,26,54,-0.8704696246738897,0.5647353144729748
integer_bin_reference,26,55,-0.9861012837125203,0.23612429326087042
integer_bin_reference,26,56,-0.9982795887415149,-0.21268910960195941
integer_bin_reference,26,57,-0.8420190872438349,-0.5538507515689065
integer_bin_reference,26,58,-0.5638243816168489,-0.7885461242757652
integer_bin_reference,26,59,-0.1827498973495586,-1.0087004228021887
integer_bin_reference,26,60,0.1812227716799826,-0.9254975302223634
integer_bin_reference,26,61,0.5288694004347883,-0.7818815764285261
integer_bin_reference,26,62,0.8212380348898394,-0.5847461110139163
integer_bin_reference,26,63,0.9954421625707168,-0.2000305495671054
integer_bin_reference,26,64,0.9599426117924065,0.19746518179152278
integer_bin_reference,26,65,0.836310750475565,0.5756580039778437
integer_bin_reference,26,66,0.507703948073521,0.8899735686426455
integer_bin_reference,26,67,0.22127537034494998,0.9493405915636334
integer_bin_reference,26,68,-0.18443643297747245,0.989601206121893
integer_bin_reference,26,69,-0.5544450957689758,0.8075545285635718
integer_bin_reference,26,70,-0.866672484599688,0.5434331386459961
integer_bin_reference,26,71,-0.9727607832062356,0.17088713401296937
integer_bin_reference,26,72,-1.0671442070110984,-0.21527102930246175
integer_bin_reference,26,73,-0.7827163981963717,-0.5813861275049951
integer_bin_reference,26,74,-0.6024193124573767,-0.8287091776145011
integer_bin_reference,26,75,-0.19650511356237935,-0.9797119531510143
integer_bin_reference,26,76,0.21030619560919683,-1.0063717008360493
integer_bin_reference,26,77,0.5851284180034736,-0.8343691813375564
integer_bin_reference,26,78,0.8296596003535992,-0.5547642996497714
integer_bin_reference,26,79,0.9388092329148113,-0.1757840620863021
integer_bin_reference,26,80,1.0595304194915343,0.18809445345354195
integer_bin_reference,26,81,0.8449414082438274,0.5546667835424298
integer_bin_reference,26,82,0.5613305600304428,0.8320490893094258
integer_bin_reference,26,83,0.12848453784997732,0.9614220699102398
integer_bin_reference,26,84,-0.22831341532521338,1.0412884721983604
integer_bin_reference,26,85,-0.4911225947649215,0.8079289395059623
integer_bin_reference,26,86,-0.8310782182122041,0.5385467973855061
integer_bin_reference,26,87,-0.9558763729547164,0.15395682501130856
integer_bin_reference,26,88,-0.9851460014933617,-0.15842974946633437
integer_bin_reference,26,89,-0.7881968655737416,-0.5840021028434303
integer_bin_reference,26,90,-0.5848070570257972,-0.8273214573108381
integer_bin_reference,26,91,-0.18269148002298047,-1.0518737130520739
integer_bin_reference,26,92,0.18315179150481645,-0.9230834030071319
integer_bin_reference,26,93,0.5520912070741264,-0.8150942857507866
integer_bin_reference,26,94,0.7997438810510397,-0.5637259560135386
integer_bin_reference,26,95,0.9702623186498589,-0.2379534463848038
integer_bin_reference,26,96,0.9678741822489898,0.19817750906043075
integer_bin_reference,26,97,0.785347434083754,0.562522059515765
integer_bin_reference,26,98,0.5203145910479517,0.8378830081227082
integer_bin_reference,26,99,0.18017975303500183,1.0089859679345285
integer_bin_reference,26,100,-0.15682110292831264,0.9860303444573278
integer_bin_reference,26,101,-0.5407054468703824,0.8757710642454863
integer_bin_reference,26,102,-0.8159367588419254,0.5640355492899246
integer_bin_reference,26,103,-0.972129642500652,0.17960172851890374
integer_bin_reference,26,104,-0.9509311033853219,-0.19622019690868786
integer_bin_reference,26,105,-0.8454182989242602,-0.5192734692572807
integer_bin_reference,26,106,-0.5009447427643328,-0.8686982744735453
integer_bin_reference,26,107,-0.19467731643150626,-0.9772127088997247
integer_bin_reference,26,108,0.17796724536801303,-0.9593628761727468
integer_bin_reference,26,109,0.5125589856156328,-0.8029289611881196
integer_bin_reference,26,110,0.8148410351587485,-0.5469628691973102
integer_bin_reference,26,111,0.968628140139239,-0.11806679150590084
integer_bin_reference,26,112,0.9467799766193032,0.21060065468420883
integer_bin_reference,26,113,0.8147118566403798,0.6101926504541535
integer_bin_reference,26,114,0.5331148264354995,0.8779139901201172
integer_bin_reference,26,115,0.1906476124786843,0.9848381094037287
integer_bin_reference,26,116,-0.19127972986043384,0.9578191077675692
integer_bin_reference,26,117,-0.5073490002423984,0.852499059972785
integer_bin_reference,26,118,-0.8027390613349559,0.5344979807520056
integer_bin_reference,26,119,-0.9672354986362282,0.15918566454392022
integer_bin_reference,26,120,-0.9618156474322734,-0.21654527423373968
integer_bin_reference,26,121,-0.8185098310163492,-0.5821555363265262
integer_bin_reference,26,122,-0.5481518912594484,-0.882163811000242
integer_bin_reference,26,123,-0.22574282029015166,-0.9895055247658255
integer_bin_reference,26,124,0.15616601337700906,-0.947667968845751
integer_bin_reference,26,125,0.5293837430558127,-0.8198180028015638
integer_bin_reference,26,126,0.8707592324818377,-0.561274983039824
integer_bin_reference,26,127,0.9879582218159529,-0.25597608186268267
integer_bin_reference,27,0,0.7817146437881972,0.6258654341501433
integer_bin_reference,27,1,0.48117736811116124,0.8752469824548297
integer_bin_reference,27,2,0.12483471197892043,0.9921265384909663
integer_bin_reference,27,3,-0.278651832304959,0.9557546016125438
integer_bin_reference,27,4,-0.6427883275032421,0.7452908576684353
integer_bin_reference,27,5,-0.8536792937843287,0.436880675492272
integer_bin_reference,27,6,-1.0540058202927178,0.12461557606991931
integer_bin_reference,27,7,-0.9968099342108582,-0.33910147443963373
integer_bin_reference,27,8,-0.7711214567729867,-0.5878762659080952
integer_bin_reference,27,9,-0.45284171037222665,-0.8668103165292013
integer_bin_reference,27,10,-0.11116036269915103,-0.9943657073177538
integer_bin_reference,27,11,0.28848318309476934,-0.9769294430704606
integer_bin_reference,27,12,0.6155998598209345,-0.7360723602166344
integer_bin_reference,27,13,0.8723278147641733,-0.46292927508119847
integer_bin_reference,27,14,1.0521298558204522,-0.0303598698647385
integer_bin_reference,27,15,0.9592821905522205,0.2781832621284428
integer_bin_reference,27,16,0.781545407293156,0.6617370257004286
integer_bin_reference,27,17,0.467423323802035,0.8764276559348263
integer_bin_reference,27,18,0.10403095712509298,1.0213224450689082
integer_bin_reference,27,19,-0.3046295080976358,1.0474635443557718
integer_bin_reference,27,20,-0.6841883097435884,0.7905090984570295
integer_bin_reference,27,21,-0.8783395371482253,0.4580558717179305
integer_bin_reference,27,22,-0.9643962013050555,0.09487158062241641
integer_bin_reference,27,23,-0.9437367100509657,-0.2704624225365095
integer_bin_reference,27,24,-0.8202880455933096,-0.7068434813563207
integer_bin_reference,27,25,-0.44593564969011046,-0.862457599012423
integer_bin_reference,27,26,-0.13230019068498955,-1.0037816636384402
integer_bin_reference,27,27,0.2463595537104997,-0.9358263684684965
integer_bin_reference,27,28,0.6472199076644386,-0.7892725236259875
integer_bin_reference,27,29,0.8547719928528152,-0.4724902069805222
integer_bin_reference,27,30,0.9622134548291561,-0.11124590367339486
integer_bin_reference,27,31,1.0147892526814473,0.3022270450441218
integer_bin_reference,27,32,0.7702685424800259,0.640716511202094
integer_bin_reference,27,33,0.48278018481295554,0.8942296502290286
integer_bin_reference,27,34,0.14425967883789464,1.014480108266756
integer_bin_reference,27,35,-0.2781206546680931,0.9491395622570378
integer_bin_reference,27,36,-0.6129020814312645,0.8225684967512381
integer_bin_reference,27,37,-0.8549354485232751,0.5183509156997247
integer_bin_reference,27,38,-1.0189365589487502,0.05324440084406782
integer_bin_reference,27,39,-0.9747834729190459,-0.22323557249696316
integer_bin_reference,27,40,-0.7792038467693734,-0.6316948295101474
integer_bin_reference,27,41,-0.47248129743128503,-0.9121795673581921
integer_bin_reference,27,42,-0.08337774848798316,-1.0130807935380568
integer_bin_reference,27,43,0.3128989430757973,-0.9680251265859798
integer_bin_reference,27,44,0.6052426575429215,-0.7430096475567146
integer_bin_reference,27,45,0.8713679851030726,-0.44971242012944523
integer_bin_reference,27,46,0.9882131420809536,-0.114740935607429
integer_bin_reference,27,47,0.9329905098145566,0.22508004370072987
integer_bin_reference,27,48,0.7807239258718965,0.6168571646405931
integer_bin_reference,27,49,0.41416506045832924,0.8665286167820416
integer_bin_reference,27,50,0.14997058762446364,0.9653601300799325
integer_bin_reference,27,51,-0.2849000756056454,0.987531483307168
integer_bin_reference,27,52,-0.6268124148517267,0.7713676649672585
integer_bin_reference,27,53,-0.9082803190359012,0.407691112730849
integer_bin_reference,27,54,-1.032814047160029,0.07293607429401806
integer_bin_reference,27,55,-0.9660198710955921,-0.32755559803440515
integer_bin_reference,27,56,-0.797752341687328,-0.6770941031325017
integer_bin_reference,27,57,-0.459183119588403,-0.8329410127827976
integer_bin_reference,27,58,-0.13965726651058344,-0.9807481490562738
integer_bin_reference,27,59,0.2372424650732541,-0.9252637144963568
integer_bin_reference,27,60,0.6469061210216012,-0.7310159782784229
integer_bin_reference,27,61,0.8353970108768389,-0.45112137350464937
integer_bin_reference,27,62,1.0074087381311179,-0.113642080798451
integer_bin_reference,27,63,0.97211110349843,0.2827066802337128
integer_bin_reference,27,64,0.7740336383465559,0.6344733569898927
integer_bin_reference,27,65,0.5198963961782459,0.8991621894567784
integer_bin_reference,27,66,0.07570461189671812,0.9798823672110724
integer_bin_reference,27,67,-0.2668511904701741,0.9729544466537935
integer_bin_reference,27,68,-0.6535560468602225,0.8078745141406738
integer_bin_reference,27,69,-0.9144089674491019,0.5076106510114364
integer_bin_reference,27,70,-0.9735082898129027,0.0359983648665037
integer_bin_reference,27,71,-0.9832637816876078,-0.3005555826132025
integer_bin_reference,27,72,-0.7431929726236906,-0.5792773407101057
integer_bin_reference,27,73,-0.4452345467200789,-0.866817112901918
integer_bin_reference,27,74,-0.0761928244356396,-0.9828519267181981
integer_bin_reference,27,75,0.27036308912692825,-0.9968237661467234
integer_bin_reference,27,76,0.6294820407385694,-0.7741001225780763
integer_bin_reference,27,77,0.887791350976765,-0.417965309332811
integer_bin_reference,27,78,0.9904094176140852,-0.07847032255069016
integer_bin_reference,27,79,0.9510108791484959,0.31416219798603034
integer_bin_reference,27,80,0.7714982823372464,0.6064142415601108
integer_bin_reference,27,81,0.5019908340247279,0.8801170180167326
integer_bin_reference,27,82,0.057174688583484165,1.0191901489615705
integer_bin_reference,27,83,-0.2884498463113376,0.9933115276083742
integer_bin_reference,27,84,-0.6014719170854433,0.757756994823665
integer_bin_reference,27,85,-0.8651754951970917,0.415739215251327
integer_bin_reference,27,86,-0.9567186913271818,0.09502319161773401
integer_bin_reference,27,87,-0.9660168931043841,-0.27394476757112707
integer_bin_reference,27,88,-0.7548065200045309,-0.6391816458478128
integer_bin_reference,27,89,-0.44996894767283585,-0.8639431062489039
integer_bin_reference,27,90,-0.12333838991909639,-1.0153743477582973
integer_bin_reference,27,91,0.3109255988756514,-0.9389910735192507
integer_bin_reference,27,92,0.6862015033533505,-0.8265204603746814
integer_bin_reference,27,93,0.8961286564077087,-0.47294454815559
integer_bin_reference,27,94,0.9865447932287684,-0.11524829281670568
integer_bin_reference,27,95,0.9116556663071687,0.2918220103349826
integer_bin_reference,27,96,0.8244117306074631,0.6181234986704196
integer_bin_reference,27,97,0.432779389681601,0.9061153084361454
integer_bin_reference,27,98,0.08584049297277006,0.9765995791712618
integer_bin_reference,27,99,-0.28480886098746583,1.0529918228739752
integer_bin_reference,27,100,-0.6326069108451905,0.7535205857903535
integer_bin_reference,27,101,-0.8760251153472169,0.5231646084101371
integer_bin_reference,27,102,-0.9966573877142795,0.08003657025139858
integer_bin_reference,27,103,-0.9404672541139575,-0.2849808144190873
integer_bin_reference,27,104,-0.7211902313214387,-0.6271473446418823
integer_bin_reference,27,105,-0.5241673525238065,-0.8586254123270196
integer_bin_reference,27,106,-0.07629595850707022,-0.9720616216703482
integer_bin_reference,27,107,0.31656313865728275,-0.9242656863889982
integer_bin_reference,27,108,0.6201243485912163,-0.7391724038448191
integer_bin_reference,27,109,0.861646418794417,-0.4689578868965012
integer_bin_reference,27,110,1.0149688007858926,-0.09449495969656092
integer_bin_reference,27,111,0.99744545854822,0.32419054481242343
integer_bin_reference,27,112,0.7424803618466086,0.6160854310283778
integer_bin_reference,27,113,0.5287219383990303,0.8630943068172874
integer_bin_reference,27,114,0.08086336292610087,0.9912686644448783
integer_bin_reference,27,115,-0.27220496864949917,0.9237899073560084
integer_bin_reference,27,116,-0.6224505951036903,0.7564478955389048
integer_bin_reference,27,117,-0.9203399024579684,0.5059652193735777
integer_bin_reference,27,118,-1.02018566800058,0.15025344482829703
integer_bin_reference,27,119,-0.9446852434893722,-0.275598203211341
integer_bin_reference,27,120,-0.7932521180113564,-0.6986604020008171
integer_bin_reference,27,121,-0.458865085235295,-0.8703467780218016
integer_bin_reference,27,122,-0.0652203197017252,-0.9878167605449848
integer_bin_reference,27,123,0.2819065578299287,-0.9730830858503623
integer_bin_reference,27,124,0.6719556760053429,-0.7450394276573562
integer_bin_reference,27,125,0.9072154927719082,-0.43143522147556046
integer_bin_reference,27,126,0.9646455012437961,-0.0702556412982353
integer_bin_reference,27,127,0.9914645312909955,0.34381216509502666
integer_bin_reference,28,0,0.44335226735810496,0.9391324604301997
integer_bin_reference,28,1,0.032439271305161395,1.0177882825688562
integer_bin_reference,28,2,-0.34928769049922037,0.9585950374494983
integer_bin_reference,28,3,-0.6924334978751804,0.696049939000353
integer_bin_reference,28,4,-0.912697964170008,0.35479433636438157
integer_bin_reference,28,5,-0.9337996666268317,-0.02221150403421657
integer_bin_reference,28,6,-0.8840142618362542,-0.4035462654203536
integer_bin_reference,28,7,-0.691795615593245,-0.668601285522727
integer_bin_reference,28,8,-0.37913633578520883,-0.9908584202512021
integer_bin_reference,28,9,0.0307079233804002,-1.0219709840667601
integer_bin_reference,28,10,0.36063622956274277,-0.9761748050997775
integer_bin_reference,28,11,0.7537474476316747,-0.687484165579252
integer_bin_reference,28,12,0.967363266303527,-0.3508687559709525
integer_bin_reference,28,13,1.0344732480638223,0.009451733386019914
integer_bin_reference,28,14,0.8890703060154113,0.42098154126743736
integer_bin_reference,28,15,0.6550028840620341,0.7058089152624761
integer_bin_reference,28,16,0.4126291215400736,0.986305257733174
integer_bin_reference,28,17,-0.003958112991289957,0.9763383586941584
integer_bin_reference,28,18,-0.33282456323812637,0.9357244677271777
integer_bin_reference,28,19,-0.7588301008836502,0.6952617405959427
integer_bin_reference,28,20,-0.9124030443120937,0.36793346702588303
integer_bin_reference,28,21,-0.9724991671322144,0.036477372870486066
integer_bin_reference,28,22,-0.9702723540573471,-0.3611207345905328
integer_bin_reference,28,23,-0.689009748848559,-0.7416149106081712
integer_bin_reference,28,24,-0.3290886785430521,-0.8575171052594441
integer_bin_reference,28,25,-0.021411375787936743,-1.010161411957355
integer_bin_reference,28,26,0.3979165921917547,-0.8674030024672664
integer_bin_reference,28,27,0.7556646021899083,-0.6792115472306035
integer_bin_reference,28,28,0.8705512648337067,-0.3536126616921679
integer_bin_reference,28,29,1.0201945850998506,-0.003619661401891196
integer_bin_reference,28,30,0.9078122896867233,0.37802032889764975
integer_bin_reference,28,31,0.7141986913523857,0.6849124201882255
integer_bin_reference,28,32,0.39507015283876995,0.9780661172700177
integer_bin_reference,28,33,0.010607386058549105,1.0371787996952981
integer_bin_reference,28,34,-0.3645351743411766,0.8997472765780034
integer_bin_reference,28,35,-0.7033352917628867,0.7067936200122761
integer_bin_reference,28,36,-0.9342553749359552,0.37535680855462317
integer_bin_reference,28,37,-0.9771442605385087,0.030722347173813867
integer_bin_reference,28,38,-0.8915526250842011,-0.36795911890245186
integer_bin_reference,28,39,-0.759871159242766,-0.74094684075984
integer_bin_reference,28,40,-0.36216388266772886,-0.923179230080618
integer_bin_reference,28,41,-0.006001203253154798,-0.9828249598000476
integer_bin_reference,28,42,0.3894558189986301,-0.9325470693431704
integer_bin_reference,28,43,0.6992916268738181,-0.7244687749650432
integer_bin_reference,28,44,0.9625949401059959,-0.34927287883084024
integer_bin_reference,28,45,0.9950776166965989,-0.0349171199074449
integer_bin_reference,28,46,0.9309502752343027,0.3559455979192726
integer_bin_reference,28,47,0.6984719748901679,0.7139777683404956
integer_bin_reference,28,48,0.3436989358339964,0.9700127029761265
integer_bin_reference,28,49,0.058996796529149756,0.9572753449850098
integer_bin_reference,28,50,-0.388377221282904,0.9260822008075035
integer_bin_reference,28,51,-0.6446666725994051,0.6893782138421788
integer_bin_reference,28,52,-0.9065044560251915,0.4155300376007699
integer_bin_reference,28,53,-1.0167425287063097,0.024966987824053388
integer_bin_reference,28,54,-0.9297485775701241,-0.37965995404341607
integer_bin_reference,28,55,-0.7394063757891349,-0.6946577833649333
integer_bin_reference,28,56,-0.34295381363486677,-0.9340727034457399
integer_bin_reference,28,57,-0.02285508819588628,-1.010986559620327
integer_bin_reference,28,58,0.38884258489278933,-0.897243958949105
integer_bin_reference,28,59,0.6873149296957501,-0.7255072798322665
integer_bin_reference,28,60,0.9538232769516045,-0.3619323811102787
integer_bin_reference,28,61,0.9786484084978129,0.03257350947912054
integer_bin_reference,28,62,0.9619085545640592,0.3714268486785847
integer_bin_reference,28,63,0.7121635003820848,0.7263543351718529
integer_bin_reference,28,64,0.40932073297603777,0.9144699674392255
integer_bin_reference,28,65,-0.025405246186425357,0.9961257705994375
integer_bin_reference,28,66,-0.3987850880190188,0.9201623242894231
integer_bin_reference,28,67,-0.7192008014831555,0.7634212626243754
integer_bin_reference,28,68,-0.9639499734670682,0.3790716111167588
integer_bin_reference,28,69,-0.9501335894085512,-0.027283968602800038
integer_bin_reference,28,70,-0.9684463351950547,-0.3755678159951295
integer_bin_reference,28,71,-0.7202726789626152,-0.676244367506507
integer_bin_reference,28,72,-0.3722835405632439,-0.9568419745964689
integer_bin_reference,28,73,0.03650619531598318,-1.0082120788621993
integer_bin_reference,28,74,0.4345468376074821,-0.944590957560015
integer_bin_reference,28,75,0.6864167794315433,-0.787919488910104
integer_bin_reference,28,76,0.954316508594358,-0.3729974206364122
integer_bin_reference,28,77,1.0280687225300245,0.004976681697508142
integer_bin_reference,28,78,0.9439833371217583,0.40712530830193466
integer_bin_reference,28,79,0.7560420887257688,0.7263123917918993
integer_bin_reference,28,80,0.3259583319459268,0.8949181572382526
integer_bin_reference,28,81,-0.07048028871303282,1.0381386040521392
integer_bin_reference,28,82,-0.35094894036025365,0.9096665860723537
integer_bin_reference,28,83,-0.6859469951529774,0.7536750172300885
integer_bin_reference,28,84,-0.8699487093263507,0.3679886627046083
integer_bin_reference,28,85,-1.0144638530903158,-0.024188177184919325
integer_bin_reference,28,86,-0.8926971429154247,-0.3352480567417165
integer_bin_reference,28,87,-0.6997006910667773,-0.7093424923253152
integer_bin_reference,28,88,-0.37119921809469136,-0.9258816687640169
integer_bin_reference,28,89,-0.018212112981456106,-0.9817487798587999
integer_bin_reference,28,90,0.35740177386892336,-0.9427947239303932
integer_bin_reference,28,91,0.714212701250571,-0.6860126732962403
integer_bin_reference,28,92,0.9123012170138532,-0.3987904406367729
integer_bin_reference,28,93,1.0053603015398072,-0.042889634438221066
integer_bin_reference,28,94,0.9236776038004448,0.41280041063015976
integer_bin_reference,28,95,0.713682543128998,0.6920223046113066
integer_bin_reference,28,96,0.3610192814765908,0.9741214255922889
integer_bin_reference,28,97,-0.03878114387462284,0.9281150826328505
integer_bin_reference,28,98,-0.348417444365035,0.921017139275386
integer_bin_reference,28,99,-0.7131432458240196,0.6648782993849955
integer_bin_reference,28,100,-0.9123389378509692,0.37801177237810724
integer_bin_reference,28,101,-0.9501866750244765,-0.0015885401229527977
integer_bin_reference,28,102,-0.8556093153182588,-0.40770181316333276
integer_bin_reference,28,103,-0.684218087738646,-0.6480392977200172
integer_bin_reference,28,104,-0.33998793535658706,-0.9104676150762223
integer_bin_reference,28,105,0.020505557203135294,-1.0368964642069443
integer_bin_reference,28,106,0.4059149600154681,-0.9136623119512897
integer_bin_reference,28,107,0.7139595453829067,-0.6958236970566571
integer_bin_reference,28,108,0.940485367932204,-0.37600827245064733
integer_bin_reference,28,109,1.020121528037157,0.00023010884203380168
integer_bin_reference,28,110,0.9360300326088358,0.3505803630995884
integer_bin_reference,28,111,0.7198973069321295,0.7392834973004104
integer_bin_reference,28,112,0.3632452799016519,0.9401185744995296
integer_bin_reference,28,113,-0.015528690713888486,0.9871271370712105
integer_bin_reference,28,114,-0.3506029241246534,0.9218825989280618
integer_bin_reference,28,115,-0.694000833027371,0.701641449064591
integer_bin_reference,28,116,-0.8795935209765413,0.3618221029901397
integer_bin_reference,28,117,-1.0024976756606399,-0.020422170298545275
integer_bin_reference,28,118,-1.0044657034337885,-0.3603442644793302
integer_bin_reference,28,119,-0.7306663277978362,-0.7312600279770836
integer_bin_reference,28,120,-0.31039611074612194,-0.8921514830094619
integer_bin_reference,28,121,-0.04380262164086508,-0.9841439975999279
integer_bin_reference,28,122,0.4331953466625586,-0.9195066896096551
integer_bin_reference,28,123,0.6811253654703611,-0.6881440884294359
integer_bin_reference,28,124,0.918093945497661,-0.3473016065293016
integer_bin_reference,28,125,1.0052069082078217,-0.003901809787197369
integer_bin_reference,28,126,0.9479909886055148,0.42844530316171564
integer_bin_reference,28,127,0.7674958977238833,0.7012328572450801
integer_bin_reference,29,0,-0.08842870749259646,1.0526221345581206
integer_bin_reference,29,1,-0.461221455986684,0.8751798741880581
integer_bin_reference,29,2,-0.7189842820713332,0.5333118106083566
integer_bin_reference,29,3,-0.9605276649507346,0.2627255508310218
integer_bin_reference,29,4,-0.9523793726029228,-0.07999872910470646
integer_bin_reference,29,5,-0.9016819396340352,-0.48041826222257833
integer_bin_reference,29,6,-0.6350387829519957,-0.7600003369286799
integer_bin_reference,29,7,-0.34130043530094833,-0.9916558726283743
integer_bin_reference,29,8,0.09033340350239866,-1.0110053522342302
integer_bin_reference,29,9,0.47875741629001506,-0.8769048334003042
integer_bin_reference,29,10,0.7928753370294734,-0.6474989676350147
integer_bin_reference,29,11,1.0111370823257453,-0.29720430226577915
integer_bin_reference,29,12,1.0122401339620044,0.08471147184973501
integer_bin_reference,29,13,0.8574109990435751,0.5074544427066616
integer_bin_reference,29,14,0.6691104291110139,0.8092070474947373
integer_bin_reference,29,15,0.2516445479678709,0.9719775609131275
integer_bin_reference,29,16,-0.1271680266054467,0.9750766897230767
integer_bin_reference,29,17,-0.4993147191988523,0.9488450834121414
integer_bin_reference,29,18,-0.8096435194764869,0.6336985334998839
integer_bin_reference,29,19,-0.9966760931185111,0.34068240991480836
integer_bin_reference,29,20,-0.9820027146511356,-0.08617150574879424
integer_bin_reference,29,21,-0.9348234006936845,-0.5003646178289066
integer_bin_reference,29,22,-0.5816623661493341,-0.7654287802517755
integer_bin_reference,29,23,-0.2827408707481442,-0.9400039935726241
integer_bin_reference,29,24,0.09375850262582565,-0.980578917506381
integer_bin_reference,29,25,0.4692094042238868,-0.8872077641546776
integer_bin_reference,29,26,0.6990579126951939,-0.6171795531964717
integer_bin_reference,29,27,0.9508720898992545,-0.3010441644482554
integer_bin_reference,29,28,0.9955321727229999,0.06822329588265134
integer_bin_reference,29,29,0.8501748394102424,0.45424820581040437
integer_bin_reference,29,30,0.6146722454747383,0.7445768718896961
integer_bin_reference,29,31,0.2605169628885288,0.9157043334874339
integer_bin_reference,29,32,-0.08811303404364185,0.9479517013713045
integer_bin_reference,29,33,-0.47269643471507944,0.8996340388131637
integer_bin_reference,29,34,-0.7615612120306781,0.6399068280604004
integer_bin_reference,29,35,-0.9763299187675041,0.2928655950174073
integer_bin_reference,29,36,-1.0161297807551557,-0.08784778712455871
integer_bin_reference,29,37,-0.9275757611083215,-0.4983891959641844
integer_bin_reference,29,38,-0.604373128625492,-0.7669415721488347
integer_bin_reference,29,39,-0.3761632244734382,-1.0184224744448767
integer_bin_reference,29,40,0.10288818385301987,-0.998467351263339
integer_bin_reference,29,41,0.5024200054415996,-0.8874034723006409
integer_bin_reference,29,42,0.8101805951398388,-0.6386479998204487
integer_bin_reference,29,43,0.9492989488901274,-0.29443350962805936
integer_bin_reference,29,44,1.0109160114295275,0.04911777580154881
integer_bin_reference,29,45,0.8721098779669003,0.466601624417305
integer_bin_reference,29,46,0.6832561593076719,0.747582134627443
integer_bin_reference,29,47,0.2824909929818468,0.9180064818528137
integer_bin_reference,29,48,-0.10376021891653758,1.0024411215815197
integer_bin_reference,29,49,-0.49306433555728957,0.8928782381653902
integer_bin_reference,29,50,-0.7953998270762095,0.6450792808835233
integer_bin_reference,29,51,-0.9447284563581485,0.29915012045707107
integer_bin_reference,29,52,-0.9970777539706265,-0.14781144132827434
integer_bin_reference,29,53,-0.8928342741523102,-0.4891607607357923
integer_bin_reference,29,54,-0.6009702200362499,-0.7424478491329428
integer_bin_reference,29,55,-0.338210964779586,-0.9404954462764669
integer_bin_reference,29,56,0.13597095143362983,-0.971343023206317
integer_bin_reference,29,57,0.42879795034672885,-0.8571079645367953
integer_bin_reference,29,58,0.771030116823863,-0.6446362337497472
integer_bin_reference,29,59,0.9320293937007242,-0.2902112886089162
integer_bin_reference,29,60,1.013744972580165,0.10891544419109774
integer_bin_reference,29,61,0.9282716715570151,0.4824763579958223
integer_bin_reference,29,62,0.6587183811929616,0.7692404419386877
integer_bin_reference,29,63,0.30001502570901206,0.991304539245573
integer_bin_reference,29,64,-0.10049646107151874,0.9784049250317421
integer_bin_reference,29,65,-0.4752289175877661,0.8926293708419611
integer_bin_reference,29,66,-0.7523162506262538,0.63844002987018
integer_bin_reference,29,67,-0.9744179733597229,0.30168757563981824
integer_bin_reference,29,68,-0.9606920869333386,-0.1532723248540111
integer_bin_reference,29,69,-0.880663838429081,-0.4624800371414267
integer_bin_reference,29,70,-0.6267748395879035,-0.8144413474940726
integer_bin_reference,29,71,-0.31291269026686735,-0.9453858461417113
integer_bin_reference,29,72,0.13501132682701644,-1.0424938791306892
integer_bin_reference,29,73,0.4655647055402719,-0.880005712012758
integer_bin_reference,29,74,0.7833383484321271,-0.6372277233482457
integer_bin_reference,29,75,0.943162609827191,-0.28839735144602696
integer_bin_reference,29,76,1.0025055966528036,0.14026825723912248
integer_bin_reference,29,77,0.8311509086084912,0.4547325540780152
integer_bin_reference,29,78,0.6829143029835714,0.8017680966727053
integer_bin_reference,29,79,0.26878589534235237,0.9458273955996515
integer_bin_reference,29,80,-0.09206117432324468,1.0435683216622775
integer_bin_reference,29,81,-0.46259263345766743,0.8773533229876742
integer_bin_reference,29,82,-0.80283817162884,0.5863216940931231
integer_bin_reference,29,83,-0.9548793589141058,0.3273915909691553
integer_bin_reference,29,84,-1.013900333854439,-0.08174021659689129
integer_bin_reference,29,85,-0.8955253665234311,-0.4917470675332497
integer_bin_reference,29,86,-0.6746693475755491,-0.7413877350555843
integer_bin_reference,29,87,-0.2795617021773431,-1.0089641531137694
integer_bin_reference,29,88,0.13639269961607753,-0.9960235084248009
integer_bin_reference,29,89,0.4162456291725573,-0.8790849347829774
integer_bin_reference,29,90,0.7512332473443954,-0.6554473441574785
integer_bin_reference,29,91,0.9573312225678675,-0.26202099419291597
integer_bin_reference,29,92,0.9611499801170748,0.13732841330118073
integer_bin_reference,29,93,0.8629198875917964,0.4375365893583143
integer_bin_reference,29,94,0.6372580119732982,0.7685284870176512
integer_bin_reference,29,95,0.31340104687860015,0.9617714880656454
integer_bin_reference,29,96,-0.13932443792340163,1.032771399990797
integer_bin_reference,29,97,-0.3962579911469871,0.8489664323551782
integer_bin_reference,29,98,-0.7656021120959147,0.617651722562362
integer_bin_reference,29,99,-0.9673266354933496,0.29747694462762037
integer_bin_reference,29,100,-0.9935351149570393,-0.14026842556286512
integer_bin_reference,29,101,-0.863550722004067,-0.4618523309181545
integer_bin_reference,29,102,-0.6901390105029702,-0.743178110955055
integer_bin_reference,29,103,-0.28239817239179965,-0.9491383925657767
integer_bin_reference,29,104,0.07952939081709762,-1.0395644360714866
integer_bin_reference,29,105,0.5126796115709856,-0.9048988562030001
integer_bin_reference,29,106,0.8162439266218298,-0.5644009906067068
integer_bin_reference,29,107,0.9016505965153951,-0.32779236025645386
integer_bin_reference,29,108,0.9846431476243467,0.09862782837232352
integer_bin_reference,29,109,0.8193253425836905,0.43691996215106066
integer_bin_reference,29,110,0.6101707670432499,0.8166777552138621
integer_bin_reference,29,111,0.2769798593362558,0.9434895061116023
integer_bin_reference,29,112,-0.14703725928952188,0.9857264048289665
integer_bin_reference,29,113,-0.4548983508504042,0.8844340410683343
integer_bin_reference,29,114,-0.6965410836341731,0.6504466651256021
integer_bin_reference,29,115,-0.9735207430747892,0.3095540698778901
integer_bin_reference,29,116,-1.0003594108950598,-0.11908667634437095
integer_bin_reference,29,117,-0.8469307857096039,-0.4336544135345779
integer_bin_reference,29,118,-0.6522757744335467,-0.844083533851814
integer_bin_reference,29,119,-0.26808309251986145,-1.0144036385944126
integer_bin_reference,29,120,0.123237441908945,-0.985597957597244
integer_bin_reference,29,121,0.4634770080406205,-0.8865286327816212
integer_bin_reference,29,122,0.7965788992476563,-0.6433139923073575
integer_bin_reference,29,123,0.9668959271739037,-0.26155021155138536
integer_bin_reference,29,124,1.0444799102561722,0.14780879624943166
integer_bin_reference,29,125,0.8931752047877736,0.440480765279857
integer_bin_reference,29,126,0.5957690735000658,0.7935058612452359
integer_bin_reference,29,127,0.2997846759452594,0.9859562602383235
integer_bin_reference,30,0,-0.5818792079852763,0.8507185909502638
integer_bin_reference,30,1,-0.765999921260437,0.5119333911334932
integer_bin_reference,30,2,-0.9925761915101737,0.16127209358825526
integer_bin_reference,30,3,-1.014302832239104,-0.23372920224185637
integer_bin_reference,30,4,-0.7992090041414408,-0.5634580435680081
integer_bin_reference,30,5,-0.5446246181619359,-0.8576179727314429
integer_bin_reference,30,6,-0.1601781443971822,-0.9732697031905334
integer_bin_reference,30,7,0.19943429749022445,-0.9468878177562707
integer_bin_reference,30,8,0.5588608942493145,-0.8284913073018608
integer_bin_reference,30,9,0.8452004928985274,-0.6066108440986806
integer_bin_reference,30,10,0.9573784950614406,-0.1912320184742964
integer_bin_reference,30,11,0.9997213953741741,0.2277837436163946
integer_bin_reference,30,12,0.8280865929015636,0.5660915073465903
integer_bin_reference,30,13,0.5601057839985939,0.8201875493403795
integer_bin_reference,30,14,0.17546091610675005,0.9618495850505151
integer_bin_reference,30,15,-0.16399179946323356,0.9944379846120354
integer_bin_reference,30,16,-0.5639163317544076,0.8064265762450246
integer_bin_reference,30,17,-0.8512564985666974,0.5684796842757773
integer_bin_reference,30,18,-0.9869369562022803,0.1098190282781083
integer_bin_reference,30,19,-0.9756712088517907,-0.26032832402896366
integer_bin_reference,30,20,-0.8396437897926697,-0.5403833882836834
integer_bin_reference,30,21,-0.48402754078246113,-0.8642699338293317
integer_bin_reference,30,22,-0.21357754704383142,-0.9682572144907231
integer_bin_reference,30,23,0.2618800378700327,-0.956466967180049
integer_bin_reference,30,24,0.5516855694830947,-0.8167487315999927
integer_bin_reference,30,25,0.8577589738468955,-0.5693810531879623
integer_bin_reference,30,26,0.9651653232418722,-0.19645963816570988
integer_bin_reference,30,27,0.9702307816380937,0.2819600209144718
integer_bin_reference,30,28,0.8131060715103429,0.5075490304004102
integer_bin_reference,30,29,0.5594446202726547,0.8193085617921926
integer_bin_reference,30,30,0.17329452703449152,0.9643641348243426
integer_bin_reference,30,31,-0.1553948046940566,0.974547868077551
integer_bin_reference,30,32,-0.5936418315238492,0.8440619908658984
integer_bin_reference,30,33,-0.8270751451261171,0.4938086518744304
integer_bin_reference,30,34,-0.9809387792541311,0.18793542755650583
integer_bin_reference,30,35,-0.9946253072131622,-0.1501473398469714
integer_bin_reference,30,36,-0.8595712528213127,-0.546914288004231
integer_bin_reference,30,37,-0.579216692540229,-0.8281026542444693
integer_bin_reference,30,38,-0.1219559109888658,-0.9343880178812219
integer_bin_reference,30,39,0.20148067224436156,-1.0147323725950426
integer_bin_reference,30,40,0.567550081583921,-0.8432009375373348
integer_bin_reference,30,41,0.8294525184410596,-0.5080256991549253
integer_bin_reference,30,42,1.003865771760342,-0.14938467562581575
integer_bin_reference,30,43,0.9551944012410493,0.24771976480514374
integer_bin_reference,30,44,0.8268373989727245,0.5185513477179833
integer_bin_reference,30,45,0.5845912030536218,0.8264560422213033
integer_bin_reference,30,46,0.23401265166091212,0.9995246201399096
integer_bin_reference,30,47,-0.18534366586585882,0.9538322541014516
integer_bin_reference,30,48,-0.5490162957014503,0.7929420438834182
integer_bin_reference,30,49,-0.8148600177932382,0.5711556610039719
integer_bin_reference,30,50,-1.0175945893532994,0.22379507892836542
integer_bin_reference,30,51,-0.9594045492664097,-0.18377136400578287
integer_bin_reference,30,52,-0.8568530269788814,-0.49560440018515417
integer_bin_reference,30,53,-0.5829784978876996,-0.8079881845214206
integer_bin_reference,30,54,-0.18501923334591305,-0.9994706331021038
integer_bin_reference,30,55,0.18340365108212756,-0.967400576120433
integer_bin_reference,30,56,0.5326362310067163,-0.8028342260926441
integer_bin_reference,30,57,0.8646412591707962,-0.504600436575719
integer_bin_reference,30,58,0.9609654935796582,-0.22262701361275053
integer_bin_reference,30,59,0.9556712006981645,0.24021535193230123
integer_bin_reference,30,60,0.857437422798052,0.5704643703723475
integer_bin_reference,30,61,0.5136934803490195,0.882448165183624
integer_bin_reference,30,62,0.19103003708188407,0.9480125876340817
integer_bin_reference,30,63,-0.25990415359314467,0.9752952576616576
integer_bin_reference,30,64,-0.5761689294445107,0.8296091527346017
integer_bin_reference,30,65,-0.8604059935170925,0.5915490242044227
integer_bin_reference,30,66,-0.9310740808964085,0.17304528377238404
integer_bin_reference,30,67,-1.0059807546109636,-0.21386067404683912
integer_bin_reference,30,68,-0.8021027731218016,-0.5538536507037454
integer_bin_reference,30,69,-0.5613260667149604,-0.8671184247289828
integer_bin_reference,30,70,-0.18970003105354646,-1.0134842175015508
integer_bin_reference,30,71,0.21405532349652734,-0.9876001607779636
integer_bin_reference,30,72,0.5417766843995447,-0.8326641888286642
integer_bin_reference,30,73,0.80811465727853,-0.5740136063763447
integer_bin_reference,30,74,0.9757212096248026,-0.23386689828297852
integer_bin_reference,30,75,1.0294706076946514,0.1906248352343376
integer_bin_reference,30,76,0.8507059395323084,0.625981449201432
integer_bin_reference,30,77,0.5629192744622125,0.8761663225866226
integer_bin_reference,30,78,0.20555851682254553,1.0023406024556811
integer_bin_reference,30,79,-0.20351346748060165,0.9650374044555678
integer_bin_reference,30,80,-0.5466338967405424,0.8784295778800102
integer_bin_reference,30,81,-0.7764513760999062,0.6080340969137265
integer_bin_reference,30,82,-0.9734987296387939,0.16904530215775193
integer_bin_reference,30,83,-1.008830800426509,-0.20200314143018847
integer_bin_reference,30,84,-0.8902814463710217,-0.5809569037636062
integer_bin_reference,30,85,-0.5362820373017662,-0.8015222183712395
integer_bin_reference,30,86,-0.21329489935841028,-0.9911305207454655
integer_bin_reference,30,87,0.1784974449606422,-0.9747862036241344
integer_bin_reference,30,88,0.5556649940803176,-0.830916870678881
integer_bin_reference,30,89,0.7856476637400479,-0.5427878831117668
integer_bin_reference,30,90,1.0119929752098014,-0.19488949250080612
integer_bin_reference,30,91,0.9428362606809766,0.16468287756491093
integer_bin_reference,30,92,0.8251027823358206,0.5532190925179428
integer_bin_reference,30,93,0.5277652007953586,0.8667248582585341
integer_bin_reference,30,94,0.1708656379027519,0.9969526318201862
integer_bin_reference,30,95,-0.2530135142049604,0.9922327370115115
integer_bin_reference,30,96,-0.5869010892694869,0.8168362020062953
integer_bin_reference,30,97,-0.8144571837171596,0.5154222773959645
integer_bin_reference,30,98,-0.9441065387435174,0.1874873930349593
integer_bin_reference,30,99,-0.9757032947489968,-0.17042099337961975
integer_bin_reference,30,100,-0.8307069433404867,-0.5804814417845482
integer_bin_reference,30,101,-0.5495550542517672,-0.8231366610879085
integer_bin_reference,30,102,-0.18079609867675023,-0.971835496843647
integer_bin_reference,30,103,0.18521010594416967,-0.9777721799849057
integer_bin_reference,30,104,0.5472084857949748,-0.7964995439564321
integer_bin_reference,30,105,0.8629467630717786,-0.5790712794434717
integer_bin_reference,30,106,0.941514175470244,-0.23836176460579572
integer_bin_reference,30,107,1.0177228070799358,0.18749263299208058
integer_bin_reference,30,108,0.7984906531691942,0.6383189865658755
integer_bin_reference,30,109,0.5785640902667727,0.8301947581424423
integer_bin_reference,30,110,0.1548222453237914,0.938729350973683
integer_bin_reference,30,111,-0.19350682935504396,0.975290682883707
integer_bin_reference,30,112,-0.5475782355772653,0.8346071506238896
integer_bin_reference,30,113,-0.8506984940913681,0.5283277825520459
integer_bin_reference,30,114,-0.9684005184921054,0.17160441896015247
integer_bin_reference,30,115,-0.9955097020155665,-0.24072291302291718
integer_bin_reference,30,116,-0.8714904625966332,-0.5904346388954818
integer_bin_reference,30,117,-0.48595577471714546,-0.7825495939019683
integer_bin_reference,30,118,-0.1644340476452781,-0.9663600360290144
integer_bin_reference,30,119,0.20126572651722774,-0.9843337921718092
integer_bin_reference,30,120,0.5161379133883314,-0.8224211179279963
integer_bin_reference,30,121,0.7796617994876098,-0.5715198333422702
integer_bin_reference,30,122,0.9739106334409027,-0.19184701750966657
integer_bin_reference,30,123,0.9604188156575415,0.2143026310736671
integer_bin_reference,30,124,0.8390926306582696,0.5242951759127438
integer_bin_reference,30,125,0.5719675242962114,0.808072508379701
integer_bin_reference,30,126,0.16441270432701827,1.015254054782414
integer_bin_reference,30,127,-0.1604751375788874,0.972900199216038
integer_bin_reference,31,0,-0.9098388928997714,0.4598587086303344
integer_bin_reference,31,1,-1.0149443957329514,0.1396864546425901
integer_bin_reference,31,2,-0.893590095243415,-0.34048038835700384
integer_bin_reference,31,3,-0.7487055338802512,-0.639316888278591
integer_bin_reference,31,4,-0.47411747142087185,-0.8767332573036377
integer_bin_reference,31,5,-0.0888341510218268,-0.9470874633765946
integer_bin_reference,31,6,0.3237257769724053,-0.9361962371000652
integer_bin_reference,31,7,0.6699945285510489,-0.7929329323072779
integer_bin_reference,31,8,0.907528391334724,-0.5270609736078727
integer_bin_reference,31,9,0.983406896558094,-0.12403251244683389
integer_bin_reference,31,10,0.9976307025100049,0.31644487867563037
integer_bin_reference,31,11,0.7782143234243537,0.6448907559832749
integer_bin_reference,31,12,0.4617002333398592,0.8830357121514391
integer_bin_reference,31,13,0.13399364746569847,0.9887969070090983
integer_bin_reference,31,14,-0.3140513255837873,0.9706195194145057
integer_bin_reference,31,15,-0.6560985877657826,0.7990262474206352
integer_bin_reference,31,16,-0.8590520376526253,0.4966317154678165
integer_bin_reference,31,17,-0.9919226194819303,0.11442683632295139
integer_bin_reference,31,18,-0.9386068663660857,-0.33072229885226095
integer_bin_reference,31,19,-0.7763297672086836,-0.5861338862864838
integer_bin_reference,31,20,-0.46762728233847,-0.8902747931934712
integer_bin_reference,31,21,-0.1317991302637768,-0.9597251882554992
integer_bin_reference,31,22,0.2754499616443378,-0.9699677381786447
integer_bin_reference,31,23,0.5314872266290009,-0.7803483993195786
integer_bin_reference,31,24,0.8373964229416122,-0.492601813258689
integer_bin_reference,31,25,0.9804909260233233,-0.11792022883351519
integer_bin_reference,31,26,0.9228228428096602,0.28344183102065124
integer_bin_reference,31,27,0.8276843560257867,0.6500506296731055
integer_bin_reference,31,28,0.45768047422537983,0.8479440848641547
integer_bin_reference,31,29,0.11395679517420657,1.011457251210885
integer_bin_reference,31,30,-0.317384893557394,0.967503582919308
integer_bin_reference,31,31,-0.6417182075704684,0.7816934464408212
integer_bin_reference,31,32,-0.900977578006175,0.47083522481980605
integer_bin_reference,31,33,-0.9894991259389064,0.12004339266483738
integer_bin_reference,31,34,-0.958641705310399,-0.2885254918428937
integer_bin_reference,31,35,-0.79544750060824,-0.6513005343540348
integer_bin_reference,31,36,-0.4308546057800198,-0.8863884132688993
integer_bin_reference,31,37,-0.06845427432794801,-1.0026180052985232
integer_bin_reference,31,38,0.2845307896748532,-0.9949947335561687
integer_bin_reference,31,39,0.6627978571411485,-0.790215426073232
integer_bin_reference,31,40,0.8777242468396269,-0.5001043675934319
integer_bin_reference,31,41,1.0017694849819703,-0.11091633975768517
integer_bin_reference,31,42,1.0242831034504927,0.2521473765057882
integer_bin_reference,31,43,0.7808704067583331,0.649717549586687
integer_bin_reference,31,44,0.487649705212267,0.9175512526330412
integer_bin_reference,31,45,0.11801789469412374,0.9416326091037829
integer_bin_reference,31,46,-0.2414278629234519,0.9615251006194021
integer_bin_reference,31,47,-0.6193494091391463,0.7458693617453586
integer_bin_reference,31,48,-0.8455504982366893,0.5020816531815893
integer_bin_reference,31,49,-0.9860262938057228,0.0955570347976819
integer_bin_reference,31,50,-0.9481809861116387,-0.2050481112378414
integer_bin_reference,31,51,-0.8218082305660956,-0.7024600923193238
integer_bin_reference,31,52,-0.42174453803050727,-0.9248098198992162
integer_bin_reference,31,53,-0.06855080690969909,-1.0387550654377038
integer_bin_reference,31,54,0.2866000482165698,-0.880322374917422
integer_bin_reference,31,55,0.6620496919347747,-0.7408669345347001
integer_bin_reference,31,56,0.8708535031013314,-0.42281241263925873
integer_bin_reference,31,57,0.9766601929347113,-0.11096609441057648
integer_bin_reference,31,58,0.9831155060052643,0.28866253384241625
integer_bin_reference,31,59,0.735830427881826,0.6910159449511871
integer_bin_reference,31,60,0.49747942284395547,0.8858925013076685
integer_bin_reference,31,61,0.1170962763277711,0.9674474915298769
integer_bin_reference,31,62,-0.3029693973962339,0.9457117694199553
integer_bin_reference,31,63,-0.6298119764889665,0.8012554426870031
integer_bin_reference,31,64,-0.8687436809147838,0.4879117655845235
integer_bin_reference,31,65,-0.9454066570257272,0.07046679231855324
integer_bin_reference,31,66,-1.0316571352515762,-0.2665497870656557
integer_bin_reference,31,67,-0.7290250427021259,-0.6425894210634815
integer_bin_reference,31,68,-0.45675451504767894,-0.9200640047081101
integer_bin_reference,31,69,-0.05487519470367683,-0.9982263189643511
integer_bin_reference,31,70,0.28761172600008694,-0.9704758876083447
integer_bin_reference,31,71,0.6448204137778855,-0.756408343261781
integer_bin_reference,31,72,0.8620652596751541,-0.4338246720579921
integer_bin_reference,31,73,0.9987930347606644,-0.07255670723907658
integer_bin_reference,31,74,0.9606866977131475,0.2880097663450694
integer_bin_reference,31,75,0.7226331242558719,0.6307943254700142
integer_bin_reference,31,76,0.44555239443081496,0.8746815820914812
integer_bin_reference,31,77,0.09572142193438146,1.0183741868560199
integer_bin_reference,31,78,-0.24288801533673693,1.0015936327397392
integer_bin_reference,31,79,-0.6463396228185202,0.7335125589842802
integer_bin_reference,31,80,-0.9231309634814915,0.4690090242348122
integer_bin_reference,31,81,-1.0546430373373905,0.10752686634108287
integer_bin_reference,31,82,-0.9798947229397367,-0.2761973767523587
integer_bin_reference,31,83,-0.8267621900325421,-0.6132508842259363
integer_bin_reference,31,84,-0.5048822663997494,-0.8911991867154714
integer_bin_reference,31,85,-0.05635429093678928,-0.9594845463940388
integer_bin_reference,31,86,0.27816905017707266,-0.9250348594803325
integer_bin_reference,31,87,0.6436917992566804,-0.8347360783833725
integer_bin_reference,31,88,0.8923317657629282,-0.47428184107161175
integer_bin_reference,31,89,0.9673780730315504,-0.06843973676957527
integer_bin_reference,31,90,0.9862161350860316,0.271238257265834
integer_bin_reference,31,91,0.7715319556716764,0.684563302452965
integer_bin_reference,31,92,0.47274614592377795,0.8488796940077251
integer_bin_reference,31,93,0.06768399979597511,0.951241472530699
integer_bin_reference,31,94,-0.3305760679003084,1.0091334553946378
integer_bin_reference,31,95,-0.5884700344067961,0.8003370822566563
integer_bin_reference,31,96,-0.8806543656833279,0.49937641116688725
integer_bin_reference,31,97,-1.0396131885951643,0.0644229235080171
integer_bin_reference,31,98,-0.9442492122391082,-0.2384701060170233
integer_bin_reference,31,99,-0.7574839213515274,-0.6763135535465745
integer_bin_reference,31,100,-0.4747420776205693,-0.847726330944283
integer_bin_reference,31,101,-0.06639808394260915,-1.0270443933987854
integer_bin_reference,31,102,0.27472813132741947,-0.9900226369455707
integer_bin_reference,31,103,0.641758929775084,-0.7251619496221284
integer_bin_reference,31,104,0.8853047461156782,-0.4192416433410041
integer_bin_reference,31,105,0.9781217455991841,-0.04521421936099325
integer_bin_reference,31,106,0.8904808818969293,0.3090086365710379
integer_bin_reference,31,107,0.7854553365927551,0.6391180824312621
integer_bin_reference,31,108,0.43647349663355206,0.87030270858675
integer_bin_reference,31,109,0.06887987040870606,1.0245408829898919
integer_bin_reference,31,110,-0.28116580160536925,0.9372368349322937
integer_bin_reference,31,111,-0.6383641605395584,0.8306534046625573
integer_bin_reference,31,112,-0.8905178971822773,0.45099008200931767
integer_bin_reference,31,113,-1.0015035732121158,0.11915304194232704
integer_bin_reference,31,114,-0.9658568877765952,-0.2724008525671795
integer_bin_reference,31,115,-0.6994060709004293,-0.6707693704519863
integer_bin_reference,31,116,-0.470377569253734,-0.9353378950142311
integer_bin_reference,31,117,-0.10087707513273952,-0.9703266351477589
integer_bin_reference,31,118,0.3261518412353521,-0.9791755998042024
integer_bin_reference,31,119,0.5601383830924547,-0.7961709248234045
integer_bin_reference,31,120,0.9145438799658225,-0.4491436466980874
integer_bin_reference,31,121,0.9716942792138763,-0.07875343991975053
integer_bin_reference,31,122,0.9329779348151237,0.26001933282607503
integer_bin_reference,31,123,0.7776258171736308,0.7047009737144626
integer_bin_reference,31,124,0.49817047930451164,0.8830661604373209
integer_bin_reference,31,125,0.09132787768290351,0.9927468311994944
integer_bin_reference,31,126,-0.30753285384952334,0.9629844342195403
integer_bin_reference,31,127,-0.6193310702309353,0.7648269634910313
integer_bin_reference,32,0,-1.0253686665759871,-0.014338446082340904
integer_bin_reference,32,1,-0.9387896425405661,-0.4208842061388826
integer_bin_reference,32,2,-0.7535642991430613,-0.7057790229216716
integer_bin_reference,32,3,-0.41349411842682393,-0.9252925223895405
integer_bin_reference,32,4,0.002844062006076514,-0.9799269279875571
integer_bin_reference,32,5,0.34533202807976376,-0.8860184220603347
integer_bin_reference,32,6,0.7337706519042853,-0.6952045531749032
integer_bin_reference,32,7,0.9542136678054528,-0.4085251288206728
integer_bin_reference,32,8,1.0074820473225372,-0.015395469293459186
integer_bin_reference,32,9,0.9243566890087201,0.3896715152576963
integer_bin_reference,32,10,0.711385868018511,0.7153969666641928
integer_bin_reference,32,11,0.3487840538649042,0.8843195261687743
integer_bin_reference,32,12,0.009171903261590434,0.9357468592364212
integer_bin_reference,32,13,-0.4469481600909045,0.9799968893532012
integer_bin_reference,32,14,-0.6654523273400399,0.7109576708808326
integer_bin_reference,32,15,-0.9117485440611598,0.41277802481743825
integer_bin_reference,32,16,-1.0236202640255054,0.0005504110805623183
integer_bin_reference,32,17,-0.9361617105850318,-0.38916987812144865
integer_bin_reference,32,18,-0.7835721769529744,-0.7295173945965974
integer_bin_reference,32,19,-0.3879338696549364,-0.9461940157978955
integer_bin_reference,32,20,0.0450785506336686,-1.0201307810308764
integer_bin_reference,32,21,0.41107773307044554,-0.8882757619497657
integer_bin_reference,32,22,0.6821734856884839,-0.680972468462244
integer_bin_reference,32,23,0.8934683816309901,-0.38083977191502355
integer_bin_reference,32,24,0.9861743326595832,-0.004908342726152918
integer_bin_reference,32,25,0.9366193833514094,0.33562398236309027
integer_bin_reference,32,26,0.7230332476391821,0.647248207956369
integer_bin_reference,32,27,0.3142654993839608,0.9290972333287573
integer_bin_reference,32,28,0.03234124055527638,1.0423507759124866
integer_bin_reference,32,29,-0.39895535361025,0.9311337878210368
integer_bin_reference,32,30,-0.6715552126915275,0.6813136578568814
integer_bin_reference,32,31,-0.9289923734221919,0.35621105348803594
integer_bin_reference,32,32,-0.9785982227894382,-0.00032651375137819605
integer_bin_reference,32,33,-0.9929896201037278,-0.4094403283691063
integer_bin_reference,32,34,-0.6826659336644966,-0.6893241854829553
integer_bin_reference,32,35,-0.3573861370677129,-0.905204304724897
integer_bin_reference,32,36,0.007315924464869389,-1.0194504815688223
integer_bin_reference,32,37,0.37664401768373046,-0.8979761447904949
integer_bin_reference,32,38,0.6867673902862894,-0.7299507058404143
integer_bin_reference,32,39,0.9139517553360891,-0.36582036960490916
integer_bin_reference,32,40,1.0120972166490094,-0.03827546866715594
integer_bin_reference,32,41,0.8965167408583442,0.3980447898905143
integer_bin_reference,32,42,0.7039998967039413,0.6879393598394984
integer_bin_reference,32,43,0.3555158152644822,0.9162057116022131
integer_bin_reference,32,44,0.01926964683866453,0.9664095095683695
integer_bin_reference,32,45,-0.35468442357982494,0.9087478441571545
integer_bin_reference,32,46,-0.6943496192061611,0.7329049911930668
integer_bin_reference,32,47,-0.916777888053353,0.37804089227032794
integer_bin_reference,32,48,-0.9959264270296586,0.017084801872769874
integer_bin_reference,32,49,-0.9245289539268263,-0.3235998980799355
integer_bin_reference,32,50,-0.7443440292749008,-0.6911925284459
integer_bin_reference,32,51,-0.3775936787121074,-0.9154488541863117
integer_bin_reference,32,52,-0.002869041643665505,-1.0310390090176806
integer_bin_reference,32,53,0.3547260568622857,-0.9436829416359596
integer_bin_reference,32,54,0.6951084049391816,-0.6887225182061976
integer_bin_reference,32,55,0.8799545893432779,-0.39395472458014813
integer_bin_reference,32,56,0.9823620871883268,0.029765329670414453
integer_bin_reference,32,57,0.8852742189061937,0.3819173935060756
integer_bin_reference,32,58,0.6999431153823559,0.744760832624378
integer_bin_reference,32,59,0.37838029846227084,0.8866892675863227
integer_bin_reference,32,60,0.03457060957492239,1.0065491766643067
integer_bin_reference,32,61,-0.370623387520114,0.904720058633945
integer_bin_reference,32,62,-0.6836628280838434,0.699533660607889
integer_bin_reference,32,63,-0.9383694371658972,0.3438370939446105
integer_bin_reference,32,64,-1.0234266462954882,-0.02817424219271963
integer_bin_reference,32,65,-0.911218067316597,-0.38827182686304945
integer_bin_reference,32,66,-0.6946772592812878,-0.674141221703668
integer_bin_reference,32,67,-0.3984139617182573,-0.9211211978555741
integer_bin_reference,32,68,0.0036318412227198163,-1.0357241619411477
integer_bin_reference,32,69,0.38185619665960124,-0.9125338146842602
integer_bin_reference,32,70,0.7197144780346418,-0.7020013817693191
integer_bin_reference,32,71,0.976916293631645,-0.39616069321328673
integer_bin_reference,32,72,1.0104201777189672,-0.023617491333154664
integer_bin_reference,32,73,0.8892401583576574,0.3867894956647421
integer_bin_reference,32,74,0.6763726668254804,0.7045725821665739
integer_bin_reference,32,75,0.3434723595161654,0.9411114415918624
integer_bin_reference,32,76,-0.041195276633761775,1.0155094020576598
integer_bin_reference,32,77,-0.36966277884814736,0.938902803966061
integer_bin_reference,32,78,-0.740788861859666,0.6529594121617129
integer_bin_reference,32,79,-0.9179357163707313,0.41400436284660336
integer_bin_reference,32,80,-0.9589404381661117,-0.004271444426451765
integer_bin_reference,32,81,-0.9674285598917083,-0.3710673956322841
integer_bin_reference,32,82,-0.7216881066305716,-0.7158469521020665
integer_bin_reference,32,83,-0.3820468980749495,-0.9020512294399716
integer_bin_reference,32,84,0.04465193445122299,-0.9992909640098795
integer_bin_reference,32,85,0.336472907980015,-0.9692885877513726
integer_bin_reference,32,86,0.7006156353439478,-0.6990907775813048
integer_bin_reference,32,87,0.9145390625753927,-0.41620287676151163
integer_bin_reference,32,88,0.9755689460049195,0.06753339900211214
integer_bin_reference,32,89,0.9023865558116734,0.3725099184405835
integer_bin_reference,32,90,0.6713233515956138,0.650313397396769
integer_bin_reference,32,91,0.36745761627282264,0.9276792231683169
integer_bin_reference,32,92,0.015852443800697873,0.9761787844493457
integer_bin_reference,32,93,-0.40390851769131264,0.8996628296019356
integer_bin_reference,32,94,-0.7086129039445819,0.6948302090714894
integer_bin_reference,32,95,-0.8917753768664938,0.3816264348600553
integer_bin_reference,32,96,-0.9887795342390641,0.04579804481623179
integer_bin_reference,32,97,-0.9058892302322642,-0.36257045786473163
integer_bin_reference,32,98,-0.6915560569784416,-0.6933283163708234
integer_bin_reference,32,99,-0.33963863858211746,-0.8509811344263567
integer_bin_reference,32,100,0.045236044744332016,-1.0031096446865897
integer_bin_reference,32,101,0.4014845535086083,-0.9021649093866397
integer_bin_reference,32,102,0.7550464478220097,-0.7149214472868315
integer_bin_reference,32,103,0.9374558769725645,-0.36776786368891096
integer_bin_reference,32,104,1.0029723544539502,-0.0009089425191313972
integer_bin_reference,32,105,0.9581474900877678,0.3336809394005882
integer_bin_reference,32,106,0.7158825904657413,0.6872827447866159
integer_bin_reference,32,107,0.41721617030080727,0.915040017305179
integer_bin_reference,32,108,0.006605393420077859,0.9723484681392153
integer_bin_reference,32,109,-0.39954058436894846,0.9265678263470267
integer_bin_reference,32,110,-0.7004090255761896,0.7105563933172802
integer_bin_reference,32,111,-0.9424557917808031,0.38605564966271577
integer_bin_reference,32,112,-1.029209016974701,0.005632579236744253
integer_bin_reference,32,113,-0.9332105106171178,-0.39030548157574435
integer_bin_reference,32,114,-0.7264152911322939,-0.7254035564339287
integer_bin_reference,32,115,-0.3964238632226827,-0.937172937685113
integer_bin_reference,32,116,-0.01919239875380704,-1.081713981971852
integer_bin_reference,32,117,0.37209135495067436,-0.931645561000998
integer_bin_reference,32,118,0.6132628228044937,-0.7064476990418153
integer_bin_reference,32,119,0.9587393530368583,-0.3376852295121157
integer_bin_reference,32,120,1.0867593518943524,-0.011614969715083275
integer_bin_reference,32,121,0.932209468427259,0.2957894996578702
integer_bin_reference,32,122,0.697196694781185,0.7184152318324474
integer_bin_reference,32,123,0.3523261507736774,0.8607234053210562
integer_bin_reference,32,124,-0.03247350489219282,1.0328865556071691
integer_bin_reference,32,125,-0.367902696578801,0.9469772873927894
integer_bin_reference,32,126,-0.6935419445622266,0.7179250232106548
integer_bin_reference,32,127,-0.9076150543677495,0.36694044849918306
integer_bin_reference,33,0,-0.8813131004202723,-0.4750528984727261
integer_bin_reference,33,1,-0.6538766052262269,-0.8041230207948751
integer_bin_reference,33,2,-0.3034650737154383,-0.9995241885838541
integer_bin_reference,33,3,0.10319284399374029,-0.9946027990674774
integer_bin_reference,33,4,0.48505469069872076,-0.8996056761755911
integer_bin_reference,33,5,0.7264152265871321,-0.6258689402082153
integer_bin_reference,33,6,0.9391940643625543,-0.3057244867585733
integer_bin_reference,33,7,0.9709397150900618,0.13252755344503878
integer_bin_reference,33,8,0.9188177733213975,0.4745609661922026
integer_bin_reference,33,9,0.5884187400532083,0.7192420128827864
integer_bin_reference,33,10,0.31853490144142027,0.927455423664281
integer_bin_reference,33,11,-0.06997057781393555,0.9518816504238022
integer_bin_reference,33,12,-0.45870380025521906,0.8908515345597264
integer_bin_reference,33,13,-0.7629496797418596,0.6110323072107849
integer_bin_reference,33,14,-0.9570534491633701,0.26753686084920447
integer_bin_reference,33,15,-0.9677200970561931,-0.08453496757167987
integer_bin_reference,33,16,-0.9036224982979627,-0.5652561575924664
integer_bin_reference,33,17,-0.6428675239029126,-0.7555261242696503
integer_bin_reference,33,18,-0.3131994141410706,-0.9393391953418821
integer_bin_reference,33,19,0.06763976293315742,-1.0524555921269112
integer_bin_reference,33,20,0.4631326921109287,-0.9295085381133165
integer_bin_reference,33,21,0.7278245013311704,-0.6456620119992846
integer_bin_reference,33,22,0.9965333984058933,-0.3278540314992988
integer_bin_reference,33,23,1.0133141240370376,0.10630973658836199
integer_bin_reference,33,24,0.8946582893915642,0.4947256475576409
integer_bin_reference,33,25,0.6288639107384718,0.7647804026058479
integer_bin_reference,33,26,0.3376317217604739,1.0273807687847873
integer_bin_reference,33,27,-0.0986964683052,1.0258296258727206
integer_bin_reference,33,28,-0.5196963170292757,0.8675139299597723
integer_bin_reference,33,29,-0.7313511211770654,0.6470808729241467
integer_bin_reference,33,30,-0.9557295754874345,0.26305313925236923
integer_bin_reference,33,31,-0.9905454683751448,-0.1125606596740714
integer_bin_reference,33,32,-0.8811264477202744,-0.46168986559701697
integer_bin_reference,33,33,-0.6315671004640229,-0.809231539133897
integer_bin_reference,33,34,-0.326062889920758,-0.918899321725515
integer_bin_reference,33,35,0.1275658298735479,-1.0138286299553443
integer_bin_reference,33,36,0.434822124752303,-0.8793277627761121
integer_bin_reference,33,37,0.7497683471615348,-0.6680751344649052
integer_bin_reference,33,38,0.9225470251675684,-0.28046955896879183
integer_bin_reference,33,39,1.0257302134135933,0.12254526293368713
integer_bin_reference,33,40,0.8395859950464585,0.4955265318669035
integer_bin_reference,33,41,0.6485413618785993,0.7693729597093212
integer_bin_reference,33,42,0.29411460105185033,0.9505653982307588
integer_bin_reference,33,43,-0.06885117266885457,0.9615427035428168
integer_bin_reference,33,44,-0.46177451656664137,0.9431751543661095
integer_bin_reference,33,45,-0.8103214908078822,0.6258751785335988
integer_bin_reference,33,46,-0.9159075813560495,0.2403439191675918
integer_bin_reference,33,47,-0.951644737120865,-0.07653425815017534
integer_bin_reference,33,48,-0.9329239922228864,-0.5318990042535542
integer_bin_reference,33,49,-0.6688272847835712,-0.738970391721461
integer_bin_reference,33,50,-0.29239175162234193,-0.9932519310802213
integer_bin_reference,33,51,0.09947279044967805,-0.9946065712504913
integer_bin_reference,33,52,0.49396116320877104,-0.9249050757879478
integer_bin_reference,33,53,0.766204380796557,-0.5756578357489192
integer_bin_reference,33,54,0.9794464656509781,-0.2942792516255335
integer_bin_reference,33,55,0.9831927518928079,0.08961124927081303
integer_bin_reference,33,56,0.9086976627634222,0.5086460470240681
integer_bin_reference,33,57,0.6414333177670369,0.8110381726196396
integer_bin_reference,33,58,0.29581172568683306,0.9926903324520537
integer_bin_reference,33,59,-0.09606800673658988,0.9944042007508754
integer_bin_reference,33,60,-0.46815982478994844,0.9424035934933659
integer_bin_reference,33,61,-0.8089062705460619,0.6270234351178491
integer_bin_reference,33,62,-0.9464590062698728,0.2575625340916843
integer_bin_reference,33,63,-1.0017219169060982,-0.07609480558023532
integer_bin_reference,33,64,-0.8539258182762822,-0.4752302738845642
integer_bin_reference,33,65,-0.5698245597527862,-0.8125787304935985
integer_bin_reference,33,66,-0.25100704353798103,-0.9351750565822757
integer_bin_reference,33,67,0.0877740246083224,-1.016213796321397
integer_bin_reference,33,68,0.4973240788525255,-0.8973419372901091
integer_bin_reference,33,69,0.7417510722959535,-0.5765072313450298
integer_bin_reference,33,70,0.9393858785752596,-0.327259120675105
integer_bin_reference,33,71,1.004721183679236,0.1284905243158675
integer_bin_reference,33,72,0.8411614576926062,0.43639833883308343
integer_bin_reference,33,73,0.6174688735955441,0.7602751197076187
integer_bin_reference,33,74,0.3102356497652077,0.9380064442401094
integer_bin_reference,33,75,-0.11442310084724222,0.975514668463051
integer_bin_reference,33,76,-0.48644317953446253,0.9403879984463276
integer_bin_reference,33,77,-0.7979067965192072,0.6696690861617867
integer_bin_reference,33,78,-0.9731531235316621,0.26628853219576354
integer_bin_reference,33,79,-1.0159576375264958,-0.1171345450503802
integer_bin_reference,33,80,-0.9331927371216617,-0.447617833010933
integer_bin_reference,33,81,-0.6350461021404168,-0.7486985523131517
integer_bin_reference,33,82,-0.23759704264905895,-0.9636238252393309
integer_bin_reference,33,83,0.08498169012166631,-1.0076091671856147
integer_bin_reference,33,84,0.4728840551741217,-0.8750781784071967
integer_bin_reference,33,85,0.6933830433838225,-0.6160082694100185
integer_bin_reference,33,86,0.9104019481307988,-0.3069742287676317
integer_bin_reference,33,87,0.9877759866719337,0.06697564334727593
integer_bin_reference,33,88,0.8691953779061224,0.486030814168864
integer_bin_reference,33,89,0.6305849884495485,0.7695755148474692
integer_bin_reference,33,90,0.24103708135567076,0.967315875389489
integer_bin_reference,33,91,-0.0984508187672232,0.9837308702777356
integer_bin_reference,33,92,-0.4417951484804821,0.9087018041759531
integer_bin_reference,33,93,-0.7843241285933951,0.6278894271602968
integer_bin_reference,33,94,-0.9851866937398902,0.3096627955190313
integer_bin_reference,33,95,-0.9962825981988195,-0.02804758550374578
integer_bin_reference,33,96,-0.8887504044691964,-0.43016726345008754
integer_bin_reference,33,97,-0.6830755947401643,-0.7709889177798784
integer_bin_reference,33,98,-0.3552846306421725,-0.9260345997482429
integer_bin_reference,33,99,0.12579174812091082,-0.9747860849585573
integer_bin_reference,33,100,0.4827332712909779,-0.9252219796297632
integer_bin_reference,33,101,0.7869141791360199,-0.6162802790060028
integer_bin_reference,33,102,0.9447205218273722,-0.3071067847391517
integer_bin_reference,33,103,1.0015957553335582,0.06433473277708734
integer_bin_reference,33,104,0.8787771941352304,0.487020226862403
integer_bin_reference,33,105,0.6302454242443789,0.7874308023909751
integer_bin_reference,33,106,0.3280480151748655,0.9519068548991213
integer_bin_reference,33,107,-0.10022398889894739,1.0000414745760966
integer_bin_reference,33,108,-0.45201265718730277,0.8575536889275476
integer_bin_reference,33,109,-0.8124742983182642,0.6236841982812568
integer_bin_reference,33,110,-0.8950600846998844,0.290142917106363
integer_bin_reference,33,111,-1.0209207518694465,-0.09825898663240364
integer_bin_reference,33,112,-0.8111547955682039,-0.4538102404770888
integer_bin_reference,33,113,-0.6334756942874336,-0.8047388630479018
integer_bin_reference,33,114,-0.2545029580580289,-0.9234378015793803
integer_bin_reference,33,115,0.08408343785696722,-0.9861415689489046
integer_bin_reference,33,116,0.4554582691492112,-0.9082400140877268
integer_bin_reference,33,117,0.7860692109444559,-0.542878547872723
integer_bin_reference,33,118,0.9566699968368426,-0.27883343797722115
integer_bin_reference,33,119,0.9835117345161898,0.11653860661118044
integer_bin_reference,33,120,0.9247353984922,0.4966695622557805
integer_bin_reference,33,121,0.6065440769860101,0.7284959178729186
integer_bin_reference,33,122,0.25214632035799006,0.9609479663110011
integer_bin_reference,33,123,-0.12243071711885989,0.9695747426165435
integer_bin_reference,33,124,-0.4034438739129329,0.8042544339143631
integer_bin_reference,33,125,-0.8099318019835386,0.6523199366586568
integer_bin_reference,33,126,-0.928901976902663,0.28947540053080917
integer_bin_reference,33,127,-1.0151605569077378,-0.08805561647846702
integer_bin_reference,34,0,-0.5893020631098791,-0.8922883146819212
integer_bin_reference,34,1,-0.22793655243343935,-0.9841320866562974
integer_bin_reference,34,2,0.16956374602180949,-0.9844756958632325
integer_bin_reference,34,3,0.5572313153904317,-0.8550843566848116
integer_bin_reference,34,4,0.8550447086205812,-0.5903017704971285
integer_bin_reference,34,5,1.0112600643684886,-0.18486964103853246
integer_bin_reference,34,6,0.9482119916886785,0.2078612181155868
integer_bin_reference,34,7,0.8847759941686142,0.5537137674951564
integer_bin_reference,34,8,0.5437342653285331,0.8044434590585066
integer_bin_reference,34,9,0.1697350368840301,1.022153335354764
integer_bin_reference,34,10,-0.1656670414135151,1.0024827227582016
integer_bin_reference,34,11,-0.5385311609310697,0.849859750164033
integer_bin_reference,34,12,-0.8285389656994206,0.5223449384627517
integer_bin_reference,34,13,-0.9502513457120698,0.24585354134256182
integer_bin_reference,34,14,-0.9300411785115559,-0.22247823174459985
integer_bin_reference,34,15,-0.8488189768474982,-0.5664564093634598
integer_bin_reference,34,16,-0.5676714809960174,-0.8644784121559012
integer_bin_reference,34,17,-0.15530662863512804,-0.9822612654778122
integer_bin_reference,34,18,0.19746078307398884,-1.0020209368895234
integer_bin_reference,34,19,0.5305317869384901,-0.7973576734356556
integer_bin_reference,34,20,0.8246767000493944,-0.5325090255821688
integer_bin_reference,34,21,0.9673559889501371,-0.2662926917106315
integer_bin_reference,34,22,1.0017790257626442,0.12757908754060387
integer_bin_reference,34,23,0.7763205866375209,0.5235242247877588
integer_bin_reference,34,24,0.5323756501396157,0.8125161641740414
integer_bin_reference,34,25,0.22196462837030623,0.9454924744264155
integer_bin_reference,34,26,-0.16567407404812987,0.9462723044015459
integer_bin_reference,34,27,-0.5860563656604849,0.8235275888549293
integer_bin_reference,34,28,-0.7761722575288443,0.5350632038414797
integer_bin_reference,34,29,-0.9697016737105751,0.2120459132067766
integer_bin_reference,34,30,-1.0007711509229587,-0.16474131514199086
integer_bin_reference,34,31,-0.7797364512542536,-0.5741405278915792
integer_bin_reference,34,32,-0.5388479313567774,-0.8724115164699765
integer_bin_reference,34,33,-0.2353695966531154,-1.0144456658779253
integer_bin_reference,34,34,0.20097588879890496,-1.0417091365291211
integer_bin_reference,34,35,0.534879975414538,-0.7580480772245335
integer_bin_reference,34,36,0.8362035027207604,-0.5805346086721571
integer_bin_reference,34,37,1.0388674942475635,-0.17477637319500744
integer_bin_reference,34,38,1.0162654770207016,0.17223501599026594
integer_bin_reference,34,39,0.7777986313847018,0.5318262654272524
integer_bin_reference,34,40,0.6019721071697869,0.870095713117059
integer_bin_reference,34,41,0.1913133833259296,0.9692483572653569
integer_bin_reference,34,42,-0.20478366192746777,0.9954859772818725
integer_bin_reference,34,43,-0.6151439209130064,0.8390902876219697
integer_bin_reference,34,44,-0.8629263617249273,0.5808528699201736
integer_bin_reference,34,45,-1.0103382921091837,0.15965785755334683
integer_bin_reference,34,46,-0.9683473015845501,-0.16805669119231761
integer_bin_reference,34,47,-0.8185523664165387,-0.5686789487613507
integer_bin_reference,34,48,-0.5130400955171488,-0.8068784363910243
integer_bin_reference,34,49,-0.23843827363357725,-1.0153569379009588
integer_bin_reference,34,50,0.22166743091592395,-1.0309166093532813
integer_bin_reference,34,51,0.629327757924183,-0.7957329603764239
integer_bin_reference,34,52,0.8096750750183305,-0.5280485665130555
integer_bin_reference,34,53,0.9775148393614734,-0.22264999648737516
integer_bin_reference,34,54,0.9850451236415749,0.17490179752593638
integer_bin_reference,34,55,0.880291719493761,0.5694187337176172
integer_bin_reference,34,56,0.5503562813135202,0.8113643047179997
integer_bin_reference,34,57,0.20899417972501544,0.9575164643764469
integer_bin_reference,34,58,-0.16858961141221235,0.9371346333590976
integer_bin_reference,34,59,-0.5610994921953566,0.8115044527262784
integer_bin_reference,34,60,-0.8129214424050548,0.5594148103188709
integer_bin_reference,34,61,-0.945010642805403,0.19370732988031852
integer_bin_reference,34,62,-0.9365233585872528,-0.2618880737646193
integer_bin_reference,34,63,-0.8066724689103231,-0.5258843074108368
integer_bin_reference,34,64,-0.5463198964906336,-0.872033273002702
integer_bin_reference,34,65,-0.23888226381973954,-1.0206834561990883
integer_bin_reference,34,66,0.22623283095353558,-0.9642002853178301
integer_bin_reference,34,67,0.57231590318415,-0.7977282194214066
integer_bin_reference,34,68,0.7764497347328656,-0.5071468293392967
integer_bin_reference,34,69,0.9925354585505032,-0.18315893933314936
integer_bin_reference,34,70,0.9700635799125964,0.1634949884484644
integer_bin_reference,34,71,0.8301631251163548,0.5741781652128195
integer_bin_reference,34,72,0.5476787402257547,0.8443294356420004
integer_bin_reference,34,73,0.18388048955631153,0.9445125297005831
integer_bin_reference,34,74,-0.18067264970378633,1.0136770898045644
integer_bin_reference,34,75,-0.6080312477589848,0.8274854831614502
integer_bin_reference,34,76,-0.8098508582779633,0.502783880635841
integer_bin_reference,34,77,-0.9764748142728582,0.18896801330347818
integer_bin_reference,34,78,-0.9402096968838138,-0.20131251962703883
integer_bin_reference,34,79,-0.8149645103564618,-0.5751618574154954
integer_bin_reference,34,80,-0.5590674660061069,-0.8779514753611061
integer_bin_reference,34,81,-0.15242266660119963,-0.9460294397431427
integer_bin_reference,34,82,0.19880410896011247,-0.9632495602480948
integer_bin_reference,34,83,0.5607940196212251,-0.907628919599461
integer_bin_reference,34,84,0.8483325692114261,-0.5472753053153767
integer_bin_reference,34,85,1.0705241031512658,-0.17972012198706086
integer_bin_reference,34,86,0.936610737953841,0.1821076232941827
integer_bin_reference,34,87,0.7989242309081316,0.5747194593601103
integer_bin_reference,34,88,0.5550567515076894,0.8360982891157167
integer_bin_reference,34,89,0.19666252894508243,0.9785539852240128
integer_bin_reference,34,90,-0.15410113500526018,0.9709195012348284
integer_bin_reference,34,91,-0.6360517934524343,0.8184733432367864
integer_bin_reference,34,92,-0.7926049774717097,0.5285766354537874
integer_bin_reference,34,93,-0.9588678048058678,0.2244044504586692
integer_bin_reference,34,94,-0.9627402857127292,-0.2072983620171457
integer_bin_reference,34,95,-0.7935178739972993,-0.4959601000745265
integer_bin_reference,34,96,-0.5468959340217359,-0.8070489119900208
integer_bin_reference,34,97,-0.16802264655643084,-0.9681341608861216
integer_bin_reference,34,98,0.20472342118468506,-0.957852317163092
integer_bin_reference,34,99,0.5780235744217447,-0.8140757150067981
integer_bin_reference,34,100,0.7912330888162696,-0.5237978682765418
integer_bin_reference,34,101,0.8976555381580998,-0.18995885432948906
integer_bin_reference,34,102,0.9770282803160498,0.2332101809650804
integer_bin_reference,34,103,0.8734126741605678,0.5547678675738789
integer_bin_reference,34,104,0.5222640289973286,0.8359214575590411
integer_bin_reference,34,105,0.178696713193486,1.0089910442586447
integer_bin_reference,34,106,-0.1609512927707273,0.9316024906288888
integer_bin_reference,34,107,-0.5782649494488032,0.8152298526541385
integer_bin_reference,34,108,-0.8162001690917309,0.6085752594914673
integer_bin_reference,34,109,-0.9455404751345644,0.22842975661573459
integer_bin_reference,34,110,-0.9387880956730191,-0.2192331840253667
integer_bin_reference,34,111,-0.842229529614504,-0.48031282421168253
integer_bin_reference,34,112,-0.5283434866044276,-0.8111850323011607
integer_bin_reference,34,113,-0.18479435505562136,-0.9312294934374085
integer_bin_reference,34,114,0.24186304350528348,-1.0051479398450618
integer_bin_reference,34,115,0.5768778401361389,-0.8479867599568754
integer_bin_reference,34,116,0.8432525938729901,-0.5815509488810616
integer_bin_reference,34,117,0.9694963133048459,-0.18989390568189438
integer_bin_reference,34,118,0.9519435798324511,0.2311071115683211
integer_bin_reference,34,119,0.8228339813010479,0.5750142734915249
integer_bin_reference,34,120,0.5438897178043708,0.8347924469062228
integer_bin_reference,34,121,0.18411675617293066,0.9629474886694768
integer_bin_reference,34,122,-0.17143877134692337,0.937895371068914
integer_bin_reference,34,123,-0.5472415543183184,0.8631674961512703
integer_bin_reference,34,124,-0.7798201547875072,0.5675391408494883
integer_bin_reference,34,125,-0.976979139083724,0.21738529969473172
integer_bin_reference,34,126,-0.9774653743610492,-0.2266731126909648
integer_bin_reference,34,127,-0.7719438308612517,-0.539372322151648
integer_bin_reference,35,0,-0.125129573659927,-0.9906308847324451
integer_bin_reference,35,1,0.28294999674662097,-0.9963275281548559
integer_bin_reference,35,2,0.6448144211927865,-0.759673875216934
integer_bin_reference,35,3,0.8556291265106282,-0.4721982579680137
integer_bin_reference,35,4,1.00321396412457,-0.09481785553187502
integer_bin_reference,35,5,1.019297105405147,0.28561995523505856
integer_bin_reference,35,6,0.8051033775362471,0.635105809249341
integer_bin_reference,35,7,0.5176113478853641,0.9073317352620203
integer_bin_reference,35,8,0.07647168277156058,0.9932097711662381
integer_bin_reference,35,9,-0.3641092692043755,0.9772180517068817
integer_bin_reference,35,10,-0.63567119924459,0.7952120469697135
integer_bin_reference,35,11,-0.8968048073402782,0.495212874277924
integer_bin_reference,35,12,-1.034544458608676,0.056025667508208817
integer_bin_reference,35,13,-0.9676781857925357,-0.3066135769469344
integer_bin_reference,35,14,-0.7466074080224827,-0.6448774887258791
integer_bin_reference,35,15,-0.44341554557756485,-0.8711542027014046
integer_bin_reference,35,16,-0.0279923751805735,-1.0083068196259142
integer_bin_reference,35,17,0.2593687551220424,-0.9162744339444466
integer_bin_reference,35,18,0.6442371014372945,-0.7866569728045778
integer_bin_reference,35,19,0.8685288279879553,-0.4969938374575371
integer_bin_reference,35,20,0.9964671479404471,-0.1245636663237558
integer_bin_reference,35,21,0.9543233438534582,0.31600950638297526
integer_bin_reference,35,22,0.7917791707747903,0.6209518220542003
integer_bin_reference,35,23,0.47672430235183205,0.8680442963284494
integer_bin_reference,35,24,0.06720871175045365,1.0422811298155212
integer_bin_reference,35,25,-0.24480335337290193,0.9161587145172979
integer_bin_reference,35,26,-0.6541706450677839,0.7576597053571869
integer_bin_reference,35,27,-0.8881439635680417,0.4777669829392252
integer_bin_reference,35,28,-1.0176342136207517,0.16688765749395706
integer_bin_reference,35,29,-0.9896852041032366,-0.35852061107961336
integer_bin_reference,35,30,-0.8033393446984936,-0.6636251354229716
integer_bin_reference,35,31,-0.47775292349774395,-0.8808551701368569
integer_bin_reference,35,32,-0.13379112387787012,-0.9723859615858501
integer_bin_reference,35,33,0.32657545012351635,-0.9854033356241423
integer_bin_reference,35,34,0.6807064521912679,-0.7821668398792396
integer_bin_reference,35,35,0.9255657337579265,-0.4142250228883319
integer_bin_reference,35,36,0.9885974171708437,-0.12515764497837498
integer_bin_reference,35,37,0.9453308602059475,0.3123365330409117
integer_bin_reference,35,38,0.7549163116694356,0.6464585285033255
integer_bin_reference,35,39,0.4229059091486288,0.9044566529854273
integer_bin_reference,35,40,0.11184156066074002,0.951220976577449
integer_bin_reference,35,41,-0.2619273284812035,0.9250409434860731
integer_bin_reference,35,42,-0.5863587355025649,0.7807892738852252
integer_bin_reference,35,43,-0.9360488371771792,0.45807508663960833
integer_bin_reference,35,44,-1.0409404745319346,0.0887394747777526
integer_bin_reference,35,45,-0.975474416545613,-0.2456287891884274
integer_bin_reference,35,46,-0.786550846815313,-0.5546823851575408
integer_bin_reference,35,47,-0.42084515934120154,-0.8872188388928028
integer_bin_reference,35,48,-0.08970275725597893,-0.9496225783492402
integer_bin_reference,35,49,0.2563118679290972,-0.942519417232238
integer_bin_reference,35,50,0.6572198715662303,-0.8295427273651146
integer_bin_reference,35,51,0.8975733651728816,-0.4586426589416371
integer_bin_reference,35,52,0.9578665483713379,-0.09858915828204559
integer_bin_reference,35,53,1.0039707897467576,0.2954749236910611
integer_bin_reference,35,54,0.7417882439409038,0.657495211508976
integer_bin_reference,35,55,0.4954026183664974,0.8966796761745479
integer_bin_reference,35,56,0.12469602820335411,1.0024551494633935
integer_bin_reference,35,57,-0.26359504029447334,0.9884354932712422
integer_bin_reference,35,58,-0.6206678228527701,0.8047089273291974
integer_bin_reference,35,59,-0.9023494102895482,0.4811532511500206
integer_bin_reference,35,60,-1.0208854652539971,0.09715709177163778
integer_bin_reference,35,61,-0.9259538701081395,-0.27418834616619575
integer_bin_reference,35,62,-0.7447455978472473,-0.6831991838704897
integer_bin_reference,35,63,-0.46119038043169014,-0.9263204152767714
integer_bin_reference,35,64,-0.08564735987533036,-0.9738992508421922
integer_bin_reference,35,65,0.2530280947694984,-0.9702341785779364
integer_bin_reference,35,66,0.6128563002220659,-0.7637433444044172
integer_bin_reference,35,67,0.8264330893033207,-0.4907402216459602
integer_bin_reference,35,68,1.026286887513168,-0.13499710578043878
integer_bin_reference,35,69,0.9654364293271611,0.3329646636118517
integer_bin_reference,35,70,0.8094295982211657,0.701142841445718
integer_bin_reference,35,71,0.48370365186340836,0.8785231984461674
integer_bin_reference,35,72,0.08767369934890051,1.0688013027398344
integer_bin_reference,35,73,-0.2515809340509019,0.9872369103034607
integer_bin_reference,35,74,-0.6186180071142249,0.7444796873006049
integer_bin_reference,35,75,-0.8910731393486586,0.4562244519506123
integer_bin_reference,35,76,-0.9798389414864358,0.08985020880127019
integer_bin_reference,35,77,-0.9502809039123162,-0.34598648764194484
integer_bin_reference,35,78,-0.742360784083595,-0.6059696340466304
integer_bin_reference,35,79,-0.5025085160751281,-0.9323272354281057
integer_bin_reference,35,80,-0.09634331137258308,-1.0185725486685842
integer_bin_reference,35,81,0.26833169737468704,-0.9613868883408335
integer_bin_reference,35,82,0.5410316042082483,-0.8070905793686921
integer_bin_reference,35,83,0.9073968412510807,-0.44533461392030455
integer_bin_reference,35,84,1.0233950298630028,-0.09640353473371673
integer_bin_reference,35,85,0.9572987639092039,0.27308513683441804
integer_bin_reference,35,86,0.7546718656764181,0.66904272595381
integer_bin_reference,35,87,0.505342593733068,0.8508468116868646
integer_bin_reference,35,88,0.1288065462989802,0.9862547261589153
integer_bin_reference,35,89,-0.24556757496320852,0.9705934318338848
integer_bin_reference,35,90,-0.6085301223325087,0.7595029611924635
integer_bin_reference,35,91,-0.9118476757292245,0.431135832010897
integer_bin_reference,35,92,-0.999373299678547,0.08085681709885062
integer_bin_reference,35,93,-0.9792098314424489,-0.2822175033599186
integer_bin_reference,35,94,-0.7445484904567714,-0.6596038951578165
integer_bin_reference,35,95,-0.474776981757397,-0.8921348285255356
integer_bin_reference,35,96,-0.1352125590157336,-0.9606889605612485
integer_bin_reference,35,97,0.2758922654376799,-1.0064288767252376
integer_bin_reference,35,98,0.6665440868202015,-0.7791510749594245
integer_bin_reference,35,99,0.8306389235413044,-0.41865366274311716
integer_bin_reference,35,100,0.9419428513760667,-0.16146852433144115
integer_bin_reference,35,101,0.9068639719725746,0.25895636236379643
integer_bin_reference,35,102,0.7255801736452336,0.6918177827233294
integer_bin_reference,35,103,0.4930590758682418,0.9253697127071933
integer_bin_reference,35,104,0.10625685637058915,0.9450381014883867
integer_bin_reference,35,105,-0.2727446424079945,0.9991026263179794
integer_bin_reference,35,106,-0.5882971569409067,0.7873407160797886
integer_bin_reference,35,107,-0.8598410081222105,0.4655660200003241
integer_bin_reference,35,108,-0.9927348579908697,0.046277141136335825
integer_bin_reference,35,109,-0.968416980241685,-0.2811465775523021
integer_bin_reference,35,110,-0.7716911280302018,-0.6457705981140693
integer_bin_reference,35,111,-0.42434726618101837,-0.891651740693222
integer_bin_reference,35,112,-0.1067662025272572,-1.0023713569757742
integer_bin_reference,35,113,0.28685496898569823,-0.9948615437580854
integer_bin_reference,35,114,0.6124338898389987,-0.7731152868374355
integer_bin_reference,35,115,0.8749740899975342,-0.4600781287109987
integer_bin_reference,35,116,1.01484221573682,-0.10429488287046355
integer_bin_reference,35,117,0.9559345349515224,0.33137509039912955
integer_bin_reference,35,118,0.7176696104253082,0.6419173203871869
integer_bin_reference,35,119,0.4711221551471848,0.8505628236886182
integer_bin_reference,35,120,0.10220421079668701,1.0285386850650873
integer_bin_reference,35,121,-0.2109897519019043,0.969419859717724
integer_bin_reference,35,122,-0.6056081759495757,0.7496674643296434
integer_bin_reference,35,123,-0.8809968174824332,0.4740007014969807
integer_bin_reference,35,124,-0.9922058405954328,0.08253677824385935
integer_bin_reference,35,125,-0.9763047434812142,-0.32663897277853166
integer_bin_reference,35,126,-0.7583789396479563,-0.6147005488411793
integer_bin_reference,35,127,-0.4430710830471859,-0.8732341026352127
integer_bin_reference,36,0,0.4224573437344159,-0.9532065603092318
integer_bin_reference,36,1,0.7189442318231234,-0.7054313206004285
integer_bin_reference,36,2,0.9603236586946451,-0.41263374023546756
integer_bin_reference,36,3,0.9751366273927168,0.009631676304135008
integer_bin_reference,36,4,0.9636074296969617,0.4360949148597278
integer_bin_reference,36,5,0.6751395788813558,0.7012495074735232
integer_bin_reference,36,6,0.38287370083320726,0.9583095056199745
integer_bin_reference,36,7,-0.04949383304001284,0.9616451578025126
integer_bin_reference,36,8,-0.41295915198267363,0.8966745241977087
integer_bin_reference,36,9,-0.7374277639045195,0.715056159879084
integer_bin_reference,36,10,-0.8573866401702024,0.36568858673770555
integer_bin_reference,36,11,-0.9551381592258095,0.023173703061754373
integer_bin_reference,36,12,-0.8693903292339444,-0.3519138622675038
integer_bin_reference,36,13,-0.7023740573999133,-0.7041796425354244
integer_bin_reference,36,14,-0.39399600777246696,-0.9165541496553414
integer_bin_reference,36,15,-0.0009794939446975115,-1.0167989280465062
integer_bin_reference,36,16,0.37313594389022386,-0.9328408497850376
integer_bin_reference,36,17,0.7298359327260298,-0.7535853090023403
integer_bin_reference,36,18,0.9271340795355657,-0.37680357929662417
integer_bin_reference,36,19,1.0442626038930571,-0.007118272564290989
integer_bin_reference,36,20,0.8840490107324519,0.3778145103825017
integer_bin_reference,36,21,0.7104783996143673,0.7147834964762737
integer_bin_reference,36,22,0.3451731929329518,0.9322024337520054
integer_bin_reference,36,23,-0.012200995818209964,0.9251757868815061
integer_bin_reference,36,24,-0.3943014991134665,0.8973794117448568
integer_bin_reference,36,25,-0.7296685478589312,0.7111409657376805
integer_bin_reference,36,26,-0.9200842752959589,0.39233021187327904
integer_bin_reference,36,27,-1.0773085591594391,0.016880409745912192
integer_bin_reference,36,28,-0.8935581570711371,-0.3919431116958337
integer_bin_reference,36,29,-0.7063705153668512,-0.6912257290468546
integer_bin_reference,36,30,-0.32105558029196013,-0.9124721833731538
integer_bin_reference,36,31,0.008922540025860182,-1.0194924418380056
integer_bin_reference,36,32,0.3910077412630047,-0.905466470395999
integer_bin_reference,36,33,0.7015961310455519,-0.6890215046838313
integer_bin_reference,36,34,0.8994187966751791,-0.4190920951814435
integer_bin_reference,36,35,0.973516985236237,-0.029272347134855055
integer_bin_reference,36,36,0.9010479028594803,0.32116548913918236
integer_bin_reference,36,37,0.7573105371314749,0.7437735508233309
integer_bin_reference,36,38,0.4521945290472355,0.9056605877477688
integer_bin_reference,36,39,-0.03245701475057382,1.0433350306069857
integer_bin_reference,36,40,-0.393084980584937,0.880276469836961
integer_bin_reference,36,41,-0.7111960540488322,0.6869380297705288
integer_bin_reference,36,42,-0.9110899910439981,0.4256649267690934
integer_bin_reference,36,43,-0.9514072340309421,0.009239058031384301
integer_bin_reference,36,44,-0.9131593697230509,-0.37023729027173014
integer_bin_reference,36,45,-0.6602407403147778,-0.721813446180057
integer_bin_reference,36,46,-0.32741978957150336,-0.9541329746996079
integer_bin_reference,36,47,0.07043673516844066,-0.960202140193286
integer_bin_reference,36,48,0.3756002253008547,-0.9433750631236296
integer_bin_reference,36,49,0.6709958578233289,-0.7411104624682935
integer_bin_reference,36,50,0.9371570219823786,-0.4056067699605023
integer_bin_reference,36,51,0.9569634095477251,-0.007012085918174383
integer_bin_reference,36,52,0.9623342481883558,0.3741780290705978
integer_bin_reference,36,53,0.6859475881427087,0.7402704560671138
integer_bin_reference,36,54,0.4355195240389718,0.9285353558929889
integer_bin_reference,36,55,0.034627468462806184,0.9916861139572649
integer_bin_reference,36,56,-0.34651867766603417,0.9235350840633757
integer_bin_reference,36,57,-0.759279459258951,0.7086811572723317
integer_bin_reference,36,58,-0.8778288445637004,0.4164469819794638
integer_bin_reference,36,59,-0.9743297782938628,0.013459686674189284
integer_bin_reference,36,60,-0.949533790934707,-0.3977992103580098
integer_bin_reference,36,61,-0.7048163040836883,-0.6881501408206675
integer_bin_reference,36,62,-0.3702475783057453,-0.885970593975043
integer_bin_reference,36,63,-0.030806240032674608,-0.9692490060776691
integer_bin_reference,36,64,0.33785013171513517,-0.8836295069484636
integer_bin_reference,36,65,0.7218975846615852,-0.6964527179218657
integer_bin_reference,36,66,0.8346027058937193,-0.3778737307055141
integer_bin_reference,36,67,0.9099979302314893,-0.04188251109690752
integer_bin_reference,36,68,0.9077070785055134,0.39009536131924505
integer_bin_reference,36,69,0.712844134188475,0.6820265611002523
integer_bin_reference,36,70,0.33874976460530243,0.9352639561313922
integer_bin_reference,36,71,-0.07531725177757145,1.0520062505063221
integer_bin_reference,36,72,-0.41139287001537356,0.9167628136218405
integer_bin_reference,36,73,-0.7273117884998138,0.7239359161444041
integer_bin_reference,36,74,-0.9221662242632438,0.3728980830881639
integer_bin_reference,36,75,-0.9834926104272858,0.04844166374040357
integer_bin_reference,36,76,-0.9301862171429252,-0.3857865783967384
integer_bin_reference,36,77,-0.73592217938626,-0.7122982996115592
integer_bin_reference,36,78,-0.39039723018793626,-0.9263426286322142
integer_bin_reference,36,79,-0.02180953294458707,-0.9498388889037007
integer_bin_reference,36,80,0.3547658546519001,-0.9370519080531168
integer_bin_reference,36,81,0.7218516121949723,-0.7080357058926909
integer_bin_reference,36,82,0.9396149059428601,-0.31131371213221865
integer_bin_reference,36,83,0.9902071149930058,-0.026780331922090114
integer_bin_reference,36,84,0.8893465801589102,0.43491936415756305
integer_bin_reference,36,85,0.7681088553860405,0.6645394195545049
integer_bin_reference,36,86,0.36071144550441225,0.8936683949152755
integer_bin_reference,36,87,-0.029659263923396212,1.0385453072868183
integer_bin_reference,36,88,-0.3705764133761455,0.8872101519443913
integer_bin_reference,36,89,-0.6912660910945202,0.7109028862743307
integer_bin_reference,36,90,-1.0273258245748302,0.3778398054321865
integer_bin_reference,36,91,-0.9842238170754875,0.03981575888228526
integer_bin_reference,36,92,-0.9291822396854631,-0.38579825548448743
integer_bin_reference,36,93,-0.7013280118445331,-0.7076623371841372
integer_bin_reference,36,94,-0.3673924730465559,-0.8826799891596593
integer_bin_reference,36,95,0.039202076322410045,-0.9445593800995653
integer_bin_reference,36,96,0.36613840966153127,-0.9226687203017159
integer_bin_reference,36,97,0.7024645063236417,-0.6709127953230217
integer_bin_reference,36,98,0.9702371253012353,-0.37959616964130216
integer_bin_reference,36,99,1.0366233336839987,-0.012424696224123406
integer_bin_reference,36,100,0.9660539621173917,0.4205630665508929
integer_bin_reference,36,101,0.7137241262002065,0.6359247893469769
integer_bin_reference,36,102,0.3320391982655015,0.916564367332071
integer_bin_reference,36,103,-0.0008628227879326212,1.036966926608535
integer_bin_reference,36,104,-0.4078537195487716,0.9242534752803673
integer_bin_reference,36,105,-0.6940896697633019,0.6803410343976105
integer_bin_reference,36,106,-0.9084549307089244,0.33154708586482573
integer_bin_reference,36,107,-0.9441839726351787,-0.03310930519652952
integer_bin_reference,36,108,-0.9606988775675254,-0.38417444656520855
integer_bin_reference,36,109,-0.697444410527468,-0.7657536819631097
integer_bin_reference,36,110,-0.36967650477309705,-0.9274417641248333
integer_bin_reference,36,111,0.00582694154254283,-0.9714802964923602
integer_bin_reference,36,112,0.4067517889124541,-0.936800217651471
integer_bin_reference,36,113,0.725227521602497,-0.6778007117783584
integer_bin_reference,36,114,0.8901308146013487,-0.3838695261092449
integer_bin_reference,36,115,1.0165811915606346,-0.04082560954001292
integer_bin_reference,36,116,0.9510240530296256,0.37177991661419757
integer_bin_reference,36,117,0.7252327772325879,0.7101384453065603
integer_bin_reference,36,118,0.35011193160369203,0.923114230454404
integer_bin_reference,36,119,0.06386020523637788,0.9971029401375652
integer_bin_reference,36,120,-0.36031214074579804,0.9109853437867298
integer_bin_reference,36,121,-0.6807905557904049,0.7173910844001116
integer_bin_reference,36,122,-0.9057439142341223,0.3829664091476209
integer_bin_reference,36,123,-1.042256296492791,0.012871944703617307
integer_bin_reference,36,124,-0.9524920121591067,-0.45866811137354974
integer_bin_reference,36,125,-0.7169421751438292,-0.7094621678585551
integer_bin_reference,36,126,-0.4194487675245924,-0.9426366379772763
integer_bin_reference,36,127,0.0044634743761498424,-1.0354387308806585
integer_bin_reference,37,0,0.7569857946103912,-0.6521710211314987
integer_bin_reference,37,1,0.9388821515466095,-0.3008140521574655
integer_bin_reference,37,2,0.9827413529692481,0.09681032025437497
integer_bin_reference,37,3,0.8738089889178389,0.48465789088729133
integer_bin_reference,37,4,0.6403562768497121,0.8151009407571221
integer_bin_reference,37,5,0.2549533835267246,0.9828680425193408
integer_bin_reference,37,6,-0.15020967464512888,1.0151181320343792
integer_bin_reference,37,7,-0.4599044362790609,0.8560347772051357
integer_bin_reference,37,8,-0.7334319692643558,0.6744116661741726
integer_bin_reference,37,9,-0.97783390875427,0.28338701820087187
integer_bin_reference,37,10,-0.9732361945137145,-0.11759008144038932
integer_bin_reference,37,11,-0.8810706059537351,-0.49508700147801177
integer_bin_reference,37,12,-0.6645327862166308,-0.7404029782843645
integer_bin_reference,37,13,-0.2523607783733082,-0.9609752882125676
integer_bin_reference,37,14,0.090565877644754,-1.0407552396506607
integer_bin_reference,37,15,0.5069322412364738,-0.8616340658928098
integer_bin_reference,37,16,0.8271882415257166,-0.5922126034236217
integer_bin_reference,37,17,0.9691104745207131,-0.3209886159634848
integer_bin_reference,37,18,1.006077335660498,0.043474524352200346
integer_bin_reference,37,19,0.8582232229948388,0.49129364628944355
integer_bin_reference,37,20,0.612230451667809,0.7752404259922197
integer_bin_reference,37,21,0.29787541510796334,0.9523944601004497
integer_bin_reference,37,22,-0.14556011134024416,0.9631363777998418
integer_bin_reference,37,23,-0.4717629208046458,0.874420427047717
integer_bin_reference,37,24,-0.7660388342531176,0.6216432471531677
integer_bin_reference,37,25,-0.9191603294364512,0.25218256122673316
integer_bin_reference,37,26,-0.9781227547443299,-0.06151595537791025
integer_bin_reference,37,27,-0.8789735468266495,-0.4938988776261267
integer_bin_reference,37,28,-0.6252440301059308,-0.7780648768960988
integer_bin_reference,37,29,-0.30496006951367105,-0.9804155173812533
integer_bin_reference,37,30,0.09920773878639134,-1.0161602560342882
integer_bin_reference,37,31,0.4825355373165626,-0.8687178873664825
integer_bin_reference,37,32,0.7595518242976337,-0.5977717708556088
integer_bin_reference,37,33,0.9937968768456921,-0.3082270911415985
integer_bin_reference,37,34,0.9828281185509237,0.05463110748925012
integer_bin_reference,37,35,0.9160381435645238,0.46442262257306194
integer_bin_reference,37,36,0.6916016183516993,0.7206936667169889
integer_bin_reference,37,37,0.322711422617615,0.9602963897591633
integer_bin_reference,37,38,-0.10542140426793978,0.9961015430987233
integer_bin_reference,37,39,-0.46987497804640577,0.9241525167233965
integer_bin_reference,37,40,-0.7729487801015914,0.595557949006378
integer_bin_reference,37,41,-1.0074780484997192,0.3386803503788768
integer_bin_reference,37,42,-0.9530487817061949,-0.09300581098424947
integer_bin_reference,37,43,-0.9056066047706014,-0.5040809141120656
integer_bin_reference,37,44,-0.6803088908090871,-0.7299504608640911
integer_bin_reference,37,45,-0.33630820968273595,-1.0117847801983553
integer_bin_reference,37,46,0.08037747397300607,-1.0011378461417249
integer_bin_reference,37,47,0.4648703067358942,-0.9226680088588283
integer_bin_reference,37,48,0.7758210690102122,-0.5993416435289326
integer_bin_reference,37,49,0.9053471174854936,-0.29367133175431887
integer_bin_reference,37,50,0.9448358227522354,0.07091440332461268
integer_bin_reference,37,51,0.8881159331152068,0.45801043347045056
integer_bin_reference,37,52,0.5940019848269507,0.7641086573724511
integer_bin_reference,37,53,0.24587667916086076,0.9680055727136504
integer_bin_reference,37,54,-0.0799823662792019,1.0122495118092936
integer_bin_reference,37,55,-0.46228974044086996,0.8689064403398957
integer_bin_reference,37,56,-0.739718812281172,0.6773640049616706
integer_bin_reference,37,57,-0.9432693119453324,0.302029307243483
integer_bin_reference,37,58,-1.0151994771941804,-0.10715704636145983
integer_bin_reference,37,59,-0.9345442147023878,-0.47015853871357854
integer_bin_reference,37,60,-0.6568563758694006,-0.7088752988442452
integer_bin_reference,37,61,-0.2548464300269143,-0.9499702111694299
integer_bin_reference,37,62,0.14678411896904822,-0.995230589883265
integer_bin_reference,37,63,0.47006712190728334,-0.8848822211268297
integer_bin_reference,37,64,0.751971840628207,-0.641295855126076
integer_bin_reference,37,65,0.9886621615541678,-0.27384482720825487
integer_bin_reference,37,66,0.9773851697599547,0.06783533662214368
integer_bin_reference,37,67,0.8893852935593864,0.4460435798800952
integer_bin_reference,37,68,0.6391871746387136,0.7613113089739039
integer_bin_reference,37,69,0.2717051517427682,0.9553214642206472
integer_bin_reference,37,70,-0.11027511611792248,0.9507717415714243
integer_bin_reference,37,71,-0.46994319115342453,0.8567525910880566
integer_bin_reference,37,72,-0.7915445713025139,0.6003505807566647
integer_bin_reference,37,73,-0.9126338051828923,0.3208163478415728
integer_bin_reference,37,74,-1.004690394002667,-0.0885536723512171
integer_bin_reference,37,75,-0.8947743022540859,-0.4949801048031105
integer_bin_reference,37,76,-0.634378360563999,-0.783958964404697
integer_bin_reference,37,77,-0.31275520315307836,-0.9740095223937982
integer_bin_reference,37,78,0.12507027172745305,-0.9657950976075015
integer_bin_reference,37,79,0.4672966951357506,-0.8895336222092
integer_bin_reference,37,80,0.7338269491273495,-0.6070165143303257
integer_bin_reference,37,81,0.9558499007794795,-0.242962686687826
integer_bin_reference,37,82,0.9887035718441604,0.08545228966169924
integer_bin_reference,37,83,0.9103094818481385,0.48127123976816655
integer_bin_reference,37,84,0.6524322295088864,0.770023423641606
integer_bin_reference,37,85,0.26312050805429843,0.9941680473020658
integer_bin_reference,37,86,-0.12404656090826552,0.987599435639771
integer_bin_reference,37,87,-0.4532600821552067,0.9223447009728365
integer_bin_reference,37,88,-0.7831181375591454,0.6618382463686356
integer_bin_reference,37,89,-0.9582373928378747,0.3487850628665332
integer_bin_reference,37,90,-1.0021642349502105,-0.07013040351717055
integer_bin_reference,37,91,-0.8752523705039504,-0.5034994343069253
integer_bin_reference,37,92,-0.6356726134482827,-0.8415679763365047
integer_bin_reference,37,93,-0.2890470763462647,-0.93920999499464
integer_bin_reference,37,94,0.0887030103986535,-0.953771086037985
integer_bin_reference,37,95,0.4579771359697174,-0.9104656431909285
integer_bin_reference,37,96,0.7877047635013484,-0.6417993825712343
integer_bin_reference,37,97,0.9646735635242326,-0.30703695535821923
integer_bin_reference,37,98,0.9954323958095733,0.05758299196369122
integer_bin_reference,37,99,0.890987110826311,0.4438244502139405
integer_bin_reference,37,100,0.6311131851669317,0.7552831028212723
integer_bin_reference,37,101,0.2706059159031826,0.9649375218204482
integer_bin_reference,37,102,-0.12557193918539464,0.9808222314372863
integer_bin_reference,37,103,-0.49756738583133886,0.9139741375894028
integer_bin_reference,37,104,-0.8047624356705896,0.62749074967366
integer_bin_reference,37,105,-0.9835196197190998,0.28223687412258364
integer_bin_reference,37,106,-0.9921696585421208,-0.08883324156850955
integer_bin_reference,37,107,-0.8885340271651982,-0.48329862327118966
integer_bin_reference,37,108,-0.6325251523510458,-0.7748121776634022
integer_bin_reference,37,109,-0.3113962846411962,-0.9739964561033994
integer_bin_reference,37,110,0.11585751510300005,-0.9747048961854641
integer_bin_reference,37,111,0.46999980035391076,-0.9223970629073777
integer_bin_reference,37,112,0.7738402488008637,-0.6490108301404766
integer_bin_reference,37,113,0.9562871004669464,-0.3062630830004945
integer_bin_reference,37,114,0.9420411640823325,0.1279149725655575
integer_bin_reference,37,115,0.9278381252496853,0.4362651519272132
integer_bin_reference,37,116,0.6338089533852875,0.7554920124161124
integer_bin_reference,37,117,0.27160032376050314,0.9485076986225497
integer_bin_reference,37,118,-0.10657038090269647,0.9795311605347352
integer_bin_reference,37,119,-0.5082219576138264,0.8320549407197326
integer_bin_reference,37,120,-0.8122924087206164,0.5789749940916146
integer_bin_reference,37,121,-0.9787673233384578,0.30256553907432987
integer_bin_reference,37,122,-0.9880805596204989,-0.08821079994574828
integer_bin_reference,37,123,-0.9080297287323962,-0.49530012487195263
integer_bin_reference,37,124,-0.6183771082731238,-0.7894987036769643
integer_bin_reference,37,125,-0.28664329708450914,-0.9743992347359762
integer_bin_reference,37,126,0.03786898743058388,-1.014346491531213
integer_bin_reference,37,127,0.46842658332771686,-0.7958354466552073
integer_bin_reference,38,0,0.9985715032544606,-0.19070341433712867
integer_bin_reference,38,1,1.0410973832805792,0.186523910363334
integer_bin_reference,38,2,0.8368183545165182,0.5573357574017025
integer_bin_reference,38,3,0.5091151518228023,0.8434461294641681
integer_bin_reference,38,4,0.19553781522440922,0.9708355334558728
integer_bin_reference,38,5,-0.24608165748352598,0.9727395652724633
integer_bin_reference,38,6,-0.49463192088875146,0.8503812299182926
integer_bin_reference,38,7,-0.8699363834649295,0.45145475163130155
integer_bin_reference,38,8,-0.9574270915374389,0.24208051894016755
integer_bin_reference,38,9,-1.011508843445194,-0.22947641977367952
integer_bin_reference,38,10,-0.784713909549923,-0.5237639661336855
integer_bin_reference,38,11,-0.569798415769888,-0.8195568007325145
integer_bin_reference,38,12,-0.2355236587081545,-0.9847555175723098
integer_bin_reference,38,13,0.18684654431658382,-0.966988984952031
integer_bin_reference,38,14,0.6034678468516748,-0.8246502612282002
integer_bin_reference,38,15,0.7903645874460111,-0.4769676227316288
integer_bin_reference,38,16,0.9770838674649046,-0.20406123469435367
integer_bin_reference,38,17,1.007074271307092,0.18024807849667723
integer_bin_reference,38,18,0.8349940458414181,0.598524571319605
integer_bin_reference,38,19,0.5369813230233135,0.8295697385507352
integer_bin_reference,38,20,0.15826667901640107,1.0270302621715286
integer_bin_reference,38,21,-0.1561861661399057,0.9642105632078882
integer_bin_reference,38,22,-0.5768513460615,0.8517990670872543
integer_bin_reference,38,23,-0.8841146460478233,0.5851405916720173
integer_bin_reference,38,24,-1.0012593846559827,0.22631962386061705
integer_bin_reference,38,25,-1.0258595090846716,-0.2273000800734216
integer_bin_reference,38,26,-0.8102489499897648,-0.5444947796475791
integer_bin_reference,38,27,-0.5570750738980581,-0.8284722375292598
integer_bin_reference,38,28,-0.20682419950525172,-1.0167063723809395
integer_bin_reference,38,29,0.187164835907246,-0.922053651716479
integer_bin_reference,38,30,0.5614524003458341,-0.8377153111383417
integer_bin_reference,38,31,0.8042413389127648,-0.564313999802044
integer_bin_reference,38,32,1.0062776968207963,-0.1310689848485779
integer_bin_reference,38,33,0.9742158328492256,0.20331807451081432
integer_bin_reference,38,34,0.8108251846161033,0.5891244105709071
integer_bin_reference,38,35,0.5804612120631657,0.8471716635310548
integer_bin_reference,38,36,0.19901547583323634,0.9795445228575579
integer_bin_reference,38,37,-0.14898721392196662,0.9236497962252074
integer_bin_reference,38,38,-0.5665012274800579,0.8419323421064077
integer_bin_reference,38,39,-0.8200261855776005,0.6148397388952395
integer_bin_reference,38,40,-0.9814733023948415,0.16280588167028384
integer_bin_reference,38,41,-0.9718575529808596,-0.1592397467811804
integer_bin_reference,38,42,-0.8088301574727913,-0.5536677884232183
integer_bin_reference,38,43,-0.5807580029393415,-0.8115050063429264
integer_bin_reference,38,44,-0.16944025520724176,-0.9690939566632718
integer_bin_reference,38,45,0.1834453357434214,-0.9892120096860424
integer_bin_reference,38,46,0.5371399194798577,-0.8467565067383537
integer_bin_reference,38,47,0.8005397761242798,-0.5658039126385112
integer_bin_reference,38,48,0.9701404960370194,-0.148875129626535
integer_bin_reference,38,49,0.9869285993544415,0.24889296010549067
integer_bin_reference,38,50,0.7944373978288124,0.553869482227372
integer_bin_reference,38,51,0.559568644985803,0.8395503862366993
integer_bin_reference,38,52,0.2376214375555405,0.9542033960920946
integer_bin_reference,38,53,-0.24907630636754605,0.9960423576398111
integer_bin_reference,38,54,-0.5393466563594665,0.8303325994499162
integer_bin_reference,38,55,-0.8376119210917354,0.5139002215086331
integer_bin_reference,38,56,-0.9905512393058623,0.18073406203017167
integer_bin_reference,38,57,-0.9893487966997087,-0.13488741293493978
integer_bin_reference,38,58,-0.8272581095607753,-0.5746810598296971
integer_bin_reference,38,59,-0.5643765742874348,-0.8120904877971427
integer_bin_reference,38,60,-0.19489259034740586,-1.036383120457315
integer_bin_reference,38,61,0.2332394286989902,-0.980708584430919
integer_bin_reference,38,62,0.5073350351584306,-0.8725679645815696
integer_bin_reference,38,63,0.8515212710354689,-0.5404619787449325
integer_bin_reference,38,64,1.0018970602464579,-0.16751474326121413
integer_bin_reference,38,65,1.0127060030877333,0.22933804659716428
integer_bin_reference,38,66,0.8021662104710916,0.5241348103316216
integer_bin_reference,38,67,0.5434111104715904,0.8182818371457385
integer_bin_reference,38,68,0.1932072890257914,0.9549783060149256
integer_bin_reference,38,69,-0.1834956099614247,1.0148919925859807
integer_bin_reference,38,70,-0.5460565966154445,0.8242701320084643
integer_bin_reference,38,71,-0.8172641165546752,0.5584741571746128
integer_bin_reference,38,72,-1.035883483585872,0.18052609042503537
integer_bin_reference,38,73,-0.964867229416936,-0.1714073254409531
integer_bin_reference,38,74,-0.8568854077879332,-0.5753092623465572
integer_bin_reference,38,75,-0.5747475438714067,-0.81455091719428
integer_bin_reference,38,76,-0.23305128207088882,-1.0062003184999617
integer_bin_reference,38,77,0.18525714082793446,-1.0264866256484229
integer_bin_reference,38,78,0.5581620188493389,-0.7976515871159611
integer_bin_reference,38,79,0.8141807463386085,-0.5994475154388893
integer_bin_reference,38,80,0.9600515512631298,-0.16471215487083465
integer_bin_reference,38,81,0.960785219762631,0.18120177479264596
integer_bin_reference,38,82,0.851361829916668,0.5058555663244982
integer_bin_reference,38,83,0.5257081200279023,0.8591937066332223
integer_bin_reference,38,84,0.23293123013252093,0.9638548812077385
integer_bin_reference,38,85,-0.1508551232809709,1.0103856954094346
integer_bin_reference,38,86,-0.5458763065675913,0.908567978618526
integer_bin_reference,38,87,-0.8162581424872767,0.586575461024885
integer_bin_reference,38,88,-0.9917669361102573,0.2040383551527721
integer_bin_reference,38,89,-0.9459772935542778,-0.2166292640655467
integer_bin_reference,38,90,-0.7977323409238531,-0.548936743469778
integer_bin_reference,38,91,-0.5575965497025722,-0.7942692124712808
integer_bin_reference,38,92,-0.2177927104904259,-0.9598024505142324
integer_bin_reference,38,93,0.18439270289801174,-0.9761005982469093
integer_bin_reference,38,94,0.5624782223010182,-0.8381612238198158
integer_bin_reference,38,95,0.8492526323583979,-0.5564234980171455
integer_bin_reference,38,96,1.034700414690547,-0.24198755305161787
integer_bin_reference,38,97,0.9645247876263278,0.19503907337707174
integer_bin_reference,38,98,0.8980923988123234,0.5101490866270049
integer_bin_reference,38,99,0.5512266869201301,0.8400480465399242
integer_bin_reference,38,100,0.22218054741514867,0.9786473083456337
integer_bin_reference,38,101,-0.2248141945026552,0.9501682174576449
integer_bin_reference,38,102,-0.5635119574178766,0.8585483718374679
integer_bin_reference,38,103,-0.8515965027317491,0.5619375617972533
integer_bin_reference,38,104,-0.9684307751583435,0.2363069398423736
integer_bin_reference,38,105,-0.9279748349472209,-0.20507635968859309
integer_bin_reference,38,106,-0.7694265025707616,-0.5412522089976826
integer_bin_reference,38,107,-0.5399780318876959,-0.8071215588584327
integer_bin_reference,38,108,-0.20600156149319898,-0.9746746684160321
integer_bin_reference,38,109,0.24174130912371447,-0.9906832058899467
integer_bin_reference,38,110,0.5621654470618612,-0.8182477575232779
integer_bin_reference,38,111,0.8235939834331342,-0.6166244750006112
integer_bin_reference,38,112,0.9813156354606074,-0.20526831712118745
integer_bin_reference,38,113,0.9804684227802338,0.21894334400840207
integer_bin_reference,38,114,0.81949826670988,0.5438820865540059
integer_bin_reference,38,115,0.5889041937152129,0.803908751125594
integer_bin_reference,38,116,0.18599338478476649,1.0534335047075192
integer_bin_reference,38,117,-0.17779844108187892,0.947025811284699
integer_bin_reference,38,118,-0.5551915019462488,0.8430543741884037
integer_bin_reference,38,119,-0.9184108048686702,0.6503918223645283
integer_bin_reference,38,120,-0.9933566115577882,0.17892395228616742
integer_bin_reference,38,121,-1.0182247822374533,-0.15883830449297234
integer_bin_reference,38,122,-0.8304263250308719,-0.5858154611283898
integer_bin_reference,38,123,-0.5798450565693545,-0.8406446674541347
integer_bin_reference,38,124,-0.25668102197158466,-0.9783186767443872
integer_bin_reference,38,125,0.17004711429031108,-0.9712076684817065
integer_bin_reference,38,126,0.5325755795876508,-0.827688710024582
integer_bin_reference,38,127,0.842553231372162,-0.5795481767216186
integer_bin_reference,39,0,0.9611296386811845,0.28994811291368594
integer_bin_reference,39,1,0.8030795030554203,0.6489970343601781
integer_bin_reference,39,2,0.43190170736855704,0.8617706618274195
integer_bin_reference,39,3,0.14002717013293736,0.9330625910873703
integer_bin_reference,39,4,-0.2792866712907008,0.983634127089457
integer_bin_reference,39,5,-0.6515892038289786,0.750688704782201
integer_bin_reference,39,6,-0.9162391921516969,0.45420562490444044
integer_bin_reference,39,7,-0.9740201336213429,0.0882981140937576
integer_bin_reference,39,8,-0.9097494586922201,-0.3256520928077642
integer_bin_reference,39,9,-0.8034604442502192,-0.5884400380919561
integer_bin_reference,39,10,-0.49210269667025375,-0.8718517800014071
integer_bin_reference,39,11,-0.11916893002853315,-0.9877031607118225
integer_bin_reference,39,12,0.2829075422537289,-0.9367404805395594
integer_bin_reference,39,13,0.6662461318329331,-0.7983447411056119
integer_bin_reference,39,14,0.893470806974259,-0.5147716359314262
integer_bin_reference,39,15,1.0097502267816703,-0.0739580936414031
integer_bin_reference,39,16,0.9270140635180869,0.3197808217418257
integer_bin_reference,39,17,0.8112110291125003,0.7031962050505368
integer_bin_reference,39,18,0.49355797660106276,0.9212187129589079
integer_bin_reference,39,19,0.0480378914107075,0.9806973786619224
integer_bin_reference,39,20,-0.2649373879912775,0.9853734932645484
integer_bin_reference,39,21,-0.6479047024801158,0.7412877017535772
integer_bin_reference,39,22,-0.829148998907273,0.45430570794549124
integer_bin_reference,39,23,-0.9395492255827492,0.1459574664904864
integer_bin_reference,39,24,-0.9681183733222503,-0.30515412773963024
integer_bin_reference,39,25,-0.7361932354961798,-0.6627953392088554
integer_bin_reference,39,26,-0.46064768007222995,-0.9228419302942776
integer_bin_reference,39,27,-0.10671565121114757,-1.0464788052321627
integer_bin_reference,39,28,0.3155039522102392,-0.9566790271750352
integer_bin_reference,39,29,0.6563034319724457,-0.7581667294626279
integer_bin_reference,39,30,0.8752222909841451,-0.4784345830990683
integer_bin_reference,39,31,0.973639097424073,-0.08945320517806221
integer_bin_reference,39,32,0.9347846013622093,0.2553375703199251
integer_bin_reference,39,33,0.8089499016254976,0.7146577346250047
integer_bin_reference,39,34,0.4516339635340183,0.8839227524071944
integer_bin_reference,39,35,0.08971225185798447,1.0080935393099322
integer_bin_reference,39,36,-0.2816677750822787,0.9563835973007963
integer_bin_reference,39,37,-0.6499086445832819,0.7556794934983845
integer_bin_reference,39,38,-0.8850597451436996,0.4588669318215223
integer_bin_reference,39,39,-0.9613653231358409,0.1521721831532444
integer_bin_reference,39,40,-0.9843432636236918,-0.310530801328585
integer_bin_reference,39,41,-0.7867023704943095,-0.6322435051212387
integer_bin_reference,39,42,-0.5019512877445736,-0.8603034042608451
integer_bin_reference,39,43,-0.10611937131872261,-1.022528057981717
integer_bin_reference,39,44,0.2821098980309206,-0.9205851085724019
integer_bin_reference,39,45,0.5723068191280338,-0.8201609764353424
integer_bin_reference,39,46,0.9105106781798453,-0.46920288690237066
integer_bin_reference,39,47,0.9665684416691267,-0.03173766271835596
integer_bin_reference,39,48,0.9590236780197978,0.29187583759863467
integer_bin_reference,39,49,0.8089068177976688,0.634719880525715
integer_bin_reference,39,50,0.4880140230246519,0.9155621536311371
integer_bin_reference,39,51,0.14941238016451502,0.9754917034623004
integer_bin_reference,39,52,-0.284039170182333,0.9253597372661786
integer_bin_reference,39,53,-0.595628433569221,0.7895169509400974
integer_bin_reference,39,54,-0.8982599939997467,0.46768989466987604
integer_bin_reference,39,55,-0.9880431585300059,0.08957145849336753
integer_bin_reference,39,56,-0.9193185178839377,-0.2805486298479692
integer_bin_reference,39,57,-0.8001856929874797,-0.6332556048372616
integer_bin_reference,39,58,-0.4362952661083649,-0.8726256700383244
integer_bin_reference,39,59,-0.09284701159149215,-0.9608977459304525
integer_bin_reference,39,60,0.3361340675833685,-0.9418691856786265
integer_bin_reference,39,61,0.5707131111615752,-0.7737046066885161
integer_bin_reference,39,62,0.9063490729325656,-0.4608268447176607
integer_bin_reference,39,63,0.9738166889522599,-0.07286791716882468
integer_bin_reference,39,64,0.9382521767693732,0.3326880604122265
integer_bin_reference,39,65,0.710959577665373,0.6067576752301433
integer_bin_reference,39,66,0.464120673417167,0.832161089611807
integer_bin_reference,39,67,0.1304271098206535,1.0325364799564587
integer_bin_reference,39,68,-0.25547340016660464,0.9721734089023658
integer_bin_reference,39,69,-0.6899156548244189,0.72410545945901
integer_bin_reference,39,70,-0.8838723984716066,0.4299154992426251
integer_bin_reference,39,71,-0.938882093302977,0.06901292844462152
integer_bin_reference,39,72,-0.9520643258531704,-0.3364670051406416
integer_bin_reference,39,73,-0.7645310918438241,-0.6544037159896772
integer_bin_reference,39,74,-0.44749866328017035,-0.8983424138922549
integer_bin_reference,39,75,-0.155083374302993,-1.0004661305157307
integer_bin_reference,39,76,0.25148770370261786,-0.9832514551969199
integer_bin_reference,39,77,0.5971453487272305,-0.7927125314815504
integer_bin_reference,39,78,0.8489001931293015,-0.5059521668202044
integer_bin_reference,39,79,1.0121531859366577,-0.10656199694822403
integer_bin_reference,39,80,0.9810919325212487,0.23965110508023652
integer_bin_reference,39,81,0.7702561392461371,0.6061214484778071
integer_bin_reference,39,82,0.5156368568078444,0.9369408390620765
integer_bin_reference,39,83,0.12270572970499759,1.039407541258856
integer_bin_reference,39,84,-0.28029413750812676,0.9576946598028306
integer_bin_reference,39,85,-0.5652452927000633,0.8386100209683915
integer_bin_reference,39,86,-0.8715575706640429,0.4355634525748968
integer_bin_reference,39,87,-0.9543599825742731,0.0922389808353885
integer_bin_reference,39,88,-0.9779776497380882,-0.28479078438331157
integer_bin_reference,39,89,-0.8245837226944965,-0.6529374560624304
integer_bin_reference,39,90,-0.4460577009806512,-0.8937674475438229
integer_bin_reference,39,91,-0.08381831781362183,-1.0017315269271052
integer_bin_reference,39,92,0.2778713126406975,-0.9677712863778882
integer_bin_reference,39,93,0.6302772176530268,-0.8238472087081042
integer_bin_reference,39,94,0.8384634404080673,-0.5120728501633146
integer_bin_reference,39,95,1.006544202925511,-0.05576448750093116
integer_bin_reference,39,96,0.9677131975968843,0.27143591301563685
integer_bin_reference,39,97,0.7601943758913595,0.6421596667042667
integer_bin_reference,39,98,0.5059604169640632,0.8928808030939956
integer_bin_reference,39,99,0.11592015110889024,1.0086774575753987
integer_bin_reference,39,100,-0.2591235520592901,0.9336531047469601
integer_bin_reference,39,101,-0.7225555781045779,0.799316330251593
integer_bin_reference,39,102,-0.8924539369579011,0.44529493023860495
integer_bin_reference,39,103,-1.012563519335988,0.07678697545563844
integer_bin_reference,39,104,-0.9812795953877371,-0.3139184864814825
integer_bin_reference,39,105,-0.7567793324545232,-0.6272152567586933
integer_bin_reference,39,106,-0.5047979391363125,-0.8619301501190131
integer_bin_reference,39,107,-0.09469535144909791,-1.0038760169182201
integer_bin_reference,39,108,0.2973808511053508,-0.9453320505976825
integer_bin_reference,39,109,0.6467146163066173,-0.7534140889585261
integer_bin_reference,39,110,0.8765816331032386,-0.42724685539116863
integer_bin_reference,39,111,1.0237619332667718,-0.0824595930021606
integer_bin_reference,39,112,0.9402675132593381,0.2973503725883294
integer_bin_reference,39,113,0.7508053481572434,0.6095810129444931
integer_bin_reference,39,114,0.4598135097314412,0.8612225250380473
integer_bin_reference,39,115,0.0965596651537681,0.9582057024834558
integer_bin_reference,39,116,-0.3138895654799207,0.9518950004988929
integer_bin_reference,39,117,-0.6017830241292574,0.7665405478226234
integer_bin_reference,39,118,-0.8612458944181066,0.460946218873264
integer_bin_reference,39,119,-1.0121423208952847,0.11407570604907655
integer_bin_reference,39,120,-0.9419160928864834,-0.349342228124266
integer_bin_reference,39,121,-0.7468716362727863,-0.6581380623323799
integer_bin_reference,39,122,-0.45817568799782865,-0.9152747132701391
integer_bin_reference,39,123,-0.02953903602202282,-0.960125603253285
integer_bin_reference,39,124,0.26171673720629013,-0.9213804675007323
integer_bin_reference,39,125,0.6349235891689382,-0.7664170132339205
integer_bin_reference,39,126,0.8798933408085992,-0.47847061974861427
integer_bin_reference,39,127,1.0280826196225208,-0.20954604181597322
integer_bin_reference,40,0,0.7231283489349015,0.6894500548160933
integer_bin_reference,40,1,0.4607335292375645,0.9316947068929593
integer_bin_reference,40,2,-0.014356818823613414,0.9957513803799247
integer_bin_reference,40,3,-0.3984424390863757,0.9820628954379497
integer_bin_reference,40,4,-0.7257360273432151,0.7152716115046325
integer_bin_reference,40,5,-0.9361033823476448,0.3875773169912034
integer_bin_reference,40,6,-0.9852538743173388,0.017254767148807835
integer_bin_reference,40,7,-0.9233128415746178,-0.3467589996161642
integer_bin_reference,40,8,-0.6869966984711255,-0.6941837532458017
integer_bin_reference,40,9,-0.38854430596621486,-0.9057364651531611
integer_bin_reference,40,10,-0.04002624529278146,-1.0473261725083207
integer_bin_reference,40,11,0.39441628520498834,-0.9741602180466264
integer_bin_reference,40,12,0.7427861409718827,-0.7099783177982456
integer_bin_reference,40,13,0.9168144920140009,-0.3748827188850212
integer_bin_reference,40,14,0.9848274306648022,-0.005987898678655953
integer_bin_reference,40,15,0.9042525206720815,0.3361208288811229
integer_bin_reference,40,16,0.7376972575392081,0.7266653520597784
integer_bin_reference,40,17,0.3796144483673843,0.9561252096676306
integer_bin_reference,40,18,0.004632338998812837,1.040690258476598
integer_bin_reference,40,19,-0.3783431569977453,0.9396984016184761
integer_bin_reference,40,20,-0.7137460518283304,0.7478577814992989
integer_bin_reference,40,21,-0.924716215511928,0.3505774392110515
integer_bin_reference,40,22,-1.000507390270962,-0.006388412241576627
integer_bin_reference,40,23,-0.92681851928711,-0.39424879960628917
integer_bin_reference,40,24,-0.7335092072728024,-0.6881567205551284
integer_bin_reference,40,25,-0.3915681898739886,-0.9467972061928505
integer_bin_reference,40,26,-0.018956127799550023,-1.023136250113631
integer_bin_reference,40,27,0.3453235159803717,-0.9185678204025283
integer_bin_reference,40,28,0.6921694992204749,-0.7701732310861686
integer_bin_reference,40,29,0.841522756997703,-0.3924456717637159
integer_bin_reference,40,30,1.0729585701010147,-0.03941495846178103
integer_bin_reference,40,31,0.8996806477550178,0.3484004826817536
integer_bin_reference,40,32,0.6858702299344748,0.6921864628341037
integer_bin_reference,40,33,0.3589815891844856,0.9443923332826594
integer_bin_reference,40,34,0.025087937563333097,0.984039266184237
integer_bin_reference,40,35,-0.42314554274375155,0.9394398884531976
integer_bin_reference,40,36,-0.7302726985933009,0.7065733209236833
integer_bin_reference,40,37,-0.9595120558296489,0.36079275468545746
integer_bin_reference,40,38,-0.9710068397317466,0.021133361210653036
integer_bin_reference,40,39,-0.912869849734216,-0.3588226154491947
integer_bin_reference,40,40,-0.7418359916727821,-0.7034430244089899
integer_bin_reference,40,41,-0.38691061944841443,-0.9429294140172495
integer_bin_reference,40,42,-0.029278353292720043,-0.9709781970682831
integer_bin_reference,40,43,0.4046313940469587,-0.9117583885395372
integer_bin_reference,40,44,0.6885315275619771,-0.7274118952023473
integer_bin_reference,40,45,0.9265522812258027,-0.36335506407129775
integer_bin_reference,40,46,0.9974081509212654,-0.005473831664929094
integer_bin_reference,40,47,0.9016223155270002,0.37099821316892945
integer_bin_reference,40,48,0.7062414619319313,0.6893259764952073
integer_bin_reference,40,49,0.46221192859702354,0.9263607810958367
integer_bin_reference,40,50,-0.03936598824567388,1.0476760091744644
integer_bin_reference,40,51,-0.3600105619483877,0.9083581389219222
integer_bin_reference,40,52,-0.7328565470873378,0.7074028050223028
integer_bin_reference,40,53,-0.9460290946053296,0.3544708231348168
integer_bin_reference,40,54,-0.9829059382706956,0.04756472857764129
integer_bin_reference,40,55,-0.8433993298929032,-0.35447764656429076
integer_bin_reference,40,56,-0.7037026062031603,-0.7295959497044363
integer_bin_reference,40,57,-0.3677942021857796,-0.9440308339376775
integer_bin_reference,40,58,-0.034599614743114515,-0.9750937772205914
integer_bin_reference,40,59,0.4043534284078092,-0.9270539488090427
integer_bin_reference,40,60,0.7438381582386049,-0.7077032139870599
integer_bin_reference,40,61,0.872245358249041,-0.3824212913278547
integer_bin_reference,40,62,0.9282311344239011,-0.0632836721720523
integer_bin_reference,40,63,0.9212375094952557,0.3934547742864165
integer_bin_reference,40,64,0.728957707606858,0.6985014648145954
integer_bin_reference,40,65,0.43010086097216443,0.9058319204164529
integer_bin_reference,40,66,-0.034888241686668035,0.9880110344915982
integer_bin_reference,40,67,-0.3719380999280023,0.9268658444375546
integer_bin_reference,40,68,-0.6998870755769873,0.7171283583959253
integer_bin_reference,40,69,-0.899772481008338,0.3844359549617839
integer_bin_reference,40,70,-0.9848728666721951,0.02860726086080905
integer_bin_reference,40,71,-0.8911126801337816,-0.3577687576534331
integer_bin_reference,40,72,-0.7049335699604367,-0.6215579943163676
integer_bin_reference,40,73,-0.3616859681137676,-0.9004080414490903
integer_bin_reference,40,74,0.01931599962045453,-0.9714185910295708
integer_bin_reference,40,75,0.4354549957875591,-0.9069174765250809
integer_bin_reference,40,76,0.7349863916494505,-0.7445305766694279
integer_bin_reference,40,77,0.8896409101526381,-0.4454087949953635
integer_bin_reference,40,78,0.941139312023507,0.037529082804315016
integer_bin_reference,40,79,0.9052890283720314,0.3563680529908459
integer_bin_reference,40,80,0.711111786466423,0.7233477222784185
integer_bin_reference,40,81,0.4336774673533048,0.9427781533904308
integer_bin_reference,40,82,0.009539628979234873,0.9889377908826504
integer_bin_reference,40,83,-0.3340195633325315,0.9339996776049323
integer_bin_reference,40,84,-0.6964591395680697,0.7157383436394397
integer_bin_reference,40,85,-0.9271894495439977,0.38314404419318154
integer_bin_reference,40,86,-0.9642755771837411,-0.043303251747102305
integer_bin_reference,40,87,-0.9198843798745683,-0.39391690769786564
integer_bin_reference,40,88,-0.7150721703435403,-0.6485974742849488
integer_bin_reference,40,89,-0.44418792850893274,-0.9216769080594586
integer_bin_reference,40,90,0.0027546535993531597,-1.040681452767629
integer_bin_reference,40,91,0.42472888277466014,-0.9683507933307889
integer_bin_reference,40,92,0.6931499335015993,-0.6955295861907941
integer_bin_reference,40,93,0.943082469176488,-0.34720479398783355
integer_bin_reference,40,94,1.0047367601860806,-0.0005376292598090008
integer_bin_reference,40,95,0.9353465677937218,0.39756248557417917
integer_bin_reference,40,96,0.6975821875666901,0.6284349614003125
integer_bin_reference,40,97,0.3345152576392258,0.9683650567193348
integer_bin_reference,40,98,0.0008433067560835872,1.0171649792925097
integer_bin_reference,40,99,-0.3398170242742163,0.9598086760114459
integer_bin_reference,40,100,-0.7212392417939479,0.6077611412897276
integer_bin_reference,40,101,-0.882312742292668,0.43819925112661107
integer_bin_reference,40,102,-1.0269324678912612,-0.055947475156711966
integer_bin_reference,40,103,-0.9345556351174064,-0.420986077563602
integer_bin_reference,40,104,-0.7078355046410909,-0.6442496128890691
integer_bin_reference,40,105,-0.42756943327831803,-0.8610306000378806
integer_bin_reference,40,106,0.003927595391900242,-1.0142818520616987
integer_bin_reference,40,107,0.36151055600287585,-0.9176194012150488
integer_bin_reference,40,108,0.7149479495060429,-0.7047782042581847
integer_bin_reference,40,109,0.9130819560268965,-0.38257194826581453
integer_bin_reference,40,110,1.017558188629327,0.07410862711024971
integer_bin_reference,40,111,0.9176452449875647,0.34832366204812115
integer_bin_reference,40,112,0.7114979426446263,0.7391516333900432
integer_bin_reference,40,113,0.3783766638301588,0.8847422221685955
integer_bin_reference,40,114,-0.014623232650804594,0.9675890172692765
integer_bin_reference,40,115,-0.367257158589796,0.891770964646258
integer_bin_reference,40,116,-0.7147793244079009,0.7037663409084046
integer_bin_reference,40,117,-0.9333790077222981,0.3505841424781656
integer_bin_reference,40,118,-1.0056225213321035,0.03728864701909791
integer_bin_reference,40,119,-0.9403021715339486,-0.41823913882728325
integer_bin_reference,40,120,-0.7224692025060071,-0.7811678399792831
integer_bin_reference,40,121,-0.3878662095496545,-0.9592608124441712
integer_bin_reference,40,122,0.010346373836539474,-1.081554952018408
integer_bin_reference,40,123,0.3150839163629832,-0.9389640463725158
integer_bin_reference,40,124,0.720125736141075,-0.6939566802157142
integer_bin_reference,40,125,0.8760464189960232,-0.3695709918844697
integer_bin_reference,40,126,1.0767124185900556,0.011979177182110804
integer_bin_reference,40,127,0.9460062312700319,0.3436365853493455
integer_bin_reference,41,0,0.32502399277088584,0.9786487537470078
integer_bin_reference,41,1,-0.09850895823388751,1.0009850163168843
integer_bin_reference,41,2,-0.48681179634930594,0.8734983351114252
integer_bin_reference,41,3,-0.7663766492756067,0.6366551968974311
integer_bin_reference,41,4,-1.012335289519371,0.29615929242516936
integer_bin_reference,41,5,-0.9969322077258047,-0.0928764427712512
integer_bin_reference,41,6,-0.8771182490218914,-0.36587112073933276
integer_bin_reference,41,7,-0.6003509858097176,-0.7716447603155848
integer_bin_reference,41,8,-0.3252013648849963,-1.005206247129493
integer_bin_reference,41,9,0.09133024415311651,-0.9505050551474405
integer_bin_reference,41,10,0.47417889975815897,-0.8564476467337562
integer_bin_reference,41,11,0.7453123058957271,-0.6342117189479236
integer_bin_reference,41,12,0.9335514117447615,-0.3118887510108011
integer_bin_reference,41,13,1.0267012787640726,0.05111747435642362
integer_bin_reference,41,14,0.9133292598350025,0.4394112682203371
integer_bin_reference,41,15,0.6039474397215128,0.7623855073791846
integer_bin_reference,41,16,0.32786850785280497,0.915095851865062
integer_bin_reference,41,17,-0.11134809937087378,1.0012190767121238
integer_bin_reference,41,18,-0.5069900624946756,0.8632038174241652
integer_bin_reference,41,19,-0.7776938763559766,0.6146405216458164
integer_bin_reference,41,20,-0.9714290581131143,0.33780003424347477
integer_bin_reference,41,21,-0.9608726482293442,-0.12096739639657632
integer_bin_reference,41,22,-0.8251285045506864,-0.4408329344923284
integer_bin_reference,41,23,-0.6295422466329852,-0.7955619908852012
integer_bin_reference,41,24,-0.30703538649212947,-0.9697392395261106
integer_bin_reference,41,25,0.11528977240402516,-1.0137468599342774
integer_bin_reference,41,26,0.49981127725889307,-0.9199849761656245
integer_bin_reference,41,27,0.7469450279125124,-0.602485842861676
integer_bin_reference,41,28,1.023177980512808,-0.2895849763457821
integer_bin_reference,41,29,1.0090324411304321,0.10130871238208139
integer_bin_reference,41,30,0.8872919085885101,0.4747611473687621
integer_bin_reference,41,31,0.5737500326746287,0.7669449871241675
integer_bin_reference,41,32,0.2312291140669753,0.9850310079989095
integer_bin_reference,41,33,-0.13138601541684292,0.9850527660808862
integer_bin_reference,41,34,-0.4399002086585924,0.8928758307925495
integer_bin_reference,41,35,-0.8326082485141342,0.5972717635095796
integer_bin_reference,41,36,-0.959515089953025,0.2476885792782452
integer_bin_reference,41,37,-0.9142995218701706,-0.07794098378383015
integer_bin_reference,41,38,-0.8418019543695477,-0.4759057988579997
integer_bin_reference,41,39,-0.619384214284304,-0.7936609438738086
integer_bin_reference,41,40,-0.2944730368571865,-0.9668274248169293
integer_bin_reference,41,41,0.1448704481758991,-0.9982712787015845
integer_bin_reference,41,42,0.4883038352059539,-0.8058376760728344
integer_bin_reference,41,43,0.8245717630996462,-0.6330422282295834
integer_bin_reference,41,44,1.0061634872207614,-0.2510024207282682
integer_bin_reference,41,45,0.9580007598612066,0.055512419682125835
integer_bin_reference,41,46,0.8945644659893076,0.515150332154224
integer_bin_reference,41,47,0.685931864588136,0.7510047879890889
integer_bin_reference,41,48,0.2998256029295349,0.9558399828032721
integer_bin_reference,41,49,-0.11222946555022098,1.0051538809070675
integer_bin_reference,41,50,-0.4711023154878945,0.8469578139232954
integer_bin_reference,41,51,-0.7679055617290773,0.6537649902187493
integer_bin_reference,41,52,-0.9444942957895308,0.2721663818283323
integer_bin_reference,41,53,-1.0239957893302578,-0.06390014263170124
integer_bin_reference,41,54,-0.8807243956904459,-0.4956586866533709
integer_bin_reference,41,55,-0.6299900954311257,-0.7258987870546544
integer_bin_reference,41,56,-0.2525361186079442,-0.964662390705754
integer_bin_reference,41,57,0.10425949388840013,-0.9857199657661457
integer_bin_reference,41,58,0.45544822802585794,-0.8272644593596614
integer_bin_reference,41,59,0.7828269060399508,-0.6290372220273103
integer_bin_reference,41,60,0.9626240018588093,-0.3117180068732916
integer_bin_reference,41,61,1.028938826160751,0.08650491358024381
integer_bin_reference,41,62,0.8787292856244823,0.44863393310189664
integer_bin_reference,41,63,0.6145586716131448,0.7969753729816852
integer_bin_reference,41,64,0.32975204294735216,0.9384685994154717
integer_bin_reference,41,65,-0.0974950897314053,1.0390311172896518
integer_bin_reference,41,66,-0.44333429805913993,0.9135567407310751
integer_bin_reference,41,67,-0.777171997806841,0.622204223046567
integer_bin_reference,41,68,-0.9641247052131593,0.2922089496056014
integer_bin_reference,41,69,-1.009755458894591,-0.1187264663445801
integer_bin_reference,41,70,-0.8762086607536226,-0.4849832672425041
integer_bin_reference,41,71,-0.6278531200586562,-0.7432033707103596
integer_bin_reference,41,72,-0.27927699654995397,-0.9446531689321317
integer_bin_reference,41,73,0.11167468768808446,-1.021079691934983
integer_bin_reference,41,74,0.4166283960008456,-0.9197449646050169
integer_bin_reference,41,75,0.7089993177302147,-0.6429254272927281
integer_bin_reference,41,76,0.9554946415726594,-0.31644911924382324
integer_bin_reference,41,77,0.9423567959260275,0.0609634089715281
integer_bin_reference,41,78,0.865089577760802,0.44895302819057165
integer_bin_reference,41,79,0.6377105739080933,0.7570254685805098
integer_bin_reference,41,80,0.28722969822502364,0.8982734953198015
integer_bin_reference,41,81,-0.09627840877097586,0.9941622835053985
integer_bin_reference,41,82,-0.47755854904363554,0.9055109906137551
integer_bin_reference,41,83,-0.7595168191116975,0.6951800646228442
integer_bin_reference,41,84,-0.9117202293236804,0.30399570085762867
integer_bin_reference,41,85,-1.0178252992474734,-0.1310022326536354
integer_bin_reference,41,86,-0.9121851418972734,-0.5288455831428893
integer_bin_reference,41,87,-0.6437620480569656,-0.7792445487553894
integer_bin_reference,41,88,-0.30147491305338386,-0.9392727734600026
integer_bin_reference,41,89,0.15562741757292342,-0.9983282119254424
integer_bin_reference,41,90,0.5021146096745865,-0.8933179818231017
integer_bin_reference,41,91,0.784968895171708,-0.6535131428049683
integer_bin_reference,41,92,0.9957511548984056,-0.24013964689691947
integer_bin_reference,41,93,1.0163257818823437,0.12426155661546642
integer_bin_reference,41,94,0.8618234521276364,0.5009397317445189
integer_bin_reference,41,95,0.6117352178255181,0.8051182286348304
integer_bin_reference,41,96,0.2878444984897644,0.9471140484612174
integer_bin_reference,41,97,-0.09233945721090149,0.9717577083499899
integer_bin_reference,41,98,-0.5266508840931167,0.866655495318557
integer_bin_reference,41,99,-0.7795519800786319,0.6080806004900404
integer_bin_reference,41,100,-0.9770549474369183,0.28882935367912344
integer_bin_reference,41,101,-0.9617072671805229,-0.13696821254894045
integer_bin_reference,41,102,-0.8778379044300982,-0.4654440888910811
integer_bin_reference,41,103,-0.6395434137657027,-0.7609234240652155
integer_bin_reference,41,104,-0.2608880891357614,-1.0176588381063352
integer_bin_reference,41,105,0.16333145524825315,-1.0071999923580552
integer_bin_reference,41,106,0.47624842428312086,-0.9039057808772462
integer_bin_reference,41,107,0.7803650430260092,-0.6112246795478911
integer_bin_reference,41,108,0.9111648661447076,-0.27000232463120516
integer_bin_reference,41,109,1.0029760081590209,0.09719730924986772
integer_bin_reference,41,110,0.9175585113282815,0.4692410579440045
integer_bin_reference,41,111,0.611755314903295,0.7821455232373294
integer_bin_reference,41,112,0.28690742264994457,0.9684881302084475
integer_bin_reference,41,113,-0.10373354689765377,1.0136131806864215
integer_bin_reference,41,114,-0.4435138701532225,0.8538982852569689
integer_bin_reference,41,115,-0.7672401611772549,0.6093805825331936
integer_bin_reference,41,116,-0.9621329081855251,0.28657632441494796
integer_bin_reference,41,117,-0.9788109413302324,-0.06097676468784812
integer_bin_reference,41,118,-0.8578744502121195,-0.4610944247736649
integer_bin_reference,41,119,-0.6494563487286059,-0.7380494525068019
integer_bin_reference,41,120,-0.28256169017430116,-0.9731112620859641
integer_bin_reference,41,121,0.11647806304644256,-0.9789859874370844
integer_bin_reference,41,122,0.5043485734389451,-0.8756732810157596
integer_bin_reference,41,123,0.804083807768171,-0.6800887404778275
integer_bin_reference,41,124,0.9509563879762498,-0.2465726924117481
integer_bin_reference,41,125,0.9410764793057274,0.07166245716060395
integer_bin_reference,41,126,0.8521416128303473,0.4986039371941066
integer_bin_reference,41,127,0.6311085600244642,0.7914685481260525
integer_bin_reference,42,0,-0.18641481717054179,0.975036181555117
integer_bin_reference,42,1,-0.5069925702729992,0.8805050035694477
integer_bin_reference,42,2,-0.7865598311952358,0.5817847056164251
integer_bin_reference,42,3,-1.0296873868910645,0.2242849348508017
integer_bin_reference,42,4,-0.9352310228751655,-0.21561664632532784
integer_bin_reference,42,5,-0.8559016632834143,-0.5093617507834804
integer_bin_reference,42,6,-0.5707033988801195,-0.8073808684187099
integer_bin_reference,42,7,-0.1837754418848383,-0.9998409471585895
integer_bin_reference,42,8,0.19200377867202637,-1.027004803696742
integer_bin_reference,42,9,0.5533541641447743,-0.8203791776571442
integer_bin_reference,42,10,0.7920279795717906,-0.5749098809229795
integer_bin_reference,42,11,0.9584044771777832,-0.1626683808921257
integer_bin_reference,42,12,1.023673901129383,0.20141584387578026
integer_bin_reference,42,13,0.8298672006842481,0.5384113341642102
integer_bin_reference,42,14,0.5828240849687769,0.8349895364028809
integer_bin_reference,42,15,0.1849014188074393,0.9423056669097688
integer_bin_reference,42,16,-0.15228709279629282,0.9739633486229597
integer_bin_reference,42,17,-0.5586370709916046,0.7937519297749839
integer_bin_reference,42,18,-0.8125934509038784,0.5246632960444855
integer_bin_reference,42,19,-0.9457374340007059,0.17468068519237115
integer_bin_reference,42,20,-1.0069715366225869,-0.18753733842217324
integer_bin_reference,42,21,-0.8519626012011501,-0.5531465711594852
integer_bin_reference,42,22,-0.5692634560609454,-0.8822280957172993
integer_bin_reference,42,23,-0.15068793115292697,-0.9521174261125764
integer_bin_reference,42,24,0.21281623683977985,-1.0010369450073573
integer_bin_reference,42,25,0.5770097134007622,-0.8842282250284159
integer_bin_reference,42,26,0.8265493063090827,-0.5499464928407116
integer_bin_reference,42,27,1.0201929963708969,-0.09357000403635087
integer_bin_reference,42,28,1.0134368795542927,0.1548719736874658
integer_bin_reference,42,29,0.8195255760588829,0.5619011673303812
integer_bin_reference,42,30,0.5961140952779844,0.7765629241363766
integer_bin_reference,42,31,0.22812737946370346,0.9795422827941683
integer_bin_reference,42,32,-0.2096184307743576,0.9993008665541802
integer_bin_reference,42,33,-0.5250103270887572,0.8682812691222758
integer_bin_reference,42,34,-0.8291157798692228,0.5644226808945265
integer_bin_reference,42,35,-1.0019402715071137,0.2198812661717926
integer_bin_reference,42,36,-1.0323855725761828,-0.19218206927888368
integer_bin_reference,42,37,-0.8133903798137192,-0.5723232650216896
integer_bin_reference,42,38,-0.5927078453457655,-0.865116810811464
integer_bin_reference,42,39,-0.22327777920730207,-0.9652699620213296
integer_bin_reference,42,40,0.16591211879472012,-0.9488159065010002
integer_bin_reference,42,41,0.5281917984296233,-0.8951690669000697
integer_bin_reference,42,42,0.7739331683991767,-0.5698219747639932
integer_bin_reference,42,43,0.9769931240061532,-0.1957986183171454
integer_bin_reference,42,44,0.9753523313275373,0.20928161310167614
integer_bin_reference,42,45,0.8603797284467346,0.5520987301990435
integer_bin_reference,42,46,0.5596843948126528,0.8277567598106274
integer_bin_reference,42,47,0.21152763795690224,0.9709289887666936
integer_bin_reference,42,48,-0.2227674663237634,0.9288373789383869
integer_bin_reference,42,49,-0.5231780434713279,0.9183972109768677
integer_bin_reference,42,50,-0.8287783186695178,0.5711249194181254
integer_bin_reference,42,51,-1.002764199935827,0.27805805426582614
integer_bin_reference,42,52,-0.9723267708964639,-0.20389891608615135
integer_bin_reference,42,53,-0.8317629833367396,-0.533287402267487
integer_bin_reference,42,54,-0.5865283884876215,-0.8266092497857527
integer_bin_reference,42,55,-0.19393172912094495,-0.9509230932418538
integer_bin_reference,42,56,0.22056962048441417,-1.0099195343282183
integer_bin_reference,42,57,0.5527482434257479,-0.8312172389057538
integer_bin_reference,42,58,0.8584539028587919,-0.5601345580487826
integer_bin_reference,42,59,0.9682767203454874,-0.1579435468472035
integer_bin_reference,42,60,1.0105072485846056,0.16793615892296748
integer_bin_reference,42,61,0.775058170394949,0.5943861168155453
integer_bin_reference,42,62,0.5740654563926622,0.8440566697658207
integer_bin_reference,42,63,0.20975836483367272,0.9268459606963642
integer_bin_reference,42,64,-0.16145161764932234,1.032526613502742
integer_bin_reference,42,65,-0.5941554661987323,0.839510494898211
integer_bin_reference,42,66,-0.8263695392826912,0.583409470989374
integer_bin_reference,42,67,-0.9350489496446094,0.16886592730234004
integer_bin_reference,42,68,-0.9690537114102438,-0.19762543591848153
integer_bin_reference,42,69,-0.8510264822730501,-0.5235162400021629
integer_bin_reference,42,70,-0.4928625563001843,-0.8224026505172723
integer_bin_reference,42,71,-0.1876450071052382,-0.9632914128922523
integer_bin_reference,42,72,0.12964945997295585,-0.9660641540188597
integer_bin_reference,42,73,0.5626595340001214,-0.8397306158887806
integer_bin_reference,42,74,0.7952132912744004,-0.48675942696875285
integer_bin_reference,42,75,0.958596422924596,-0.22270201520224456
integer_bin_reference,42,76,0.9845800230981611,0.18472470408085542
integer_bin_reference,42,77,0.8090109559198291,0.5743558236804571
integer_bin_reference,42,78,0.555807605198078,0.8632666683238962
integer_bin_reference,42,79,0.2561302332920931,0.9952307211940923
integer_bin_reference,42,80,-0.21954549257691797,0.9180150125111163
integer_bin_reference,42,81,-0.5867234392465015,0.8228715749797083
integer_bin_reference,42,82,-0.7885895140000094,0.6040404842599754
integer_bin_reference,42,83,-1.0170443208594715,0.1801101095849438
integer_bin_reference,42,84,-1.0029681811074525,-0.21381444834661206
integer_bin_reference,42,85,-0.876770441866378,-0.5832517095651542
integer_bin_reference,42,86,-0.5169968597566147,-0.7824459457927183
integer_bin_reference,42,87,-0.15662071238248865,-0.8999599327084519
integer_bin_reference,42,88,0.17388603751389187,-0.9310004939183413
integer_bin_reference,42,89,0.5333472392805217,-0.8369826230553771
integer_bin_reference,42,90,0.9016096026855384,-0.5927108835000626
integer_bin_reference,42,91,0.9675527743812603,-0.21477998140546053
integer_bin_reference,42,92,0.9909828392078004,0.17808483417663326
integer_bin_reference,42,93,0.8539720468434779,0.5773603702666927
integer_bin_reference,42,94,0.6011866941021942,0.840812132919354
integer_bin_reference,42,95,0.17833438867942783,1.0093526739516459
integer_bin_reference,42,96,-0.16596612503440175,0.9724755353569182
integer_bin_reference,42,97,-0.5540437445030099,0.8001157384953246
integer_bin_reference,42,98,-0.8401659005522136,0.5619815239845567
integer_bin_reference,42,99,-0.9560872710662622,0.18961868821511352
integer_bin_reference,42,100,-0.9839434712549592,-0.17505301691878142
integer_bin_reference,42,101,-0.8357277685680419,-0.5280945752520179
integer_bin_reference,42,102,-0.5300642026840318,-0.7767054400915646
integer_bin_reference,42,103,-0.1915456652605316,-1.000329226854382
integer_bin_reference,42,104,0.19945311078716704,-1.0041102750231587
integer_bin_reference,42,105,0.5808651747989695,-0.8415846218835487
integer_bin_reference,42,106,0.8589022824229295,-0.5862291213719996
integer_bin_reference,42,107,1.0062684354021298,-0.20440969581329368
integer_bin_reference,42,108,0.9542869021942291,0.18608582533606877
integer_bin_reference,42,109,0.8631999452140681,0.5610955172457148
integer_bin_reference,42,110,0.5450870664815554,0.7956301018679892
integer_bin_reference,42,111,0.1584817840189257,0.9997251757709384
integer_bin_reference,42,112,-0.18375025251022425,1.0002227906879373
integer_bin_reference,42,113,-0.5191803568591639,0.8431020759200387
integer_bin_reference,42,114,-0.8761767384730679,0.6105910615765883
integer_bin_reference,42,115,-0.9060898306914628,0.1932352076088362
integer_bin_reference,42,116,-0.9825411270112657,-0.20120353289928306
integer_bin_reference,42,117,-0.8171317283645319,-0.5938293274635184
integer_bin_reference,42,118,-0.5554093670538574,-0.8173129915537861
integer_bin_reference,42,119,-0.20185588633874868,-1.0120162095013696
integer_bin_reference,42,120,0.21663804899817457,-0.9763561348380599
integer_bin_reference,42,121,0.5467144493960941,-0.8140786933228831
integer_bin_reference,42,122,0.7972682045124553,-0.5655433191702095
integer_bin_reference,42,123,0.9775895820287959,-0.2288324187271889
integer_bin_reference,42,124,0.951834646926341,0.1945534235713598
integer_bin_reference,42,125,0.8361821264020606,0.5815661943101844
integer_bin_reference,42,126,0.5249857797111105,0.8448928439802316
integer_bin_reference,42,127,0.2079138279671697,0.9881771600884411
integer_bin_reference,43,0,-0.623586042781627,0.8045144146336131
integer_bin_reference,43,1,-0.8807083043074412,0.4384226490407026
integer_bin_reference,43,2,-0.9347843091823875,0.10114551430318536
integer_bin_reference,43,3,-0.9476101869602259,-0.28328282710639446
integer_bin_reference,43,4,-0.803424629633318,-0.6601758302055364
integer_bin_reference,43,5,-0.48481167236449596,-0.8182250441233182
integer_bin_reference,43,6,-0.1167451476278088,-0.9597292899828089
integer_bin_reference,43,7,0.3390892842426809,-0.9384114458846013
integer_bin_reference,43,8,0.6169817651489251,-0.7958226244825584
integer_bin_reference,43,9,0.9215649689879497,-0.4361407174944797
integer_bin_reference,43,10,1.0252596323831293,-0.06679059849735551
integer_bin_reference,43,11,0.9467336277087643,0.25157328658726796
integer_bin_reference,43,12,0.7740394259580338,0.6196023465975601
integer_bin_reference,43,13,0.4519751582403749,0.9125386281676946
integer_bin_reference,43,14,0.17773230466702544,1.0149226288308126
integer_bin_reference,43,15,-0.283546533472707,0.9046034313501023
integer_bin_reference,43,16,-0.6298621611159705,0.7267279563548812
integer_bin_reference,43,17,-0.8540164694672675,0.4756694561346615
integer_bin_reference,43,18,-1.0173942602339932,0.09542324904604313
integer_bin_reference,43,19,-0.940997468591954,-0.3715275824766809
integer_bin_reference,43,20,-0.754855636287742,-0.6430831758720404
integer_bin_reference,43,21,-0.47457141815855564,-0.9482760593433153
integer_bin_reference,43,22,-0.09252335464478299,-1.0534400151596495
integer_bin_reference,43,23,0.29322266433107735,-0.9545377446805219
integer_bin_reference,43,24,0.6076747338340408,-0.7861659585229035
integer_bin_reference,43,25,0.8974289894372479,-0.4925720173823755
integer_bin_reference,43,26,1.0435073423022048,-0.036179287459066234
integer_bin_reference,43,27,0.9400865163605675,0.30645876514375614
integer_bin_reference,43,28,0.7716636765265822,0.6045097367310974
integer_bin_reference,43,29,0.4654508562046273,0.8856835844925417
integer_bin_reference,43,30,0.07215341553784761,0.9945953555904553
integer_bin_reference,43,31,-0.31593676970982715,0.9645944100040568
integer_bin_reference,43,32,-0.6699916649648047,0.7844585644885022
integer_bin_reference,43,33,-0.8919238532685901,0.4333634024959105
integer_bin_reference,43,34,-0.9866390103275119,0.0839407514347414
integer_bin_reference,43,35,-0.9433232683059045,-0.2906346174060888
integer_bin_reference,43,36,-0.7483608656063866,-0.5779245742995309
integer_bin_reference,43,37,-0.4742350795791417,-0.9078015484551605
integer_bin_reference,43,38,-0.10012587086388841,-0.9866753561516709
integer_bin_reference,43,39,0.2885449617293704,-0.9185713710492552
integer_bin_reference,43,40,0.6128099499076509,-0.772027714828688
integer_bin_reference,43,41,0.8831987055936209,-0.49664199421621047
integer_bin_reference,43,42,0.9932235853050874,-0.08986023751379957
integer_bin_reference,43,43,0.9394823870867195,0.3456195971945224
integer_bin_reference,43,44,0.7383095147755445,0.5993922347011874
integer_bin_reference,43,45,0.49760077070548353,0.9087543152009295
integer_bin_reference,43,46,0.07965221146798425,0.9716236224082874
integer_bin_reference,43,47,-0.23397839562622985,0.9368901006622843
integer_bin_reference,43,48,-0.5479658793790022,0.7953992242055928
integer_bin_reference,43,49,-0.9467096680996565,0.48066717290283095
integer_bin_reference,43,50,-1.0323811248892625,0.07201142560624801
integer_bin_reference,43,51,-0.9615806244233058,-0.31924645915165434
integer_bin_reference,43,52,-0.7793238350625846,-0.641610351826541
integer_bin_reference,43,53,-0.5109648600919727,-0.8788341993190752
integer_bin_reference,43,54,-0.09305990325383126,-1.0145529506110826
integer_bin_reference,43,55,0.2640366952379613,-0.9305230548112018
integer_bin_reference,43,56,0.6244750161017908,-0.7350526965497448
integer_bin_reference,43,57,0.9308557749065364,-0.4630996804096605
integer_bin_reference,43,58,0.9444587856605055,-0.1324057880331855
integer_bin_reference,43,59,0.9928285352682175,0.28067411159841965
integer_bin_reference,43,60,0.7545214951383328,0.6419087574932387
integer_bin_reference,43,61,0.5142502293553627,0.8739375413332571
integer_bin_reference,43,62,0.11457597924972321,1.0111363225377787
integer_bin_reference,43,63,-0.25512156346682086,0.9686113065712583
integer_bin_reference,43,64,-0.64019093871265,0.7240778873293252
integer_bin_reference,43,65,-0.877240809743858,0.48547434086583313
integer_bin_reference,43,66,-1.0144299787839093,0.112830555747751
integer_bin_reference,43,67,-0.9557522988585789,-0.3423528007682209
integer_bin_reference,43,68,-0.7471533619605157,-0.5732488134812775
integer_bin_reference,43,69,-0.40890850315508326,-0.9003005901672808
integer_bin_reference,43,70,-0.09839960977125282,-0.9655780636609057
integer_bin_reference,43,71,0.25939705645770306,-0.956607523553115
integer_bin_reference,43,72,0.6581247517817479,-0.7958909736932114
integer_bin_reference,43,73,0.9610286742847809,-0.4092770649451627
integer_bin_reference,43,74,0.9477966507891639,-0.12949907331616461
integer_bin_reference,43,75,0.9597074885623169,0.26912757239383395
integer_bin_reference,43,76,0.7326098736805351,0.6292676554860268
integer_bin_reference,43,77,0.4911016987614498,0.8677598254824368
integer_bin_reference,43,78,0.09655337370453461,0.9912421446055799
integer_bin_reference,43,79,-0.30250626344587145,0.9971549898660954
integer_bin_reference,43,80,-0.6315029838271975,0.7813068517195034
integer_bin_reference,43,81,-0.876553486557776,0.45270355227756787
integer_bin_reference,43,82,-0.9914662898877868,0.08617070119735837
integer_bin_reference,43,83,-0.9303655412106783,-0.2778683191999674
integer_bin_reference,43,84,-0.7275852530192751,-0.687390368923244
integer_bin_reference,43,85,-0.44302166955570255,-0.9622588366281
integer_bin_reference,43,86,-0.1370924852974456,-1.0132040708222774
integer_bin_reference,43,87,0.3327122042480442,-0.9726087869750736
integer_bin_reference,43,88,0.6566307261674201,-0.7721074846844523
integer_bin_reference,43,89,0.8723590041116855,-0.4041188142513637
integer_bin_reference,43,90,1.0313543025876675,-0.06811974070782553
integer_bin_reference,43,91,0.950935576344304,0.32995655483347985
integer_bin_reference,43,92,0.7395470161299523,0.6025550889894319
integer_bin_reference,43,93,0.4687637394141419,0.8722861856639332
integer_bin_reference,43,94,0.06265264686688705,0.9907709897300485
integer_bin_reference,43,95,-0.2992780675083738,0.9473502852970401
integer_bin_reference,43,96,-0.643474583506783,0.7799423903875619
integer_bin_reference,43,97,-0.8990442255053592,0.5056044071742117
integer_bin_reference,43,98,-0.9649738919976754,0.09596928962027464
integer_bin_reference,43,99,-0.9805476809143836,-0.31634259399464687
integer_bin_reference,43,100,-0.7756002656589249,-0.6526506709363954
integer_bin_reference,43,101,-0.44406117432300446,-0.9010288099028132
integer_bin_reference,43,102,-0.10825654429627166,-1.0108840347279007
integer_bin_reference,43,103,0.30018994415236655,-0.9867930216066552
integer_bin_reference,43,104,0.6303007001670261,-0.7797374468578316
integer_bin_reference,43,105,0.8986058023862687,-0.4983730682688535
integer_bin_reference,43,106,1.0009144798011391,-0.053906251385678707
integer_bin_reference,43,107,0.9611459656734912,0.29202137666704153
integer_bin_reference,43,108,0.7540948214433228,0.6477622121946929
integer_bin_reference,43,109,0.4138012436868526,0.8749591245578725
integer_bin_reference,43,110,0.11131633929848452,1.0491835453650962
integer_bin_reference,43,111,-0.2665088540044235,0.9555847138968884
integer_bin_reference,43,112,-0.6308711023466569,0.8111671078623722
integer_bin_reference,43,113,-0.8619350526911602,0.49187767435076485
integer_bin_reference,43,114,-0.9659748630434017,0.09102067952369351
integer_bin_reference,43,115,-0.9399051667928953,-0.31475851051173603
integer_bin_reference,43,116,-0.7690257784567676,-0.6087282402070896
integer_bin_reference,43,117,-0.4952526254717625,-0.893823610368715
integer_bin_reference,43,118,-0.08858660472694602,-0.9848499599251961
integer_bin_reference,43,119,0.31651477566816316,-0.9916551624606305
integer_bin_reference,43,120,0.6164715470197065,-0.7481915739090983
integer_bin_reference,43,121,0.8803144021267475,-0.5008772977954996
integer_bin_reference,43,122,0.9796369449392203,-0.11679682624010347
integer_bin_reference,43,123,0.9681337080118788,0.294934778278155
integer_bin_reference,43,124,0.7570309952027514,0.597971345537903
integer_bin_reference,43,125,0.4537458924755091,0.909796663159113
integer_bin_reference,43,126,0.055255762447921686,0.9746187054270076
integer_bin_reference,43,127,-0.29254081936459075,0.9427327784076779
integer_bin_reference,44,0,-0.9460916257084814,0.3860756533704646
integer_bin_reference,44,1,-1.035102537184082,-0.042145974776077205
integer_bin_reference,44,2,-0.9789903622077124,-0.4094668905959893
integer_bin_reference,44,3,-0.7249709678568198,-0.6557653552705064
integer_bin_reference,44,4,-0.38487193530257324,-0.9583784699605722
integer_bin_reference,44,5,-0.014295548243834116,-1.0437158094608803
integer_bin_reference,44,6,0.378035645770386,-0.9232811825154186
integer_bin_reference,44,7,0.6899179190366542,-0.7349573811854145
integer_bin_reference,44,8,0.8861981303741466,-0.3941720672101777
integer_bin_reference,44,9,1.0303699997953217,0.021478646591417117
integer_bin_reference,44,10,0.9114725294214813,0.3417450181943226
integer_bin_reference,44,11,0.688505253872286,0.642433131779011
integer_bin_reference,44,12,0.387709135547991,0.9160614407487885
integer_bin_reference,44,13,0.027458868153558944,1.0352962586941112
integer_bin_reference,44,14,-0.3846761367185009,0.8712777906953669
integer_bin_reference,44,15,-0.7000054543702788,0.730251717714298
integer_bin_reference,44,16,-0.8923258515185825,0.36564233354740705
integer_bin_reference,44,17,-1.0298974988040093,-0.0039769813448833026
integer_bin_reference,44,18,-0.9870634361633206,-0.37327149694658757
integer_bin_reference,44,19,-0.6984817576727258,-0.6912480436278275
integer_bin_reference,44,20,-0.37885456994618244,-0.9195784286601203
integer_bin_reference,44,21,0.01695085572740693,-1.0445725399813757
integer_bin_reference,44,22,0.33158260685804924,-0.9191402487384619
integer_bin_reference,44,23,0.730032414965036,-0.7302772495857137
integer_bin_reference,44,24,0.9501053104807411,-0.3327348968413253
integer_bin_reference,44,25,0.9214942068360055,0.03938618770802142
integer_bin_reference,44,26,0.8792624222800656,0.3761549515840326
integer_bin_reference,44,27,0.7643379713562314,0.7133883692213269
integer_bin_reference,44,28,0.3891141821621524,0.9569789668805135
integer_bin_reference,44,29,0.05149112797415717,1.0015429319197808
integer_bin_reference,44,30,-0.38432048971614574,0.9109054640583643
integer_bin_reference,44,31,-0.6914251497917592,0.7772632880426805
integer_bin_reference,44,32,-0.9121915564683666,0.38037874263101934
integer_bin_reference,44,33,-0.9958990200157358,-0.040722300498153736
integer_bin_reference,44,34,-0.9342792657995019,-0.3999746034978696
integer_bin_reference,44,35,-0.719188539802841,-0.6947205560650026
integer_bin_reference,44,36,-0.35531553515267544,-0.9087017399080003
integer_bin_reference,44,37,0.04240038966830986,-1.0132560649435733
integer_bin_reference,44,38,0.40779192186787283,-0.9198577423854466
integer_bin_reference,44,39,0.7260443668802518,-0.6734657006478316
integer_bin_reference,44,40,0.9257952723563864,-0.42375036741946326
integer_bin_reference,44,41,1.0266018704132132,-0.0322483604709848
integer_bin_reference,44,42,0.9255718661034128,0.3715996966802622
integer_bin_reference,44,43,0.6978575607221642,0.6957395749779306
integer_bin_reference,44,44,0.3938359175717751,0.9487806036984227
integer_bin_reference,44,45,0.00023041531616675186,1.0408986825733684
integer_bin_reference,44,46,-0.35797331847289204,0.9319864073211653
integer_bin_reference,44,47,-0.700872913483453,0.7201936464768119
integer_bin_reference,44,48,-0.8853203958495062,0.41547966321791235
integer_bin_reference,44,49,-1.0297665681118713,0.016870165124243185
integer_bin_reference,44,50,-0.9499861368856135,-0.37331882323619275
integer_bin_reference,44,51,-0.7005360915286846,-0.6989113573575967
integer_bin_reference,44,52,-0.3726475174655916,-0.9265369727527155
integer_bin_reference,44,53,-0.009085145902475096,-0.9694227338426501
integer_bin_reference,44,54,0.3717020130735636,-0.9248488388276875
integer_bin_reference,44,55,0.6677595207244718,-0.7152873325634932
integer_bin_reference,44,56,0.9029142108873581,-0.38504871530359225
integer_bin_reference,44,57,1.046223493659218,-0.01932986835191318
integer_bin_reference,44,58,0.9161403002826997,0.37517173446695506
integer_bin_reference,44,59,0.6651436173992878,0.6993595481144936
integer_bin_reference,44,60,0.3652258663584594,0.904412862138889
integer_bin_reference,44,61,0.03534366491073066,1.0003493428934624
integer_bin_reference,44,62,-0.34147271380079025,0.9200099932027704
integer_bin_reference,44,63,-0.7491893891953524,0.688687159378787
integer_bin_reference,44,64,-0.9490534898800939,0.38372203256308596
integer_bin_reference,44,65,-1.0127129960613113,0.03619798397536548
integer_bin_reference,44,66,-0.9249965318795751,-0.40894994872911966
integer_bin_reference,44,67,-0.7365188254135463,-0.7198547122905055
integer_bin_reference,44,68,-0.3706030263566079,-0.9533791563136675
integer_bin_reference,44,69,-0.003958390509903097,-0.991469053808558
integer_bin_reference,44,70,0.3885807475232901,-0.9741720835005857
integer_bin_reference,44,71,0.7298056684898719,-0.6913696596688689
integer_bin_reference,44,72,0.9046852024071749,-0.4207206767698144
integer_bin_reference,44,73,0.9958164649364546,-0.06275676320436441
integer_bin_reference,44,74,0.9032269623226232,0.38719124105748065
integer_bin_reference,44,75,0.6920444598267576,0.7549626024901578
integer_bin_reference,44,76,0.3639686018473361,0.9040095607300068
integer_bin_reference,44,77,-0.01575436676149784,0.9798658618926794
integer_bin_reference,44,78,-0.29357176959447806,0.9213097942441301
integer_bin_reference,44,79,-0.7093663756469498,0.6784664784821349
integer_bin_reference,44,80,-0.9652454872244661,0.40647231872848233
integer_bin_reference,44,81,-1.0230705700056157,0.001152419917909822
integer_bin_reference,44,82,-0.911728054723707,-0.3821159902271497
integer_bin_reference,44,83,-0.7394902458039055,-0.6889476245420059
integer_bin_reference,44,84,-0.39297980770584234,-0.8707525961514271
integer_bin_reference,44,85,0.017186903846834856,-0.9888295364258166
integer_bin_reference,44,86,0.37228322370998934,-0.9131113946346112
integer_bin_reference,44,87,0.7299778674477176,-0.7054451270121681
integer_bin_reference,44,88,0.9325056884561145,-0.3902088206265379
integer_bin_reference,44,89,0.9610709754756004,-0.0032430095040495337
integer_bin_reference,44,90,0.9949599418616281,0.4085896367493011
integer_bin_reference,44,91,0.7371737093906431,0.68526048001846
integer_bin_reference,44,92,0.3806003960009977,0.9619294815263799
integer_bin_reference,44,93,-0.0052384959880332465,1.0397717436943954
integer_bin_reference,44,94,-0.383761890980417,0.9288611130347793
integer_bin_reference,44,95,-0.6429187698161045,0.6885008015300279
integer_bin_reference,44,96,-0.8464628343774274,0.39021823037819314
integer_bin_reference,44,97,-0.985109883800271,-0.004187223598365426
integer_bin_reference,44,98,-0.9434254962861368,-0.3624355380208614
integer_bin_reference,44,99,-0.7448357121646041,-0.714111625245415
integer_bin_reference,44,100,-0.4343096905562629,-0.9554792037965801
integer_bin_reference,44,101,-0.011203160961183865,-0.9812853578063564
integer_bin_reference,44,102,0.37001552603722127,-0.9291666168716785
integer_bin_reference,44,103,0.7298793802754875,-0.6849593326550498
integer_bin_reference,44,104,0.897351200676971,-0.43489501809694
integer_bin_reference,44,105,0.9680132100768377,0.042251235457956934
integer_bin_reference,44,106,0.889769138425928,0.4153258018769631
integer_bin_reference,44,107,0.720243713429825,0.7391571548774796
integer_bin_reference,44,108,0.44019925602036186,0.9763356851089877
integer_bin_reference,44,109,0.03173901214886238,1.0102803311508475
integer_bin_reference,44,110,-0.3534097386623533,0.9321988700376967
integer_bin_reference,44,111,-0.6749057589354822,0.6900931537109082
integer_bin_reference,44,112,-0.9130604738654692,0.3736437138860213
integer_bin_reference,44,113,-0.9842201533279895,-0.05674061530919777
integer_bin_reference,44,114,-0.9251543535574764,-0.3785373911900176
integer_bin_reference,44,115,-0.7535251299937604,-0.6874322655665847
integer_bin_reference,44,116,-0.37382035876812164,-0.8956370582932061
integer_bin_reference,44,117,0.016803850382958306,-1.0018624466874713
integer_bin_reference,44,118,0.4277528020466586,-0.9076491918825808
integer_bin_reference,44,119,0.7288519526343414,-0.6784828284231235
integer_bin_reference,44,120,0.9654967973071322,-0.30750143515002626
integer_bin_reference,44,121,1.029018716067613,-0.03801797657885612
integer_bin_reference,44,122,0.9496941063678727,0.36049407998154015
integer_bin_reference,44,123,0.6758465243581346,0.7699010740026837
integer_bin_reference,44,124,0.3309799209844863,0.8796872128313109
integer_bin_reference,44,125,0.026297379061513106,1.002026813113458
integer_bin_reference,44,126,-0.40746611101232977,0.9780088704461452
integer_bin_reference,44,127,-0.7238386997431554,0.7305456356443157
integer_bin_reference,45,0,-1.018479116371091,-0.14991325181120813
integer_bin_reference,45,1,-0.8649999718629167,-0.5260090907179477
integer_bin_reference,45,2,-0.6669723690961044,-0.7928109429749952
integer_bin_reference,45,3,-0.286641181592776,-0.9330627393022893
integer_bin_reference,45,4,0.09690606453273772,-1.0662421914902398
integer_bin_reference,45,5,0.5037741804499706,-0.9291875423060871
integer_bin_reference,45,6,0.7906145140565954,-0.6413663763982669
integer_bin_reference,45,7,0.9456638808225027,-0.2682937898307807
integer_bin_reference,45,8,1.006417829071062,0.008111547352175397
integer_bin_reference,45,9,0.9497933876501186,0.5177691272693403
integer_bin_reference,45,10,0.6792229972561502,0.7883035436168994
integer_bin_reference,45,11,0.2798578250291949,0.9254612015323205
integer_bin_reference,45,12,-0.10070611632949487,0.9881846671884862
integer_bin_reference,45,13,-0.4590768021732206,0.9043563763334063
integer_bin_reference,45,14,-0.7673206321966,0.6740759767052514
integer_bin_reference,45,15,-0.9154419742091541,0.2842685835152865
integer_bin_reference,45,16,-0.9967838732078462,-0.14573835307540858
integer_bin_reference,45,17,-0.8993378115779962,-0.48789528790654996
integer_bin_reference,45,18,-0.6516644617363349,-0.7834466512900653
integer_bin_reference,45,19,-0.32690317045621975,-0.9353010031085413
integer_bin_reference,45,20,0.08916068776841007,-1.0307356796284508
integer_bin_reference,45,21,0.5092797536584331,-0.8702810502188347
integer_bin_reference,45,22,0.7292349079356951,-0.6414170071248356
integer_bin_reference,45,23,0.9927805890339759,-0.28619505081477786
integer_bin_reference,45,24,0.9757241775877906,0.1286671813796017
integer_bin_reference,45,25,0.9028813873097153,0.49520180283954723
integer_bin_reference,45,26,0.6930691834243945,0.7123349997717952
integer_bin_reference,45,27,0.2892644431146088,0.9415684190089936
integer_bin_reference,45,28,-0.0945905942543924,0.9876765135742506
integer_bin_reference,45,29,-0.4138242202657466,0.882063305798114
integer_bin_reference,45,30,-0.7237418508756454,0.6308091058170487
integer_bin_reference,45,31,-0.9766179444867236,0.2790698506635214
integer_bin_reference,45,32,-0.9549448607729906,-0.09572928010152
integer_bin_reference,45,33,-0.893029305224123,-0.4422907569264548
integer_bin_reference,45,34,-0.6037517136229805,-0.7328171995737986
integer_bin_reference,45,35,-0.3202718923486797,-0.9843955462103495
integer_bin_reference,45,36,0.14016900684299782,-0.9822031421507936
integer_bin_reference,45,37,0.428788245162242,-0.899796404656357
integer_bin_reference,45,38,0.7355839357513598,-0.6062078969637662
integer_bin_reference,45,39,0.9264707103372787,-0.3275157423881205
integer_bin_reference,45,40,0.983443771730099,0.15292853847021168
integer_bin_reference,45,41,0.8520908023650575,0.48155389791977643
integer_bin_reference,45,42,0.6061209150557273,0.74372613353531
integer_bin_reference,45,43,0.265594097915084,0.9841928597022711
integer_bin_reference,45,44,-0.08349800494872535,1.0501507001663788
integer_bin_reference,45,45,-0.45978582914824456,0.890263202149718
integer_bin_reference,45,46,-0.7494071177242241,0.5885711400828215
integer_bin_reference,45,47,-0.9484001562321995,0.3176438950037468
integer_bin_reference,45,48,-1.012294584846898,-0.047516962106735366
integer_bin_reference,45,49,-0.841557265236401,-0.4574448222472498
integer_bin_reference,45,50,-0.6181000398635589,-0.7727676264562815
integer_bin_reference,45,51,-0.2715599377991352,-1.0032864015822685
integer_bin_reference,45,52,0.09981998584109203,-0.9925295113648179
integer_bin_reference,45,53,0.48735955434649336,-0.862512300617328
integer_bin_reference,45,54,0.7155639508353234,-0.6970765700619825
integer_bin_reference,45,55,0.9301164242631473,-0.28367539784563744
integer_bin_reference,45,56,0.9960544817985025,0.0772425882025427
integer_bin_reference,45,57,0.8839734263783333,0.4711935052497892
integer_bin_reference,45,58,0.6409604253136707,0.8513073025202578
integer_bin_reference,45,59,0.33227516095557547,0.9622265779529818
integer_bin_reference,45,60,-0.0631460855046222,0.9558250390267247
integer_bin_reference,45,61,-0.45878667732540646,0.8889645558703929
integer_bin_reference,45,62,-0.7647833193226717,0.6230193227947837
integer_bin_reference,45,63,-1.033794039143015,0.29322932242520316
integer_bin_reference,45,64,-1.020736218609405,-0.09214236081991357
integer_bin_reference,45,65,-0.8778356957839493,-0.47173923880127516
integer_bin_reference,45,66,-0.604698528865616,-0.730755712215378
integer_bin_reference,45,67,-0.2838658248317551,-0.9708217845308884
integer_bin_reference,45,68,0.1144228490732195,-0.9891435251753119
integer_bin_reference,45,69,0.5060746567342944,-0.9363677437962773
integer_bin_reference,45,70,0.8120461676979044,-0.6597625000594195
integer_bin_reference,45,71,0.9640139691660278,-0.26051802564429427
integer_bin_reference,45,72,0.9838452806918342,0.09363526330144308
integer_bin_reference,45,73,0.8603801747629567,0.48185773333398285
integer_bin_reference,45,74,0.5703223760778546,0.782201289101583
integer_bin_reference,45,75,0.3032715495921368,0.9390115823937231
integer_bin_reference,45,76,-0.039480934349950016,0.9795011895807157
integer_bin_reference,45,77,-0.4802089055420767,0.8963036980374003
integer_bin_reference,45,78,-0.7869592531253138,0.602748606816384
integer_bin_reference,45,79,-0.956282775306887,0.3322188302477924
integer_bin_reference,45,80,-0.9854958941454479,-0.09063144026796269
integer_bin_reference,45,81,-0.9466612149321253,-0.4242622718665315
integer_bin_reference,45,82,-0.6447498554625115,-0.7712171294456291
integer_bin_reference,45,83,-0.24955914443750704,-0.9688674605322238
integer_bin_reference,45,84,0.13353529942664433,-0.9587961744771932
integer_bin_reference,45,85,0.4567242682022064,-0.8724736636900229
integer_bin_reference,45,86,0.7595406822593138,-0.6463110042712799
integer_bin_reference,45,87,0.9452220828695063,-0.27527532102448193
integer_bin_reference,45,88,0.9982615645473729,0.10664166060519452
integer_bin_reference,45,89,0.8540235738790878,0.5001786192333844
integer_bin_reference,45,90,0.6114370998228477,0.781611146408139
integer_bin_reference,45,91,0.2962757925846409,0.9943076923997112
integer_bin_reference,45,92,-0.07862575471087728,0.9522769504320164
integer_bin_reference,45,93,-0.46143032977824594,0.8694772614596308
integer_bin_reference,45,94,-0.7707067829112618,0.6640468919438077
integer_bin_reference,45,95,-0.9893173285285485,0.3318173273383715
integer_bin_reference,45,96,-0.9952389290964087,-0.09968567335723584
integer_bin_reference,45,97,-0.9151171399091298,-0.42909837750569646
integer_bin_reference,45,98,-0.6228706830166229,-0.7847605950789289
integer_bin_reference,45,99,-0.19742537888464012,-0.9056538081560472
integer_bin_reference,45,100,0.07817210512615276,-0.9879478774989154
integer_bin_reference,45,101,0.47846493801490847,-0.8663398398399101
integer_bin_reference,45,102,0.7383963103369222,-0.5910153874321263
integer_bin_reference,45,103,0.9587584321471749,-0.31858918480771153
integer_bin_reference,45,104,1.0119080921190227,0.06913721017028131
integer_bin_reference,45,105,0.8651489034325438,0.4563219970085536
integer_bin_reference,45,106,0.7221861105265126,0.7063060539251071
integer_bin_reference,45,107,0.26265923526898144,0.9793770784994316
integer_bin_reference,45,108,-0.0704557948078736,0.9853501659800116
integer_bin_reference,45,109,-0.5265366601480077,0.862565939192981
integer_bin_reference,45,110,-0.7235669988164015,0.658625293151643
integer_bin_reference,45,111,-0.9579716571240335,0.29932860254183835
integer_bin_reference,45,112,-0.9960784715866077,-0.14581906924419602
integer_bin_reference,45,113,-0.8446412412580669,-0.4492525199877366
integer_bin_reference,45,114,-0.6663410288960496,-0.8052736801721492
integer_bin_reference,45,115,-0.25585823774950517,-0.9771557179013814
integer_bin_reference,45,116,0.12230658480876401,-0.9639875722440163
integer_bin_reference,45,117,0.41650472536402283,-0.8592799007823891
integer_bin_reference,45,118,0.75830825988214,-0.6229844730682563
integer_bin_reference,45,119,0.9640646646272378,-0.29675121674054084
integer_bin_reference,45,120,1.0040182809611926,0.10122036991587645
integer_bin_reference,45,121,0.8855679827168331,0.4588140261992749
integer_bin_reference,45,122,0.6400942217960607,0.690035562471557
integer_bin_reference,45,123,0.29215820540932624,0.9117427111011062
integer_bin_reference,45,124,-0.09339672883048504,0.9999117850452098
integer_bin_reference,45,125,-0.4447353760256823,0.8808518543421567
integer_bin_reference,45,126,-0.749674645525961,0.6328860374424254
integer_bin_reference,45,127,-0.9719996818797998,0.2907666366285013
integer_bin_reference,46,0,-0.8423915950400678,-0.5273324817795924
integer_bin_reference,46,1,-0.5707973204536584,-0.799532370426933
integer_bin_reference,46,2,-0.20830051844661604,-1.0049735360604013
integer_bin_reference,46,3,0.19443220227019206,-0.9935854632804814
integer_bin_reference,46,4,0.5017153865098783,-0.8362957451215062
integer_bin_reference,46,5,0.8583597070472825,-0.44469877451774265
integer_bin_reference,46,6,0.9721570524749574,-0.20190936524176334
integer_bin_reference,46,7,1.021306488496224,0.1621787710290568
integer_bin_reference,46,8,0.7765917033921632,0.560119016247417
integer_bin_reference,46,9,0.5830825320974538,0.7850227537528117
integer_bin_reference,46,10,0.23699013101643088,0.998784129810349
integer_bin_reference,46,11,-0.16725777389944846,1.008564240351323
integer_bin_reference,46,12,-0.5773381831965969,0.7988522329688377
integer_bin_reference,46,13,-0.8570467350849783,0.5769071774559509
integer_bin_reference,46,14,-0.9498547757034791,0.17697709205570364
integer_bin_reference,46,15,-0.9879194595154598,-0.16107323658463057
integer_bin_reference,46,16,-0.801188262984086,-0.5152828134282244
integer_bin_reference,46,17,-0.5545671503131323,-0.80000367200061
integer_bin_reference,46,18,-0.20020775079619832,-0.9400405632926181
integer_bin_reference,46,19,0.26456678847748855,-0.9901942424708864
integer_bin_reference,46,20,0.5890507364858382,-0.8528407716886132
integer_bin_reference,46,21,0.8366631729696726,-0.589157779930569
integer_bin_reference,46,22,0.9832400244473491,-0.17699861270759482
integer_bin_reference,46,23,0.9929281137621657,0.17076404071797463
integer_bin_reference,46,24,0.8584951755689281,0.5457487160413603
integer_bin_reference,46,25,0.4900012543999114,0.8146388769845481
integer_bin_reference,46,26,0.19367759953163816,1.0206670453453948
integer_bin_reference,46,27,-0.16098293624445106,0.9802239746133968
integer_bin_reference,46,28,-0.6388695995690477,0.8334890727980695
integer_bin_reference,46,29,-0.8103189331165104,0.6061406715242202
integer_bin_reference,46,30,-0.9776245637492178,0.2076145944949687
integer_bin_reference,46,31,-0.9724941811004459,-0.15076525502723204
integer_bin_reference,46,32,-0.7960416876622765,-0.5662801444371662
integer_bin_reference,46,33,-0.4711037103185214,-0.7986928479998915
integer_bin_reference,46,34,-0.1664141302758169,-0.9904077565030303
integer_bin_reference,46,35,0.2047375912564974,-0.9840953805384012
integer_bin_reference,46,36,0.5400565624285978,-0.8553414466122454
integer_bin_reference,46,37,0.8694804995898087,-0.5808178741942894
integer_bin_reference,46,38,1.0284721577037064,-0.14874269904326792
integer_bin_reference,46,39,0.9744532672840446,0.25393320291453214
integer_bin_reference,46,40,0.8401951377421537,0.5660621678910018
integer_bin_reference,46,41,0.5362333501220669,0.7828752824982094
integer_bin_reference,46,42,0.2349090634277734,0.991575817132369
integer_bin_reference,46,43,-0.2650009930297698,1.0057618009631957
integer_bin_reference,46,44,-0.5635446752729665,0.846034143803111
integer_bin_reference,46,45,-0.8390776445789623,0.5302063595197892
integer_bin_reference,46,46,-0.9478843084024628,0.22289002396574986
integer_bin_reference,46,47,-0.9786821653775257,-0.17245756675127552
integer_bin_reference,46,48,-0.8558512750647819,-0.6007384491993039
integer_bin_reference,46,49,-0.5079697184308509,-0.8376298249323066
integer_bin_reference,46,50,-0.1932476149278854,-0.9902357836652281
integer_bin_reference,46,51,0.15195657925601172,-0.9892374358071742
integer_bin_reference,46,52,0.5589006542662509,-0.8312837219237595
integer_bin_reference,46,53,0.8144342086022872,-0.6267490425468167
integer_bin_reference,46,54,1.001715903234073,-0.24226291545477774
integer_bin_reference,46,55,0.958804621093603,0.1765650832600796
integer_bin_reference,46,56,0.8671093143569294,0.5488667483649315
integer_bin_reference,46,57,0.5620562722668481,0.8554405879347734
integer_bin_reference,46,58,0.18901166118945464,0.9709475245678644
integer_bin_reference,46,59,-0.19193456579397167,0.9169346345424563
integer_bin_reference,46,60,-0.5536867856359794,0.8636796848485553
integer_bin_reference,46,61,-0.8571670406216548,0.5245971925862256
integer_bin_reference,46,62,-0.9593599627886839,0.1800293309608555
integer_bin_reference,46,63,-0.9893037862708832,-0.2506158172673218
integer_bin_reference,46,64,-0.83271990721525,-0.5175295854820026
integer_bin_reference,46,65,-0.5892099389386916,-0.7808430477877469
integer_bin_reference,46,66,-0.17916905319980223,-1.0167874539725505
integer_bin_reference,46,67,0.21289894583088137,-1.0242139622948576
integer_bin_reference,46,68,0.5159854427921945,-0.8041131589009096
integer_bin_reference,46,69,0.8102121694825769,-0.4997761299242298
integer_bin_reference,46,70,0.9827212582500983,-0.2190143913756567
integer_bin_reference,46,71,0.920054210194166,0.1956971784002121
integer_bin_reference,46,72,0.8113501443652233,0.563438494270713
integer_bin_reference,46,73,0.5970657698710682,0.8173622363931777
integer_bin_reference,46,74,0.2566299835855771,1.0534475167540107
integer_bin_reference,46,75,-0.18143049555335855,1.0173635901123337
integer_bin_reference,46,76,-0.5688944632772253,0.823004009637441
integer_bin_reference,46,77,-0.8165882903119789,0.5764196698984425
integer_bin_reference,46,78,-0.9898921382854285,0.2371566475271591
integer_bin_reference,46,79,-0.9958125873116649,-0.17698560062001095
integer_bin_reference,46,80,-0.8161018436106969,-0.567872939920678
integer_bin_reference,46,81,-0.5703286850899928,-0.8497795025020747
integer_bin_reference,46,82,-0.1945308563277086,-1.012850422466061
integer_bin_reference,46,83,0.15945877586305385,-1.0067004877561612
integer_bin_reference,46,84,0.5703641116700713,-0.8054077511865803
integer_bin_reference,46,85,0.8027655468659348,-0.5456383498749869
integer_bin_reference,46,86,1.0291522693417765,-0.23924944949057084
integer_bin_reference,46,87,0.9355150489122998,0.1664912398189342
integer_bin_reference,46,88,0.870010759232786,0.5428983339295944
integer_bin_reference,46,89,0.5300733856637018,0.8502386232462641
integer_bin_reference,46,90,0.20841611685423153,0.9711714198562338
integer_bin_reference,46,91,-0.18767216302555867,0.9643275318557454
integer_bin_reference,46,92,-0.55154363801924,0.8976629429740983
integer_bin_reference,46,93,-0.8886354720549519,0.5869244238714858
integer_bin_reference,46,94,-0.9960047841457087,0.18769101709596245
integer_bin_reference,46,95,-0.947939963977664,-0.1886102082504675
integer_bin_reference,46,96,-0.8892849011636906,-0.5567284604457687
integer_bin_reference,46,97,-0.5636845759733874,-0.8631581740137139
integer_bin_reference,46,98,-0.26269971414289495,-1.0060802094977153
integer_bin_reference,46,99,0.15621962831071234,-0.9949258903002968
integer_bin_reference,46,100,0.5473217843753024,-0.8835427393136699
integer_bin_reference,46,101,0.8183748875593131,-0.5478084629673925
integer_bin_reference,46,102,1.0005134002787948,-0.19867130477788342
integer_bin_reference,46,103,0.9625074667309941,0.21125658256917365
integer_bin_reference,46,104,0.8369759003764293,0.5125562919345221
integer_bin_reference,46,105,0.4958227580278306,0.7705212620404606
integer_bin_reference,46,106,0.20896344349072793,0.9799529770344558
integer_bin_reference,46,107,-0.20606591969586904,0.9926592282043587
integer_bin_reference,46,108,-0.5661012232440846,0.8852614674220302
integer_bin_reference,46,109,-0.8640365312950976,0.5516368086538901
integer_bin_reference,46,110,-1.0243462752210044,0.18670121885688706
integer_bin_reference,46,111,-0.9976100239869825,-0.19858625941529537
integer_bin_reference,46,112,-0.8692248927913976,-0.5830409949570788
integer_bin_reference,46,113,-0.5646484036108718,-0.8077477441126005
integer_bin_reference,46,114,-0.15926345584952156,-1.0359041406954697
integer_bin_reference,46,115,0.15193060844398404,-0.940662590993767
integer_bin_reference,46,116,0.501922651123311,-0.8450187281955498
integer_bin_reference,46,117,0.8757623008045229,-0.49901808678147125
integer_bin_reference,46,118,0.9384983272172915,-0.1652833500783775
integer_bin_reference,46,119,0.9940031403092876,0.19517909929353777
integer_bin_reference,46,120,0.8546431070427998,0.5201772790769095
integer_bin_reference,46,121,0.5431356875134906,0.8290576294528009
integer_bin_reference,46,122,0.23755315913274672,0.9817810329077054
integer_bin_reference,46,123,-0.17604465961501845,0.9813577735054095
integer_bin_reference,46,124,-0.5310151441509795,0.8180078592282544
integer_bin_reference,46,125,-0.8582922576326854,0.5527517594288438
integer_bin_reference,46,126,-0.9560293052972724,0.21995208885447437
integer_bin_reference,46,127,-0.9565606067123054,-0.16326089714122294
integer_bin_reference,47,0,-0.48557858636715123,-0.8837036191049349
integer_bin_reference,47,1,-0.10074093731202566,-0.9811127378512219
integer_bin_reference,47,2,0.3198903331871074,-0.9709981599046469
integer_bin_reference,47,3,0.6610008612955536,-0.7424858244293089
integer_bin_reference,47,4,0.8505947550590189,-0.44178465039016035
integer_bin_reference,47,5,1.0244380060918077,-0.11399959090831295
integer_bin_reference,47,6,0.9903054517737524,0.30515583886628395
integer_bin_reference,47,7,0.7893726602212191,0.669411804442036
integer_bin_reference,47,8,0.45585971862307006,0.8627897448636518
integer_bin_reference,47,9,0.06893731284214652,0.9700262907276975
integer_bin_reference,47,10,-0.28858907247151416,0.9855270922779615
integer_bin_reference,47,11,-0.6867917267615538,0.7400227267523148
integer_bin_reference,47,12,-0.921210282949272,0.42213901937110343
integer_bin_reference,47,13,-0.9803394047813736,0.10338960850717163
integer_bin_reference,47,14,-0.9509041711998635,-0.2589306896754495
integer_bin_reference,47,15,-0.7306527701615537,-0.6572617543339573
integer_bin_reference,47,16,-0.44482020092115465,-0.909942648408118
integer_bin_reference,47,17,-0.09200039763219972,-0.9877084457606357
integer_bin_reference,47,18,0.32841464003644294,-0.9485106967753194
integer_bin_reference,47,19,0.6101762158538171,-0.7891413559305186
integer_bin_reference,47,20,0.8784591076677155,-0.4642173341943964
integer_bin_reference,47,21,0.9819594833538497,-0.09953360093279887
integer_bin_reference,47,22,1.0063419152983568,0.30270315607561227
integer_bin_reference,47,23,0.7843379564463692,0.6783928679146892
integer_bin_reference,47,24,0.4512525762779706,0.8698650431870305
integer_bin_reference,47,25,0.0834287658513642,0.9737435624325801
integer_bin_reference,47,26,-0.34916126267602077,0.9647625928983128
integer_bin_reference,47,27,-0.6730994158257697,0.8477559197072596
integer_bin_reference,47,28,-0.9000685058199624,0.48919150807125256
integer_bin_reference,47,29,-0.9652880571555454,0.08398692699178634
integer_bin_reference,47,30,-0.9442534613150766,-0.2812261285455523
integer_bin_reference,47,31,-0.8225895465028681,-0.676355458179319
integer_bin_reference,47,32,-0.4379625677201722,-0.8801073268581776
integer_bin_reference,47,33,-0.1346688584013394,-1.0124753177929788
integer_bin_reference,47,34,0.2889397539954871,-0.9340269923023553
integer_bin_reference,47,35,0.607238396238722,-0.7692814941831314
integer_bin_reference,47,36,0.8961871018562877,-0.4796249034532237
integer_bin_reference,47,37,1.0182320876235023,-0.043713475076864544
integer_bin_reference,47,38,0.9513682169018469,0.27600949811322517
integer_bin_reference,47,39,0.76595492390454,0.6333224002358159
integer_bin_reference,47,40,0.4955612273422543,0.9059480923357215
integer_bin_reference,47,41,0.11538730354577312,0.9922088683931035
integer_bin_reference,47,42,-0.26384318905340215,0.9808963794403953
integer_bin_reference,47,43,-0.6156043699103778,0.7992626970360801
integer_bin_reference,47,44,-0.9284683888817569,0.4728589538720664
integer_bin_reference,47,45,-1.0494986295208522,0.1246305534793551
integer_bin_reference,47,46,-0.9681407769510075,-0.33628202848668154
integer_bin_reference,47,47,-0.7281371946042706,-0.6926791509166627
integer_bin_reference,47,48,-0.43005818125923245,-0.8918838490604514
integer_bin_reference,47,49,-0.10440297911579365,-0.9958845031096073
integer_bin_reference,47,50,0.23046682584468212,-1.0053540722978704
integer_bin_reference,47,51,0.644245016067081,-0.7551138227205992
integer_bin_reference,47,52,0.8891877223987995,-0.4700001603909648
integer_bin_reference,47,53,1.0368592359753181,-0.12021109928306786
integer_bin_reference,47,54,1.009208973443193,0.2735731336423482
integer_bin_reference,47,55,0.7069995888550225,0.6464839958110272
integer_bin_reference,47,56,0.4808731358306289,0.8328642159118194
integer_bin_reference,47,57,0.1436853620206468,1.0078838085449842
integer_bin_reference,47,58,-0.3112696716083126,0.9133843462499077
integer_bin_reference,47,59,-0.6756698025813228,0.7251887243876924
integer_bin_reference,47,60,-0.9053446048251831,0.417890042766886
integer_bin_reference,47,61,-0.9456657774538543,0.13138141189036703
integer_bin_reference,47,62,-0.9481829326209562,-0.280765092508544
integer_bin_reference,47,63,-0.7152959398626011,-0.6011881784074938
integer_bin_reference,47,64,-0.47634943315132383,-0.8603513489081708
integer_bin_reference,47,65,-0.1092965777840467,-0.9791338916766924
integer_bin_reference,47,66,0.26585373562334513,-0.9510665839028917
integer_bin_reference,47,67,0.6320483277452525,-0.73461262702141
integer_bin_reference,47,68,0.8876558872749166,-0.45975976421564074
integer_bin_reference,47,69,0.9616508917201663,-0.09973036808658435
integer_bin_reference,47,70,0.9589885824503748,0.2626029686596125
integer_bin_reference,47,71,0.779666628903979,0.6289030496768342
integer_bin_reference,47,72,0.4738750972680604,0.8942459665543286
integer_bin_reference,47,73,0.1139696820599391,1.0136126701449286
integer_bin_reference,47,74,-0.2867435909010667,0.9405918314952854
integer_bin_reference,47,75,-0.6251433829793497,0.7073892355344022
integer_bin_reference,47,76,-0.9206895981792098,0.48431377855019436
integer_bin_reference,47,77,-1.0236009124776335,0.1312991566681034
integer_bin_reference,47,78,-0.9571145051055145,-0.27261405139515404
integer_bin_reference,47,79,-0.7814966544379737,-0.6230780107023466
integer_bin_reference,47,80,-0.4143109372583838,-0.8558748851236759
integer_bin_reference,47,81,-0.12020858776061498,-1.0350447833418086
integer_bin_reference,47,82,0.2577274095988281,-0.9728520853567074
integer_bin_reference,47,83,0.5869391385535188,-0.7462120260679297
integer_bin_reference,47,84,0.9146677041449233,-0.5158412180247264
integer_bin_reference,47,85,0.9869306778133277,-0.05032166229369674
integer_bin_reference,47,86,0.9346642333485687,0.33819000553496764
integer_bin_reference,47,87,0.7525751343564914,0.5586838233410155
integer_bin_reference,47,88,0.46083043637803234,0.9049964480933045
integer_bin_reference,47,89,0.10806324329218518,1.0126298963714926
integer_bin_reference,47,90,-0.3288015120683346,0.9306939793061809
integer_bin_reference,47,91,-0.6032738789222978,0.7628950790375951
integer_bin_reference,47,92,-0.8693542038717831,0.4559789665003802
integer_bin_reference,47,93,-0.9692067342823443,0.09647385390043685
integer_bin_reference,47,94,-1.0111404736835607,-0.24863922921557216
integer_bin_reference,47,95,-0.7451256854628202,-0.6371751586928956
integer_bin_reference,47,96,-0.46931645373402964,-0.8366758375615764
integer_bin_reference,47,97,-0.1494316263347163,-1.0027970203821468
integer_bin_reference,47,98,0.28517013127954627,-0.9310049436426648
integer_bin_reference,47,99,0.6961318909763584,-0.7484297486353996
integer_bin_reference,47,100,0.8190347469551308,-0.44183730067931426
integer_bin_reference,47,101,1.0010183353864581,-0.10300771174357486
integer_bin_reference,47,102,0.9878695682702022,0.3123589533577162
integer_bin_reference,47,103,0.7588021404468,0.6437090689973315
integer_bin_reference,47,104,0.47956774039352534,0.8764364648547919
integer_bin_reference,47,105,0.09509095879610498,0.9928023221822936
integer_bin_reference,47,106,-0.28780760703338176,1.0045590261300235
integer_bin_reference,47,107,-0.6144020632327704,0.7740198975331853
integer_bin_reference,47,108,-0.8623385728490711,0.4151557525100524
integer_bin_reference,47,109,-0.9962710765327073,0.04963950616651616
integer_bin_reference,47,110,-0.9301242958345376,-0.2866596001790989
integer_bin_reference,47,111,-0.7294868181189811,-0.6165453673964756
integer_bin_reference,47,112,-0.48475473025250354,-0.8509808168824469
integer_bin_reference,47,113,-0.06634878697022545,-1.0086041479257384
integer_bin_reference,47,114,0.3143096879272031,-0.9934264543988871
integer_bin_reference,47,115,0.5748849810046632,-0.7824320516630041
integer_bin_reference,47,116,0.899195287304798,-0.44488555732103746
integer_bin_reference,47,117,0.9342807486480081,-0.13534665177366884
integer_bin_reference,47,118,0.9678115366147579,0.27850094890891947
integer_bin_reference,47,119,0.7705459181212367,0.6152813494391313
integer_bin_reference,47,120,0.534353445082528,0.8687522157103577
integer_bin_reference,47,121,0.11299100106923293,0.9903232920328542
integer_bin_reference,47,122,-0.26075995884333014,0.9432367000842931
integer_bin_reference,47,123,-0.6066431474033381,0.8030744452035805
integer_bin_reference,47,124,-0.8577560324535325,0.5114995200099411
integer_bin_reference,47,125,-1.012833075400244,0.09881826293224308
integer_bin_reference,47,126,-0.9010615671510993,-0.3415316897003167
integer_bin_reference,47,127,-0.7415553185226084,-0.6352517200172664
integer_bin_reference,48,0,-0.023086442877655912,-1.0242350010363537
integer_bin_reference,48,1,0.3742339891801796,-0.9051936607561438
integer_bin_reference,48,2,0.7132534312407445,-0.7182972793845522
integer_bin_reference,48,3,0.873287417943649,-0.34486553410976317
integer_bin_reference,48,4,0.9956429370754931,0.01962690827705301
integer_bin_reference,48,5,0.9614433738611805,0.37371407955471525
integer_bin_reference,48,6,0.7509823232404772,0.7294170641311906
integer_bin_reference,48,7,0.39004996002923287,0.8965713393509249
integer_bin_reference,48,8,-0.019096282535754478,0.9634387808764574
integer_bin_reference,48,9,-0.37034658974090817,0.9527881941187005
integer_bin_reference,48,10,-0.7548557872689265,0.6682320122818414
integer_bin_reference,48,11,-0.9509991606780933,0.348049289646665
integer_bin_reference,48,12,-0.9799307696503365,0.07633460160502334
integer_bin_reference,48,13,-0.9050415851725824,-0.3818565331375377
integer_bin_reference,48,14,-0.6793436585960201,-0.6817077246895265
integer_bin_reference,48,15,-0.39149659776218815,-0.926563228501085
integer_bin_reference,48,16,0.011472327210099489,-1.0238810640536338
integer_bin_reference,48,17,0.3545277513311509,-0.9511542674180353
integer_bin_reference,48,18,0.7674028432257028,-0.7072478534396278
integer_bin_reference,48,19,0.8740875178179128,-0.35907267231098133
integer_bin_reference,48,20,1.0363221216932161,0.028487029064490257
integer_bin_reference,48,21,0.9248806435005366,0.4014240815931357
integer_bin_reference,48,22,0.7341272250014734,0.6760420439615652
integer_bin_reference,48,23,0.36588203021518106,0.9076540263293443
integer_bin_reference,48,24,-0.04216871933069152,1.0246436197849114
integer_bin_reference,48,25,-0.43053446020913444,0.901073565871618
integer_bin_reference,48,26,-0.6962012434895323,0.6762876657822128
integer_bin_reference,48,27,-0.9695764266531189,0.34121239347587257
integer_bin_reference,48,28,-1.0122687464000748,0.0782721427983196
integer_bin_reference,48,29,-0.9489972889317172,-0.40135462103167796
integer_bin_reference,48,30,-0.7477789632029237,-0.6940453731770151
integer_bin_reference,48,31,-0.4237936331967807,-0.9002306571321149
integer_bin_reference,48,32,-0.039142924565942726,-0.9374928744355226
integer_bin_reference,48,33,0.3977590151147387,-0.9357403943849943
integer_bin_reference,48,34,0.7176344834043906,-0.7271321751948256
integer_bin_reference,48,35,0.9649186814234043,-0.34119076416307315
integer_bin_reference,48,36,0.9971577192435365,-0.00458079486898443
integer_bin_reference,48,37,0.9280530998261469,0.3830035787224422
integer_bin_reference,48,38,0.7216068340895874,0.7339976000014025
integer_bin_reference,48,39,0.33976069275835613,0.9057374230465745
integer_bin_reference,48,40,0.048531898427573855,1.012357726514461
integer_bin_reference,48,41,-0.3732092061157318,0.8958071143570256
integer_bin_reference,48,42,-0.7547816131181484,0.6646569423942118
integer_bin_reference,48,43,-0.912766840453835,0.3832209010769212
integer_bin_reference,48,44,-1.0248877310011957,0.040100206167897556
integer_bin_reference,48,45,-0.8941549864822316,-0.37623429777534934
integer_bin_reference,48,46,-0.6980381785494478,-0.6995821669645255
integer_bin_reference,48,47,-0.36782566636838226,-0.9139824150011984
integer_bin_reference,48,48,-0.055352470831666424,-0.9605520708485293
integer_bin_reference,48,49,0.3896679565672693,-0.8854406429028661
integer_bin_reference,48,50,0.6814883874284683,-0.7714131841406265
integer_bin_reference,48,51,0.9194517296594534,-0.34498271832550903
integer_bin_reference,48,52,1.0343657892173028,0.023874807651690474
integer_bin_reference,48,53,0.929760792480016,0.39305088485456224
integer_bin_reference,48,54,0.697562384599193,0.712638144430222
integer_bin_reference,48,55,0.3888354224355209,0.9791667148824608
integer_bin_reference,48,56,-0.019313345843728687,0.9793227051301955
integer_bin_reference,48,57,-0.39421847906174334,0.9237635726576063
integer_bin_reference,48,58,-0.754963270145883,0.7434311086010589
integer_bin_reference,48,59,-0.9507544463621909,0.370593562107199
integer_bin_reference,48,60,-1.0124374186051206,0.044150310278180394
integer_bin_reference,48,61,-0.8893278602709678,-0.4144633073237345
integer_bin_reference,48,62,-0.7201680600457856,-0.6675821483444682
integer_bin_reference,48,63,-0.38849829250886275,-0.9614337606755791
integer_bin_reference,48,64,-0.00113426631544545,-0.959146760695866
integer_bin_reference,48,65,0.38902432470233433,-0.9291350396595452
integer_bin_reference,48,66,0.7518285563925747,-0.6928404227459075
integer_bin_reference,48,67,0.8940955774647303,-0.3762141751654614
integer_bin_reference,48,68,1.0347199795639528,0.02728920714776974
integer_bin_reference,48,69,0.9286839945407586,0.37544117651018
integer_bin_reference,48,70,0.6787482131409001,0.7289390280676674
integer_bin_reference,48,71,0.4211013013497101,0.909764809491985
integer_bin_reference,48,72,-0.07293592748633562,0.9763928555627442
integer_bin_reference,48,73,-0.46913740467864246,0.9394612383113371
integer_bin_reference,48,74,-0.7240872496341308,0.7020237910422059
integer_bin_reference,48,75,-0.9177907174812683,0.35635916071037016
integer_bin_reference,48,76,-1.0243459541628215,0.001949001643200055
integer_bin_reference,48,77,-0.9742878136072335,-0.3334321026791921
integer_bin_reference,48,78,-0.7257100120298772,-0.7394374269597225
integer_bin_reference,48,79,-0.3643750216023956,-0.8911135817498124
integer_bin_reference,48,80,0.025570930667233562,-0.9962799149780337
integer_bin_reference,48,81,0.3844492675317813,-0.9314019978902751
integer_bin_reference,48,82,0.6790453674112721,-0.6816260410632781
integer_bin_reference,48,83,0.9278876186299831,-0.4027185747491972
integer_bin_reference,48,84,1.0347137751795692,0.011623541021305755
integer_bin_reference,48,85,0.9435147435309028,0.4007197657191892
integer_bin_reference,48,86,0.7123230436112165,0.6885918092625626
integer_bin_reference,48,87,0.3941826107611759,0.8673753850496998
integer_bin_reference,48,88,-0.023036137593534185,0.9926738961835069
integer_bin_reference,48,89,-0.4085075395801186,0.8900153598984291
integer_bin_reference,48,90,-0.7186153061804142,0.6817890834695276
integer_bin_reference,48,91,-0.9244985460318984,0.37578283042115
integer_bin_reference,48,92,-0.9750233398426883,-0.02706335649458176
integer_bin_reference,48,93,-0.9356514611463054,-0.3817396394268556
integer_bin_reference,48,94,-0.7335284864550108,-0.7328486626198313
integer_bin_reference,48,95,-0.4119700790885801,-0.8920151428203954
integer_bin_reference,48,96,0.03809903529452328,-0.9717872823649534
integer_bin_reference,48,97,0.37163487352682467,-0.8812300031507476
integer_bin_reference,48,98,0.7029531520077801,-0.7341982164934783
integer_bin_reference,48,99,0.9173771378706947,-0.39641029187444266
integer_bin_reference,48,100,0.9676046780768436,0.028955501243157822
integer_bin_reference,48,101,0.9046936859732982,0.4012189950043405
integer_bin_reference,48,102,0.7507904421548208,0.740899917052687
integer_bin_reference,48,103,0.4200386425896553,0.911663050012631
integer_bin_reference,48,104,0.011189083097043744,0.9499872985914521
integer_bin_reference,48,105,-0.3138377188178515,0.9320204283876201
integer_bin_reference,48,106,-0.7179305019914448,0.7386970180289174
integer_bin_reference,48,107,-0.9322936154502004,0.3667414148497869
integer_bin_reference,48,108,-0.9680820794429283,-0.024234598547947767
integer_bin_reference,48,109,-0.8931195759803049,-0.394790150854321
integer_bin_reference,48,110,-0.6487503185965837,-0.7353962964065633
integer_bin_reference,48,111,-0.32719250465825866,-0.9139985155651631
integer_bin_reference,48,112,-0.002348228012948605,-0.9948295564168607
integer_bin_reference,48,113,0.4053979959801104,-0.9190875111386715
integer_bin_reference,48,114,0.7482526705958548,-0.7384779001529765
integer_bin_reference,48,115,0.9449802548920031,-0.3728998398033139
integer_bin_reference,48,116,1.0064587318534837,0.007985706552413914
integer_bin_reference,48,117,0.9347842231499623,0.41747138966557384
integer_bin_reference,48,118,0.6906766785721362,0.6803613623785564
integer_bin_reference,48,119,0.34997928801517963,0.9274354031486517
integer_bin_reference,48,120,-0.011902560258315542,1.0033894757458857
integer_bin_reference,48,121,-0.35192995903252433,0.9335104404242307
integer_bin_reference,48,122,-0.7238357668774691,0.6979772371959428
integer_bin_reference,48,123,-0.920389841437298,0.3991531613579846
integer_bin_reference,48,124,-0.974978358409049,-0.037802011494972816
integer_bin_reference,48,125,-0.9222974375075643,-0.38471593016093186
integer_bin_reference,48,126,-0.7302968193814867,-0.7137857998606579
integer_bin_reference,48,127,-0.3844428329832676,-0.9252780189891333
integer_bin_reference,49,0,0.4650095956966228,-0.9353358073784646
integer_bin_reference,49,1,0.7650874596061312,-0.6613973937886495
integer_bin_reference,49,2,0.9569912473662594,-0.28418519316912016
integer_bin_reference,49,3,0.9705511445239031,0.11406710523481074
integer_bin_reference,49,4,0.925127149036375,0.44369390673089903
integer_bin_reference,49,5,0.6291398614938495,0.7486242587899625
integer_bin_reference,49,6,0.3200599393455559,0.9862047372899394
integer_bin_reference,49,7,-0.13777602108113296,0.9868218536892576
integer_bin_reference,49,8,-0.4492747870572126,0.8550944093035024
integer_bin_reference,49,9,-0.7558304140942012,0.6132901373540021
integer_bin_reference,49,10,-0.9549651881167271,0.354052805029884
integer_bin_reference,49,11,-0.9867914937011983,-0.06946854616199569
integer_bin_reference,49,12,-0.8733924285245538,-0.5243037518552458
integer_bin_reference,49,13,-0.6611228408467261,-0.7845200397270307
integer_bin_reference,49,14,-0.2617311305033985,-0.957225537370544
integer_bin_reference,49,15,0.052617175197693954,-0.9861907731765335
integer_bin_reference,49,16,0.5041476628168924,-0.9079108230452382
integer_bin_reference,49,17,0.7383649249948574,-0.6529632170130198
integer_bin_reference,49,18,0.9474448687792429,-0.286662489845215
integer_bin_reference,49,19,0.9767921917240094,0.09533319900952311
integer_bin_reference,49,20,0.8445615760057708,0.4830323352886991
integer_bin_reference,49,21,0.6768548365222042,0.7482842175024552
integer_bin_reference,49,22,0.32484326271665176,0.9161789006743976
integer_bin_reference,49,23,-0.1320459589921705,0.9920833933761938
integer_bin_reference,49,24,-0.4563655158488578,0.9185118339210933
integer_bin_reference,49,25,-0.7344347384854101,0.6062992806798128
integer_bin_reference,49,26,-0.9692177250028513,0.2557271286678947
integer_bin_reference,49,27,-1.0007589601303537,-0.1173696921899431
integer_bin_reference,49,28,-0.9141360259409236,-0.4706916676057419
integer_bin_reference,49,29,-0.6965475403612662,-0.8315293600615129
integer_bin_reference,49,30,-0.29207466287472567,-0.9992190628008014
integer_bin_reference,49,31,0.0491428959422944,-1.0404991918350952
integer_bin_reference,49,32,0.49391182446124365,-0.8817606871910532
integer_bin_reference,49,33,0.802403548124022,-0.6550805317236417
integer_bin_reference,49,34,0.9839760590677523,-0.26470824580326824
integer_bin_reference,49,35,1.0019832450458421,0.14297052704154
integer_bin_reference,49,36,0.8598930737669749,0.4661066135209688
integer_bin_reference,49,37,0.6198016318873752,0.8316474885438628
integer_bin_reference,49,38,0.31503740523359636,0.9245341656558235
integer_bin_reference,49,39,-0.05480085641643851,0.9389715540512625
integer_bin_reference,49,40,-0.500286865596948,0.8446256697377197
integer_bin_reference,49,41,-0.7702239891349895,0.5847726204617117
integer_bin_reference,49,42,-0.9401574135574188,0.33236833830306606
integer_bin_reference,49,43,-0.9807109905761939,-0.1434402526747016
integer_bin_reference,49,44,-0.8502461631166182,-0.41749364937175537
integer_bin_reference,49,45,-0.6751589482898996,-0.7704820501698333
integer_bin_reference,49,46,-0.278639133362662,-0.93371935744383
integer_bin_reference,49,47,0.08924259183564946,-0.977306243394428
integer_bin_reference,49,48,0.46967316207096976,-0.8438599895369087
integer_bin_reference,49,49,0.7353358490647061,-0.6017678702435943
integer_bin_reference,49,50,1.0165873499483111,-0.3101413272412074
integer_bin_reference,49,51,1.0000359221613349,0.09276390924553632
integer_bin_reference,49,52,0.9269264275882574,0.49589563620812876
integer_bin_reference,49,53,0.5943238261082948,0.8009830965728538
integer_bin_reference,49,54,0.27992857090531165,0.9635665460516616
integer_bin_reference,49,55,-0.1111799033572676,0.9924690808750025
integer_bin_reference,49,56,-0.5337427012873286,0.8656390401495625
integer_bin_reference,49,57,-0.7307426116060615,0.6233890654698548
integer_bin_reference,49,58,-0.9560120951313361,0.32147993282432796
integer_bin_reference,49,59,-0.9489105148034598,-0.08499515851795536
integer_bin_reference,49,60,-0.9111006412787749,-0.4691577427329421
integer_bin_reference,49,61,-0.5864536672643914,-0.7903223442836863
integer_bin_reference,49,62,-0.2635337863090205,-0.9720740137063454
integer_bin_reference,49,63,0.09742653493452225,-1.0270904888053274
integer_bin_reference,49,64,0.4872784999403519,-0.9358859004982188
integer_bin_reference,49,65,0.8298276488991451,-0.6062124343215518
integer_bin_reference,49,66,1.0371460198464457,-0.3360280524725636
integer_bin_reference,49,67,1.0216771128371123,0.12271852667551414
integer_bin_reference,49,68,0.9242848574744501,0.49328163846941764
integer_bin_reference,49,69,0.6333450636684944,0.7682962738990656
integer_bin_reference,49,70,0.29530746860910656,0.9117071655983529
integer_bin_reference,49,71,-0.08088241434774103,1.0018659039551412
integer_bin_reference,49,72,-0.5392535722359282,0.8988415861161032
integer_bin_reference,49,73,-0.7925920329464246,0.6164617842352473
integer_bin_reference,49,74,-0.9490960704526177,0.2925971418214454
integer_bin_reference,49,75,-0.9592949688290632,-0.04487565012088258
integer_bin_reference,49,76,-0.8312862217003073,-0.527334080285861
integer_bin_reference,49,77,-0.659556937131085,-0.7476471887495478
integer_bin_reference,49,78,-0.3417793130637242,-0.920069733448527
integer_bin_reference,49,79,0.107031903426908,-0.9828976044187796
integer_bin_reference,49,80,0.4820040000536064,-0.842395125284573
integer_bin_reference,49,81,0.8097420628961893,-0.6305574692292387
integer_bin_reference,49,82,1.001999213795091,-0.3293258663734521
integer_bin_reference,49,83,0.9780223177205195,0.11415487331394011
integer_bin_reference,49,84,0.8680839317557114,0.4755801837256255
integer_bin_reference,49,85,0.6447105700984911,0.7238762296262733
integer_bin_reference,49,86,0.2660433807256467,1.007922902774317
integer_bin_reference,49,87,-0.07513078087903871,0.9829409274617773
integer_bin_reference,49,88,-0.4290129933142458,0.8600890555247589
integer_bin_reference,49,89,-0.7498228676923393,0.6204416280037952
integer_bin_reference,49,90,-0.9068536182725683,0.3190412489381974
integer_bin_reference,49,91,-0.9434280210757979,-0.054948344827605584
integer_bin_reference,49,92,-0.8499150628163764,-0.4948296798100254
integer_bin_reference,49,93,-0.6695338334716211,-0.8252198596431657
integer_bin_reference,49,94,-0.27995738507308415,-0.9876587678576053
integer_bin_reference,49,95,0.059445074031441836,-0.9634363905494716
integer_bin_reference,49,96,0.49240017165935174,-0.8948760905213247
integer_bin_reference,49,97,0.813546568401107,-0.6409994663313142
integer_bin_reference,49,98,0.9529346434064914,-0.2910743398626824
integer_bin_reference,49,99,0.9980840612848346,0.12812140795892327
integer_bin_reference,49,100,0.8830909661623567,0.4537335480308534
integer_bin_reference,49,101,0.6252784843808661,0.8092013141458498
integer_bin_reference,49,102,0.241635568439658,1.0527513351636988
integer_bin_reference,49,103,-0.15394360201994092,1.0011945267407272
integer_bin_reference,49,104,-0.4910754818734035,0.898212131360897
integer_bin_reference,49,105,-0.7038454839949434,0.6044258319373981
integer_bin_reference,49,106,-0.9837022075895852,0.3333481150979981
integer_bin_reference,49,107,-0.975567526886455,-0.05253576610364817
integer_bin_reference,49,108,-0.8678332040135653,-0.5573588596455863
integer_bin_reference,49,109,-0.625061460672659,-0.7470982007499481
integer_bin_reference,49,110,-0.314705142534377,-0.9711156885635985
integer_bin_reference,49,111,0.06110952052297527,-0.9678495150709653
integer_bin_reference,49,112,0.44882980254716975,-0.8782879020121224
integer_bin_reference,49,113,0.8054761290558604,-0.6270825002852446
integer_bin_reference,49,114,0.9747990052999956,-0.2833370510945515
integer_bin_reference,49,115,0.9522932659178973,0.0581792596778487
integer_bin_reference,49,116,0.8533977204335088,0.4768729461462959
integer_bin_reference,49,117,0.6211005926602634,0.7209369725079156
integer_bin_reference,49,118,0.3179483155018283,0.9430905659285952
integer_bin_reference,49,119,-0.08821502254001551,0.9821233377926825
integer_bin_reference,49,120,-0.44813149619778503,0.8632086187598097
integer_bin_reference,49,121,-0.7561742749830623,0.6516667643516058
integer_bin_reference,49,122,-0.9336542787376217,0.3015869461021349
integer_bin_reference,49,123,-1.0185541411317742,-0.14032392198295537
integer_bin_reference,49,124,-0.9290199720785965,-0.4317480322572767
integer_bin_reference,49,125,-0.6169663812100084,-0.7609780072276285
integer_bin_reference,49,126,-0.3104033418628146,-0.9629310436973375
integer_bin_reference,49,127,0.07831874889590214,-1.010165376210855
integer_bin_reference,50,0,0.8197806032671648,-0.5412554342685975
integer_bin_reference,50,1,1.0092649114960501,-0.18553108974942134
integer_bin_reference,50,2,1.0402793756493403,0.19177234519225028
integer_bin_reference,50,3,0.8441327063448729,0.5688984860048792
integer_bin_reference,50,4,0.556141818931411,0.7332271420831221
integer_bin_reference,50,5,0.21400928546902304,0.9973593798005593
integer_bin_reference,50,6,-0.21918023372078835,0.9641764435891054
integer_bin_reference,50,7,-0.5661204934539199,0.8309993698553663
integer_bin_reference,50,8,-0.841433730913649,0.5886674042629766
integer_bin_reference,50,9,-0.9915715560359847,0.1908000705234225
integer_bin_reference,50,10,-0.9702709998710989,-0.19948328696541912
integer_bin_reference,50,11,-0.8496014688988912,-0.5654072762203041
integer_bin_reference,50,12,-0.5472240963034984,-0.823590046486208
integer_bin_reference,50,13,-0.1553201913658355,-0.9771842019917356
integer_bin_reference,50,14,0.10436671924868,-0.9654819641496544
integer_bin_reference,50,15,0.5540508283254668,-0.843111704250373
integer_bin_reference,50,16,0.8433252564116572,-0.5269976814543454
integer_bin_reference,50,17,0.9965146572595877,-0.1475328734503462
integer_bin_reference,50,18,1.0081783168910292,0.1703037364991301
integer_bin_reference,50,19,0.816026854222763,0.556415315326558
integer_bin_reference,50,20,0.5485788000904847,0.8643789269522382
integer_bin_reference,50,21,0.22165553120975912,0.9557071983470212
integer_bin_reference,50,22,-0.17918618068060826,0.9760470297210474
integer_bin_reference,50,23,-0.5782849654380181,0.8295851169268459
integer_bin_reference,50,24,-0.8355005160517995,0.5574902351667076
integer_bin_reference,50,25,-0.9648265797562934,0.1646065366423124
integer_bin_reference,50,26,-0.9492154962607442,-0.15549642101679043
integer_bin_reference,50,27,-0.8260801259536058,-0.52995294655325
integer_bin_reference,50,28,-0.573205126713629,-0.8398059761401835
integer_bin_reference,50,29,-0.20111575166748047,-0.9802855471147156
integer_bin_reference,50,30,0.19154204796301208,-0.9719549138106925
integer_bin_reference,50,31,0.5560279435541167,-0.8494205694906236
integer_bin_reference,50,32,0.7932836727611029,-0.537989527838166
integer_bin_reference,50,33,0.9797006480759781,-0.19194514701983076
integer_bin_reference,50,34,0.9759934838599484,0.1948455639562377
integer_bin_reference,50,35,0.8201445694593655,0.554700173720162
integer_bin_reference,50,36,0.5737312231036145,0.8528796777206187
integer_bin_reference,50,37,0.2079542330716778,0.9703382296112165
integer_bin_reference,50,38,-0.17157733333133732,0.9888016447259084
integer_bin_reference,50,39,-0.5966027591742677,0.8090440884809856
integer_bin_reference,50,40,-0.7928776838693948,0.6136326010348814
integer_bin_reference,50,41,-0.9629718824014772,0.15592440324130633
integer_bin_reference,50,42,-0.9736662070792946,-0.1849984165190528
integer_bin_reference,50,43,-0.8467761625910573,-0.5418210714794214
integer_bin_reference,50,44,-0.48630961352243113,-0.8620270194832944
integer_bin_reference,50,45,-0.17268473932746006,-0.9609936189960995
integer_bin_reference,50,46,0.18878879300296758,-0.974174718620177
integer_bin_reference,50,47,0.5778152204044822,-0.7974271201867134
integer_bin_reference,50,48,0.8312031279927891,-0.5221056595792157
integer_bin_reference,50,49,0.9683092461059062,-0.24247647808459374
integer_bin_reference,50,50,0.9652439441037886,0.1853687152070204
integer_bin_reference,50,51,0.8323125125183054,0.5876544809153732
integer_bin_reference,50,52,0.5386804936924705,0.8268828011507776
integer_bin_reference,50,53,0.18928244607696623,0.9766404049829245
integer_bin_reference,50,54,-0.24446650198465297,0.9724586019122813
integer_bin_reference,50,55,-0.5737869244731064,0.8659815464324041
integer_bin_reference,50,56,-0.8554884403923778,0.5389144468276774
integer_bin_reference,50,57,-0.9690882038886517,0.21183040863161653
integer_bin_reference,50,58,-1.0016584510211015,-0.20455217965032196
integer_bin_reference,50,59,-0.8458792042812021,-0.5370302004596714
integer_bin_reference,50,60,-0.5904900340548874,-0.844246238099078
integer_bin_reference,50,61,-0.18912318685494947,-0.9674083648601836
integer_bin_reference,50,62,0.19549137857116206,-1.0699548106588994
integer_bin_reference,50,63,0.5254125486954584,-0.7978560478507246
integer_bin_reference,50,64,0.9096401124671343,-0.5700320464349148
integer_bin_reference,50,65,1.0202503587378995,-0.18164065580626929
integer_bin_reference,50,66,0.9074215568756747,0.18480084986654963
integer_bin_reference,50,67,0.8241235464711258,0.5148572602499529
integer_bin_reference,50,68,0.5730443734055637,0.855141668210745
integer_bin_reference,50,69,0.18765815468363434,0.9863176167893992
integer_bin_reference,50,70,-0.22365203203005612,0.9269704135658263
integer_bin_reference,50,71,-0.5861052549563871,0.8708406395392931
integer_bin_reference,50,72,-0.8557444525024417,0.5570326790012863
integer_bin_reference,50,73,-0.9694594800596149,0.19524793096839574
integer_bin_reference,50,74,-0.9024047161652006,-0.2569138483286886
integer_bin_reference,50,75,-0.8748000802470758,-0.5315101795123108
integer_bin_reference,50,76,-0.5760860302473417,-0.805695514543151
integer_bin_reference,50,77,-0.20346009393819084,-0.9653444552642982
integer_bin_reference,50,78,0.16034474274441562,-1.003081944501795
integer_bin_reference,50,79,0.5527095449817478,-0.8720046545937702
integer_bin_reference,50,80,0.8472496470711419,-0.5127434684584372
integer_bin_reference,50,81,0.9443040387175933,-0.2004262930908508
integer_bin_reference,50,82,0.948354350541573,0.234550963826137
integer_bin_reference,50,83,0.7846457563925042,0.5424108310016004
integer_bin_reference,50,84,0.5504204908656838,0.8133296628058428
integer_bin_reference,50,85,0.2171793280073187,0.9641968045407511
integer_bin_reference,50,86,-0.23576510722632696,0.9201335849059641
integer_bin_reference,50,87,-0.5549303929071804,0.7972125126162906
integer_bin_reference,50,88,-0.8198733626496965,0.5372955055858737
integer_bin_reference,50,89,-0.9721325048810315,0.2106995947360788
integer_bin_reference,50,90,-0.9919327144367642,-0.17943633559784194
integer_bin_reference,50,91,-0.8198961107586302,-0.5405669395755345
integer_bin_reference,50,92,-0.554486116113401,-0.8040891571076036
integer_bin_reference,50,93,-0.23237605866691036,-0.9763563511022514
integer_bin_reference,50,94,0.15449701526354698,-0.9472903069161515
integer_bin_reference,50,95,0.5368097796807757,-0.8277177838446965
integer_bin_reference,50,96,0.8511129818931253,-0.5507240180641949
integer_bin_reference,50,97,1.0089433685454974,-0.2054670283947053
integer_bin_reference,50,98,1.016157825604709,0.17774038261366054
integer_bin_reference,50,99,0.8166797014409636,0.5606937718860783
integer_bin_reference,50,100,0.5646856518504325,0.8496223797285819
integer_bin_reference,50,101,0.205451513276953,0.9744929123681906
integer_bin_reference,50,102,-0.15240104103042496,0.9363284012709334
integer_bin_reference,50,103,-0.5572910744898059,0.8205503293451447
integer_bin_reference,50,104,-0.837257655889659,0.5461950271774634
integer_bin_reference,50,105,-0.9881972862159009,0.23129249702611226
integer_bin_reference,50,106,-0.938190196576667,-0.17735835707676026
integer_bin_reference,50,107,-0.8084403604249415,-0.5754713001645028
integer_bin_reference,50,108,-0.5915977131145561,-0.8106116278234505
integer_bin_reference,50,109,-0.18100686222212103,-1.0302666223715449
integer_bin_reference,50,110,0.2147290795867635,-0.9426866768701934
integer_bin_reference,50,111,0.5442681582874453,-0.811678652480405
integer_bin_reference,50,112,0.825873959301155,-0.4923330230123488
integer_bin_reference,50,113,0.9661154920058028,-0.16413860099263405
integer_bin_reference,50,114,0.987628059878697,0.19143105235613106
integer_bin_reference,50,115,0.8279104879657841,0.5604996339594376
integer_bin_reference,50,116,0.5944404903424614,0.8414464876976543
integer_bin_reference,50,117,0.22593972763081982,0.9444848472249541
integer_bin_reference,50,118,-0.17249659253690572,0.9647967934965561
integer_bin_reference,50,119,-0.5729179817190589,0.888843238385278
integer_bin_reference,50,120,-0.8175780974626641,0.5911979207451346
integer_bin_reference,50,121,-0.9737523788878376,0.19636233924149282
integer_bin_reference,50,122,-0.9334417128442573,-0.21219179216102996
integer_bin_reference,50,123,-0.8451547204554685,-0.6137060513851377
integer_bin_reference,50,124,-0.5451499152207193,-0.8030072774882774
integer_bin_reference,50,125,-0.19443305463665383,-0.9636328129386292
integer_bin_reference,50,126,0.2158092084363319,-0.9674973395076802
integer_bin_reference,50,127,0.5177446899116876,-0.8638831919594884
integer_bin_reference,51,0,0.9639384667551462,-0.09248937900079485
integer_bin_reference,51,1,0.9790936728603513,0.2894513404022908
integer_bin_reference,51,2,0.7431062887323231,0.6648348174615575
integer_bin_reference,51,3,0.46590606730465145,0.8695050694388715
integer_bin_reference,51,4,0.1091162672483441,1.0010765094021012
integer_bin_reference,51,5,-0.27594899494237113,1.0102907341615712
integer_bin_reference,51,6,-0.6605203530763639,0.7933655603927562
integer_bin_reference,51,7,-0.8800773889159171,0.49510707761801076
integer_bin_reference,51,8,-0.9770769376327083,0.11502000405205681
integer_bin_reference,51,9,-0.9620659947282785,-0.24696328712742596
integer_bin_reference,51,10,-0.7490861928843022,-0.6882012204054696
integer_bin_reference,51,11,-0.49205809760492303,-0.8985829679175661
integer_bin_reference,51,12,-0.10144477634425808,-0.9624896784158113
integer_bin_reference,51,13,0.32050750438747566,-0.9617937856175305
integer_bin_reference,51,14,0.6001813516124335,-0.754585676632934
integer_bin_reference,51,15,0.8896569285148704,-0.4589022870275883
integer_bin_reference,51,16,1.0027053817890907,-0.17784995540353757
integer_bin_reference,51,17,0.981548005957112,0.29217148156046047
integer_bin_reference,51,18,0.806775062939476,0.6451987987903531
integer_bin_reference,51,19,0.4804965445747781,0.8856235323332571
integer_bin_reference,51,20,0.0323382021222776,1.0226989093563454
integer_bin_reference,51,21,-0.24922844678926254,1.0182514449221545
integer_bin_reference,51,22,-0.629258787120756,0.798724462689699
integer_bin_reference,51,23,-0.9154190496146806,0.4551485754110628
integer_bin_reference,51,24,-0.9715424572356125,0.02949090544615386
integer_bin_reference,51,25,-1.0045238284170466,-0.3328294132402757
integer_bin_reference,51,26,-0.7821353532297709,-0.6616236944334288
integer_bin_reference,51,27,-0.49288593847597273,-0.8985613737520611
integer_bin_reference,51,28,-0.1068787190949976,-0.97271809063817
integer_bin_reference,51,29,0.30557220968555615,-0.9598917969700927
integer_bin_reference,51,30,0.6564233601811232,-0.7746208651100137
integer_bin_reference,51,31,0.8453270851495311,-0.4462724423573981
integer_bin_reference,51,32,1.0021728634998965,-0.07956474650024042
integer_bin_reference,51,33,0.9507911626255416,0.30075789788542945
integer_bin_reference,51,34,0.7743125129260491,0.6292395939672245
integer_bin_reference,51,35,0.480069368641778,0.8550850608759747
integer_bin_reference,51,36,0.13879240670585122,1.0227882129658075
integer_bin_reference,51,37,-0.33368001479153203,0.9378466741795586
integer_bin_reference,51,38,-0.6201983154080676,0.7557571290246335
integer_bin_reference,51,39,-0.8931641285006138,0.4522440124080764
integer_bin_reference,51,40,-1.0417989797126128,0.08585848565517715
integer_bin_reference,51,41,-0.8863957795488279,-0.23870919544561126
integer_bin_reference,51,42,-0.7908313234126356,-0.6575485940200252
integer_bin_reference,51,43,-0.49183274478138184,-0.8949063644992453
integer_bin_reference,51,44,-0.12497885855432661,-1.0163731333300048
integer_bin_reference,51,45,0.2600714004927096,-0.8916994734124826
integer_bin_reference,51,46,0.6658416504299405,-0.8205682488820272
integer_bin_reference,51,47,0.9122693379874771,-0.45896395938476053
integer_bin_reference,51,48,0.9797807813405277,-0.13508821022405332
integer_bin_reference,51,49,0.9312785143996619,0.2824793969738856
integer_bin_reference,51,50,0.7715311561079667,0.622667838398742
integer_bin_reference,51,51,0.3867520308300152,0.8765475366249721
integer_bin_reference,51,52,0.09056475419667563,1.0108617304483305
integer_bin_reference,51,53,-0.34698034496206076,0.9613847713862286
integer_bin_reference,51,54,-0.6270976743446395,0.7854093588893731
integer_bin_reference,51,55,-0.8647704564838548,0.4769835390961781
integer_bin_reference,51,56,-0.9869860109788382,0.11601118953612188
integer_bin_reference,51,57,-0.9614008678910253,-0.3094832578805074
integer_bin_reference,51,58,-0.787924247636041,-0.6340842693432864
integer_bin_reference,51,59,-0.4638906840057302,-0.8894181791125172
integer_bin_reference,51,60,-0.11089886715834041,-0.9350134725677952
integer_bin_reference,51,61,0.2944255783908276,-0.931852453249556
integer_bin_reference,51,62,0.5756663416327227,-0.7681755380197726
integer_bin_reference,51,63,0.9104113970447295,-0.45823181507555605
integer_bin_reference,51,64,1.028185678528911,-0.07224999976958597
integer_bin_reference,51,65,0.9535087980409586,0.31488381081980005
integer_bin_reference,51,66,0.7840647649979114,0.5867889139621011
integer_bin_reference,51,67,0.49566690311056044,0.8909321223637693
integer_bin_reference,51,68,0.08869067680691406,0.9933839416733863
integer_bin_reference,51,69,-0.2801839388885664,0.9452797000586379
integer_bin_reference,51,70,-0.5850872829012385,0.7462894257938495
integer_bin_reference,51,71,-0.8826561852680094,0.4750595113724447
integer_bin_reference,51,72,-0.9888776029527091,0.1480940838620425
integer_bin_reference,51,73,-0.9119459913504097,-0.32234235326855787
integer_bin_reference,51,74,-0.7876430134397229,-0.5780518786505543
integer_bin_reference,51,75,-0.4548172123849929,-0.8437228796742314
integer_bin_reference,51,76,-0.08722593592468572,-0.9724055267744213
integer_bin_reference,51,77,0.3237403762409089,-0.9507390902531995
integer_bin_reference,51,78,0.5913431515216921,-0.7553707882593035
integer_bin_reference,51,79,0.8404255370136605,-0.4494490372234112
integer_bin_reference,51,80,1.015590533353902,-0.10875739769610107
integer_bin_reference,51,81,0.9371671964812327,0.3109979861995164
integer_bin_reference,51,82,0.8131936673771453,0.6008679661683664
integer_bin_reference,51,83,0.4892688990277423,0.8372450705958548
integer_bin_reference,51,84,0.1236070218848725,0.927842285102122
integer_bin_reference,51,85,-0.26691102365263036,0.9157165090527315
integer_bin_reference,51,86,-0.6403457123609255,0.7943125042304107
integer_bin_reference,51,87,-0.8300441338375291,0.5027793510324966
integer_bin_reference,51,88,-1.0257097425046682,0.11763243354228778
integer_bin_reference,51,89,-0.9669110381841184,-0.28849006173362185
integer_bin_reference,51,90,-0.8327304909118178,-0.5605363319363944
integer_bin_reference,51,91,-0.5165928205392063,-0.8960682086482304
integer_bin_reference,51,92,-0.0896648975559218,-0.9546899253798617
integer_bin_reference,51,93,0.2599427685815403,-0.9253437329219828
integer_bin_reference,51,94,0.6544108952226005,-0.7411497195945383
integer_bin_reference,51,95,0.8736408037388053,-0.4513528526945013
integer_bin_reference,51,96,1.0194598473500767,-0.15927762972360818
integer_bin_reference,51,97,0.9870034183161973,0.2827866067701297
integer_bin_reference,51,98,0.7375692787418462,0.636260016938824
integer_bin_reference,51,99,0.47770730623206836,0.8802724340228163
integer_bin_reference,51,100,0.1323744586845549,0.9928563415099844
integer_bin_reference,51,101,-0.29488711763493264,0.9262454030734311
integer_bin_reference,51,102,-0.6101052312544052,0.7587571587724371
integer_bin_reference,51,103,-0.8590565712068485,0.5003591770122044
integer_bin_reference,51,104,-1.0111718348711036,0.1039451287713646
integer_bin_reference,51,105,-0.9179713335544053,-0.32749564146880306
integer_bin_reference,51,106,-0.7293440307445378,-0.6700383924129184
integer_bin_reference,51,107,-0.436510256837409,-0.8864094429057264
integer_bin_reference,51,108,-0.1154437109753751,-0.9720644087888071
integer_bin_reference,51,109,0.30146589919178546,-0.9761857907660394
integer_bin_reference,51,110,0.6427209994839633,-0.776958789937263
integer_bin_reference,51,111,0.8829514232160127,-0.4854191795568715
integer_bin_reference,51,112,0.9948103366165988,-0.08076519843710128
integer_bin_reference,51,113,0.9496067217169661,0.2655222619144289
integer_bin_reference,51,114,0.7761418543658348,0.6673293021939223
integer_bin_reference,51,115,0.4866617618201415,0.8695796700882106
integer_bin_reference,51,116,0.12472836640102587,1.000131495656029
integer_bin_reference,51,117,-0.3058530111804115,0.922193046624307
integer_bin_reference,51,118,-0.6257049128487618,0.7563903927419884
integer_bin_reference,51,119,-0.861647221444854,0.4544656693961743
integer_bin_reference,51,120,-0.9852418592443096,0.1022300574763279
integer_bin_reference,51,121,-0.9558072704747349,-0.2934319072573658
integer_bin_reference,51,122,-0.7529528842043187,-0.6408471442885258
integer_bin_reference,51,123,-0.4777343858205603,-0.8655161045893208
integer_bin_reference,51,124,-0.090681019701615,-0.9943906524515185
integer_bin_reference,51,125,0.3191254218143921,-0.9758317975555818
integer_bin_reference,51,126,0.572901131673678,-0.7809779688791837
integer_bin_reference,51,127,0.8887038583526776,-0.44298532830397996
integer_bin_reference,52,0,0.9478765458535673,0.39206011696858917
integer_bin_reference,52,1,0.7045150020638253,0.6933120124499705
integer_bin_reference,52,2,0.43936806270631124,0.9319018793657314
integer_bin_reference,52,3,-0.022402902960777148,1.0114719521262323
integer_bin_reference,52,4,-0.3852008714583768,0.9125935311192979
integer_bin_reference,52,5,-0.6595190748028014,0.6635373614874301
integer_bin_reference,52,6,-0.9646596240316132,0.37233344541005065
integer_bin_reference,52,7,-0.9871032076742084,-0.016696545639624378
integer_bin_reference,52,8,-0.9075508087557814,-0.3639358931141248
integer_bin_reference,52,9,-0.7506886885815599,-0.7047902930041762
integer_bin_reference,52,10,-0.38348483224001645,-0.9442100817135409
integer_bin_reference,52,11,-0.017716679778811063,-1.0415035827277452
integer_bin_reference,52,12,0.4008935253199375,-0.888246444830277
integer_bin_reference,52,13,0.7467750958504795,-0.6996366998452345
integer_bin_reference,52,14,0.9547806472795249,-0.3838194894484654
integer_bin_reference,52,15,0.9771035406743332,0.048414990924872316
integer_bin_reference,52,16,0.9665953637147174,0.4096706415009653
integer_bin_reference,52,17,0.7383874406072495,0.7003912088003528
integer_bin_reference,52,18,0.30967921932840625,0.8895970377619219
integer_bin_reference,52,19,-0.031071104328496853,0.9924172429541553
integer_bin_reference,52,20,-0.3691422130065495,0.8895263363798834
integer_bin_reference,52,21,-0.7415437396027831,0.7379886256068956
integer_bin_reference,52,22,-0.9442608741558273,0.41891875592958655
integer_bin_reference,52,23,-0.953844306103246,-0.007763736498911301
integer_bin_reference,52,24,-0.9045604429288222,-0.35467307660991765
integer_bin_reference,52,25,-0.7156257883283588,-0.7234751056096984
integer_bin_reference,52,26,-0.41405924084243784,-0.9278831265370621
integer_bin_reference,52,27,0.03832333690125119,-0.9860115835544186
integer_bin_reference,52,28,0.3328353045814731,-0.9003852200710994
integer_bin_reference,52,29,0.7261914065652807,-0.7305735242750475
integer_bin_reference,52,30,0.9024043371344851,-0.39424592170850437
integer_bin_reference,52,31,1.0079175156699633,-0.0033742930208119928
integer_bin_reference,52,32,0.9166432314920696,0.363986908568168
integer_bin_reference,52,33,0.6727584694142306,0.7223500250232031
integer_bin_reference,52,34,0.3862509581973654,0.9095541616089083
integer_bin_reference,52,35,0.0307563183154431,1.021963923932739
integer_bin_reference,52,36,-0.3806832104779504,0.9028339617718211
integer_bin_reference,52,37,-0.6987319939075937,0.6654832552663209
integer_bin_reference,52,38,-0.9492631669820534,0.3757247678075078
integer_bin_reference,52,39,-0.9895201111840158,0.02856643914140646
integer_bin_reference,52,40,-0.9330869359876369,-0.4225568301385787
integer_bin_reference,52,41,-0.7267050708634113,-0.7131913410518026
integer_bin_reference,52,42,-0.38598521264538815,-0.9156249898147939
integer_bin_reference,52,43,0.04833763635821682,-1.056471050497954
integer_bin_reference,52,44,0.42159409335840664,-0.9391221251959792
integer_bin_reference,52,45,0.6862108984078163,-0.7571018725415811
integer_bin_reference,52,46,0.8442955576412553,-0.38638105250259297
integer_bin_reference,52,47,1.0131609088867046,0.011572463644139204
integer_bin_reference,52,48,0.9242370779772457,0.37710763638783595
integer_bin_reference,52,49,0.7224483288151999,0.680296102918512
integer_bin_reference,52,50,0.35326487067853285,0.9260921836487487
integer_bin_reference,52,51,0.019689520855580574,1.0309850008534884
integer_bin_reference,52,52,-0.3883395250941181,0.9767857176986304
integer_bin_reference,52,53,-0.7134011817011333,0.6905075808999716
integer_bin_reference,52,54,-0.9041234578838412,0.37319915407237436
integer_bin_reference,52,55,-0.9940402835180356,0.026873533703387735
integer_bin_reference,52,56,-0.8713510051237601,-0.40752558782430093
integer_bin_reference,52,57,-0.7322278808055707,-0.6875426504823071
integer_bin_reference,52,58,-0.3744830766853283,-0.9153381176560439
integer_bin_reference,52,59,0.0008824568101815981,-0.968404287663644
integer_bin_reference,52,60,0.318008718628177,-0.9000856285293062
integer_bin_reference,52,61,0.7046823895095946,-0.7122907898203292
integer_bin_reference,52,62,0.9538219923145372,-0.3608505195639763
integer_bin_reference,52,63,1.010242435875796,-0.011205733449371445
integer_bin_reference,52,64,0.9072032338058089,0.3343023538262766
integer_bin_reference,52,65,0.6899868794832013,0.6716236745019623
integer_bin_reference,52,66,0.368576544719611,0.8949869181438739
integer_bin_reference,52,67,-0.01588244806319364,1.0177398066524561
integer_bin_reference,52,68,-0.3558783383891868,0.9715504887768853
integer_bin_reference,52,69,-0.7120939479922558,0.675155372925638
integer_bin_reference,52,70,-0.9138500908443753,0.3874826257897148
integer_bin_reference,52,71,-1.0001115236033677,0.019011830350026765
integer_bin_reference,52,72,-0.9071447127736101,-0.3578662412040626
integer_bin_reference,52,73,-0.7285105159448477,-0.6666425612862794
integer_bin_reference,52,74,-0.413032317622785,-0.8968375450753417
integer_bin_reference,52,75,-0.04167843202927753,-0.9439579040909165
integer_bin_reference,52,76,0.34979829666661594,-0.9369682942447803
integer_bin_reference,52,77,0.7631120722895947,-0.700121656170193
integer_bin_reference,52,78,0.9779454119462208,-0.3648185593131132
integer_bin_reference,52,79,1.0276740325842473,-0.023854192005164594
integer_bin_reference,52,80,0.9167815993959952,0.3856417622350631
integer_bin_reference,52,81,0.741334441181544,0.681347772602022
integer_bin_reference,52,82,0.3894856618991692,0.9272896700671142
integer_bin_reference,52,83,0.019813465199672222,0.9542036277226739
integer_bin_reference,52,84,-0.42597282405546494,0.89072638913589
integer_bin_reference,52,85,-0.714053633884871,0.7243518151295825
integer_bin_reference,52,86,-0.9390236058348143,0.36848227220888746
integer_bin_reference,52,87,-1.0147563125071606,0.027345706361270997
integer_bin_reference,52,88,-0.9429176227765841,-0.3513845095894963
integer_bin_reference,52,89,-0.697525245179729,-0.6087983854627836
integer_bin_reference,52,90,-0.36167290054446716,-0.9061725446454031
integer_bin_reference,52,91,0.011430283182787517,-1.008835274304897
integer_bin_reference,52,92,0.3915095978423604,-0.8979131513838674
integer_bin_reference,52,93,0.7149255269042653,-0.723768176084041
integer_bin_reference,52,94,0.8897266818721686,-0.4200829823077891
integer_bin_reference,52,95,1.0135632261593632,0.020441438344267353
integer_bin_reference,52,96,0.9713553467871501,0.47770300862940324
integer_bin_reference,52,97,0.7075600352252328,0.7393569547459111
integer_bin_reference,52,98,0.37562477522525134,0.9606979879345895
integer_bin_reference,52,99,0.0463628187666041,1.0376020151913892
integer_bin_reference,52,100,-0.3706114234223382,0.9352450891416942
integer_bin_reference,52,101,-0.6695451470944392,0.7110332106488975
integer_bin_reference,52,102,-0.9091535435504707,0.41832398688346784
integer_bin_reference,52,103,-0.9875442411041169,0.05524012680163509
integer_bin_reference,52,104,-0.9237555512354635,-0.37503139393167106
integer_bin_reference,52,105,-0.7143918968372768,-0.6970665390352546
integer_bin_reference,52,106,-0.40707051375866316,-0.9362861852814113
integer_bin_reference,52,107,0.015983478983611937,-1.0230817687541929
integer_bin_reference,52,108,0.3857891544854891,-0.9875810679111755
integer_bin_reference,52,109,0.6398972342939008,-0.658474907829302
integer_bin_reference,52,110,0.9468456333555804,-0.3720964704262537
integer_bin_reference,52,111,1.0516920182465082,-0.054816003069641614
integer_bin_reference,52,112,0.9007478355078681,0.4155453472569575
integer_bin_reference,52,113,0.7099870921298466,0.6835400640120446
integer_bin_reference,52,114,0.42947619688140715,0.9017044594851943
integer_bin_reference,52,115,-0.0166774375117102,0.9423890497754386
integer_bin_reference,52,116,-0.3963011174452433,0.9311875129631987
integer_bin_reference,52,117,-0.6765970702299835,0.7056193287856889
integer_bin_reference,52,118,-0.9105995711926013,0.36358345347878096
integer_bin_reference,52,119,-1.0140229010646067,0.026315251783877794
integer_bin_reference,52,120,-0.8805912500436179,-0.38633474585423894
integer_bin_reference,52,121,-0.7046257110878256,-0.7130824671688174
integer_bin_reference,52,122,-0.3762138505481309,-0.8907486266348991
integer_bin_reference,52,123,0.024534193432885276,-0.9796924174286248
integer_bin_reference,52,124,0.3731996812226106,-0.9265992920404921
integer_bin_reference,52,125,0.6935088544311431,-0.7067505419000168
integer_bin_reference,52,126,0.9208510305855117,-0.40595281208643236
integer_bin_reference,52,127,1.034784828011849,0.006331873810893315
integer_bin_reference,53,0,0.6194101812229992,0.7761064487795988
integer_bin_reference,53,1,0.27085473269708404,0.972008292320724
integer_bin_reference,53,2,-0.06556316555558214,1.0098941558298846
integer_bin_reference,53,3,-0.44643082368028814,0.9213662807272934
integer_bin_reference,53,4,-0.822554554679815,0.6463740020842881
integer_bin_reference,53,5,-0.9664409988646618,0.2689869352496363
integer_bin_reference,53,6,-0.9791827367840673,-0.06697496559785959
integer_bin_reference,53,7,-0.9290071802154323,-0.5289038606994916
integer_bin_reference,53,8,-0.5980281987501075,-0.7902866293084765
integer_bin_reference,53,9,-0.29994034297298133,-0.9758133159086372
integer_bin_reference,53,10,0.09573664973141367,-0.9565669688872596
integer_bin_reference,53,11,0.3993358663302095,-0.9130896832724359
integer_bin_reference,53,12,0.8075680983347665,-0.6378137652996347
integer_bin_reference,53,13,0.9160473427010638,-0.286334425382655
integer_bin_reference,53,14,0.9958361431212048,0.09230822977100894
integer_bin_reference,53,15,0.9114141810652506,0.4914320557187157
integer_bin_reference,53,16,0.6558132518579913,0.7575078407469157
integer_bin_reference,53,17,0.3092958125630498,0.9754057451429946
integer_bin_reference,53,18,-0.06112681587903284,0.9453919993023361
integer_bin_reference,53,19,-0.44820432159900125,0.9058029376175909
integer_bin_reference,53,20,-0.7997895139557731,0.6320432539424314
integer_bin_reference,53,21,-0.9417486532987097,0.3359855731289723
integer_bin_reference,53,22,-0.9569319810358298,-0.09288987374824972
integer_bin_reference,53,23,-0.8557423874260242,-0.4470482964519159
integer_bin_reference,53,24,-0.5488711936616014,-0.7622140378657223
integer_bin_reference,53,25,-0.2836073353341077,-1.0031322958729127
integer_bin_reference,53,26,0.08540797735085552,-0.9453445313533131
integer_bin_reference,53,27,0.48818046871207,-0.8345966271064096
integer_bin_reference,53,28,0.7957943571280083,-0.6051775186467417
integer_bin_reference,53,29,0.9853040334566874,-0.33439637669203626
integer_bin_reference,53,30,1.0423201876639014,0.13379647614099702
integer_bin_reference,53,31,0.9088793053816153,0.48361058680389607
integer_bin_reference,53,32,0.6302537798019199,0.8656993737539147
integer_bin_reference,53,33,0.24619516927308785,0.9956942700657317
integer_bin_reference,53,34,-0.0744971874573952,1.0308917480922457
integer_bin_reference,53,35,-0.5042670306885684,0.8839036285112374
integer_bin_reference,53,36,-0.7576547024363377,0.6268243124315016
integer_bin_reference,53,37,-0.9556109786745537,0.34484541312631617
integer_bin_reference,53,38,-1.0047935109749608,-0.030359239963471812
integer_bin_reference,53,39,-0.8938121111515835,-0.4553532984566288
integer_bin_reference,53,40,-0.6580597906873933,-0.7840501209032092
integer_bin_reference,53,41,-0.28105234830996073,-1.000118568299047
integer_bin_reference,53,42,0.09261453156184632,-0.9756720604186343
integer_bin_reference,53,43,0.46945358130999165,-0.8544059317986991
integer_bin_reference,53,44,0.7786972510896346,-0.6074589162760492
integer_bin_reference,53,45,0.9879103487518327,-0.2649615676162545
integer_bin_reference,53,46,1.0240034530536142,0.05113243568613105
integer_bin_reference,53,47,0.9206125850814598,0.5035639920101945
integer_bin_reference,53,48,0.6166983376611861,0.7382171434546598
integer_bin_reference,53,49,0.3103596033612909,0.9451318431590527
integer_bin_reference,53,50,-0.07895201656350623,1.0440096964490684
integer_bin_reference,53,51,-0.4376571551746696,0.9069592393586323
integer_bin_reference,53,52,-0.7563865752467042,0.6700520383505086
integer_bin_reference,53,53,-1.0000814875389308,0.28657668421002275
integer_bin_reference,53,54,-1.0407979513997847,-0.11247537827091318
integer_bin_reference,53,55,-0.8687182449952215,-0.4329062940858404
integer_bin_reference,53,56,-0.5898933949226707,-0.7569077000516523
integer_bin_reference,53,57,-0.27389450690144374,-0.9171433586514959
integer_bin_reference,53,58,0.04224127996172121,-1.0052124278817616
integer_bin_reference,53,59,0.4785950467601448,-0.8511444704184808
integer_bin_reference,53,60,0.7645557077746368,-0.6833936568969574
integer_bin_reference,53,61,0.955651990470674,-0.30114191511216704
integer_bin_reference,53,62,0.9747482043625143,0.03729207892542158
integer_bin_reference,53,63,0.8753395603825603,0.5101247325869508
integer_bin_reference,53,64,0.6520844809092204,0.8163509702195607
integer_bin_reference,53,65,0.3016804358535497,0.9309046235769638
integer_bin_reference,53,66,-0.07453819758101915,0.9846450049993672
integer_bin_reference,53,67,-0.4916731657884976,0.8819367019439347
integer_bin_reference,53,68,-0.7860714824961942,0.6446319375362412
integer_bin_reference,53,69,-0.9530948375387094,0.2280759559941132
integer_bin_reference,53,70,-0.9298870680912084,-0.023772841363907546
integer_bin_reference,53,71,-0.8731597386177742,-0.44838514094362386
integer_bin_reference,53,72,-0.6283428399710681,-0.7643166803706328
integer_bin_reference,53,73,-0.28897189479964475,-0.9484232955593944
integer_bin_reference,53,74,0.15244302219847383,-0.9979129809079189
integer_bin_reference,53,75,0.480550476675102,-0.8945335213519585
integer_bin_reference,53,76,0.7616077766775616,-0.6275686891396699
integer_bin_reference,53,77,0.9319033524042855,-0.3019002004853385
integer_bin_reference,53,78,0.9652596506262195,0.12065930587613534
integer_bin_reference,53,79,0.9351573608385264,0.45576918591666055
integer_bin_reference,53,80,0.6050862561300051,0.7663701590026205
integer_bin_reference,53,81,0.3254422546778026,0.9507424784109965
integer_bin_reference,53,82,-0.08815156546116215,1.0065278207752562
integer_bin_reference,53,83,-0.5198714958021858,0.910757470069658
integer_bin_reference,53,84,-0.7589535710408764,0.6275293507859709
integer_bin_reference,53,85,-0.9473321130173894,0.3127008701929246
integer_bin_reference,53,86,-0.9986740535504897,-0.16353818812052984
integer_bin_reference,53,87,-0.8845735220225658,-0.45270217984787287
integer_bin_reference,53,88,-0.60504544969149,-0.7449895103045633
integer_bin_reference,53,89,-0.25877003293689566,-0.9599900381608587
integer_bin_reference,53,90,0.07465044981957636,-0.9609234059577659
integer_bin_reference,53,91,0.4423338374000309,-0.9552720182882939
integer_bin_reference,53,92,0.7956500568806743,-0.6188917850133336
integer_bin_reference,53,93,0.9753923689927771,-0.29355764850614735
integer_bin_reference,53,94,0.9153263016062614,0.10112361464300319
integer_bin_reference,53,95,0.8881765528470216,0.43184155270825264
integer_bin_reference,53,96,0.6399077958871656,0.7827023196832855
integer_bin_reference,53,97,0.32979841524227105,0.9432871699528828
integer_bin_reference,53,98,-0.031706924019994726,0.9553089768344695
integer_bin_reference,53,99,-0.45150252532493973,0.8751297608229385
integer_bin_reference,53,100,-0.712825951056888,0.5856472350132554
integer_bin_reference,53,101,-0.9959460176221763,0.35384047731926965
integer_bin_reference,53,102,-0.9845486353920148,-0.0925673972213455
integer_bin_reference,53,103,-0.8283807678470361,-0.48450523786954874
integer_bin_reference,53,104,-0.6339059132343633,-0.8348589872468836
integer_bin_reference,53,105,-0.23518253681205037,-0.9369673164662515
integer_bin_reference,53,106,0.120014839000541,-0.991030936595901
integer_bin_reference,53,107,0.47657124119881206,-0.8794874220729096
integer_bin_reference,53,108,0.7637301391036116,-0.6738456544533604
integer_bin_reference,53,109,0.9016297401842168,-0.29439253823873673
integer_bin_reference,53,110,0.9654784701560554,0.10959565128783857
integer_bin_reference,53,111,0.8569215171211033,0.46546723942039236
integer_bin_reference,53,112,0.6604445722535577,0.7214786829900158
integer_bin_reference,53,113,0.3010186436409956,0.9727718638057012
integer_bin_reference,53,114,-0.07151073476636739,0.9639886380278795
integer_bin_reference,53,115,-0.5064259235814694,0.8711739506171822
integer_bin_reference,53,116,-0.7992397013934455,0.6198280509812846
integer_bin_reference,53,117,-0.975088294322643,0.2652668707807842
integer_bin_reference,53,118,-1.0118806384949601,-0.10986855931879691
integer_bin_reference,53,119,-0.8516916452084277,-0.43826328922796093
integer_bin_reference,53,120,-0.6059074835682626,-0.773925434958167
integer_bin_reference,53,121,-0.3129665351546011,-0.96495845962224
integer_bin_reference,53,122,0.12413300964292047,-0.9694748861282556
integer_bin_reference,53,123,0.44671924190849543,-0.8522476277240956
integer_bin_reference,53,124,0.7887541037624699,-0.6550173740780117
integer_bin_reference,53,125,0.9423612905178964,-0.27377236526062615
integer_bin_reference,53,126,1.0346977740279861,0.07561841473776477
integer_bin_reference,53,127,0.9489324870196699,0.46474710961072224
integer_bin_reference,54,0,0.2026301990189471,1.0144703405044833
integer_bin_reference,54,1,-0.15107580177023225,0.994604896399286
integer_bin_reference,54,2,-0.5626062528738759,0.8359853333186168
integer_bin_reference,54,3,-0.7861691047966954,0.5705923012051848
integer_bin_reference,54,4,-0.995937250049061,0.13129326011087664
integer_bin_reference,54,5,-0.9966984790432494,-0.20518265105943675
integer_bin_reference,54,6,-0.8304382904683849,-0.5614237992645957
integer_bin_reference,54,7,-0.5576585268660169,-0.8425523659150309
integer_bin_reference,54,8,-0.1703509978336868,-0.975156089575101
integer_bin_reference,54,9,0.2018547941887488,-0.9925522416306451
integer_bin_reference,54,10,0.5352869792687068,-0.7715993495751637
integer_bin_reference,54,11,0.799573074910549,-0.5626855775394005
integer_bin_reference,54,12,0.984551809319496,-0.20096181360112325
integer_bin_reference,54,13,0.9904154050306299,0.2333402560887757
integer_bin_reference,54,14,0.8074379172876542,0.5265946009015883
integer_bin_reference,54,15,0.5375270836538473,0.8798401897978629
integer_bin_reference,54,16,0.20460248042396323,0.96809071819866
integer_bin_reference,54,17,-0.20678402193953066,0.9715012125105593
integer_bin_reference,54,18,-0.5837872213781037,0.8286623271998866
integer_bin_reference,54,19,-0.846392679503249,0.551628738662405
integer_bin_reference,54,20,-0.9717685373897721,0.18342492730191987
integer_bin_reference,54,21,-0.94947087400149,-0.2004964603070774
integer_bin_reference,54,22,-0.8568782116488264,-0.5421813335806975
integer_bin_reference,54,23,-0.5128575944417337,-0.8308191329286205
integer_bin_reference,54,24,-0.24681381104730582,-1.0342888917018749
integer_bin_reference,54,25,0.17586000821405287,-0.9727131078285894
integer_bin_reference,54,26,0.5511261115134855,-0.8961266941008958
integer_bin_reference,54,27,0.8085386860452192,-0.5635122584796939
integer_bin_reference,54,28,0.9630588662227082,-0.21370352023603761
integer_bin_reference,54,29,1.03085567848727,0.22318245357895108
integer_bin_reference,54,30,0.8240151515357642,0.5503800493593715
integer_bin_reference,54,31,0.5490460637743907,0.8689882499190493
integer_bin_reference,54,32,0.2020287462175233,0.9931459098073365
integer_bin_reference,54,33,-0.18370527159452646,0.964762549671923
integer_bin_reference,54,34,-0.5857089509649428,0.8324484352525305
integer_bin_reference,54,35,-0.8305712420228458,0.5272226678900857
integer_bin_reference,54,36,-0.9975948633216388,0.16487098230274239
integer_bin_reference,54,37,-0.9850913240637463,-0.2097766647731275
integer_bin_reference,54,38,-0.7974390596415281,-0.5760636851449089
integer_bin_reference,54,39,-0.5282891924169577,-0.8345015054921161
integer_bin_reference,54,40,-0.1704200996904958,-1.0171674084654676
integer_bin_reference,54,41,0.1736656947973859,-0.9611042331454169
integer_bin_reference,54,42,0.4911519379611521,-0.87073991396421
integer_bin_reference,54,43,0.8161788166991846,-0.5414813756819983
integer_bin_reference,54,44,0.9862402278067494,-0.23505968441055428
integer_bin_reference,54,45,0.9723356645581546,0.1950144853232229
integer_bin_reference,54,46,0.8767020023282088,0.5635159123728721
integer_bin_reference,54,47,0.5888095119849719,0.8420336271808536
integer_bin_reference,54,48,0.19981954661901608,0.9393289994504016
integer_bin_reference,54,49,-0.21983304388045205,0.9900250729440203
integer_bin_reference,54,50,-0.5546839858040591,0.8231825598237983
integer_bin_reference,54,51,-0.8114382936367636,0.5295399931583623
integer_bin_reference,54,52,-0.9609791679456888,0.2306057421240829
integer_bin_reference,54,53,-0.9629512638894661,-0.19354321204510774
integer_bin_reference,54,54,-0.8794687420755094,-0.6005108571258817
integer_bin_reference,54,55,-0.5279787702404939,-0.8214740192118261
integer_bin_reference,54,56,-0.19782055782185518,-1.0028838434885219
integer_bin_reference,54,57,0.223746835784727,-0.9594685250487442
integer_bin_reference,54,58,0.5837649004351299,-0.8352943251078842
integer_bin_reference,54,59,0.8336872685258763,-0.5579763847542496
integer_bin_reference,54,60,0.9778540072236451,-0.18840484014160988
integer_bin_reference,54,61,0.9500398537040559,0.22953739543844753
integer_bin_reference,54,62,0.8250387299003639,0.5988218009175555
integer_bin_reference,54,63,0.5019347728221368,0.8129821983735391
integer_bin_reference,54,64,0.18169004246079662,1.0250835661177755
integer_bin_reference,54,65,-0.23631894707010856,1.0010133811048572
integer_bin_reference,54,66,-0.5181196090251605,0.8300343227256479
integer_bin_reference,54,67,-0.8616932415956238,0.5556138918321624
integer_bin_reference,54,68,-1.0062304716447008,0.14831105576813242
integer_bin_reference,54,69,-0.9711599106779708,-0.23193689233758802
integer_bin_reference,54,70,-0.8075355845298801,-0.5947433772804519
integer_bin_reference,54,71,-0.5871316473037512,-0.8267934309182153
integer_bin_reference,54,72,-0.2099939942521847,-0.9537992757226412
integer_bin_reference,54,73,0.25700581482215773,-1.0148086556146592
integer_bin_reference,54,74,0.5375164134842585,-0.8515971357257469
integer_bin_reference,54,75,0.7971246276456379,-0.577400889934131
integer_bin_reference,54,76,1.036924830720115,-0.21689920164247833
integer_bin_reference,54,77,1.017047436045379,0.15009528509296038
integer_bin_reference,54,78,0.8273446237181229,0.49947454871936015
integer_bin_reference,54,79,0.5429718742578548,0.8191623127284657
integer_bin_reference,54,80,0.19409457669260613,1.034510852142702
integer_bin_reference,54,81,-0.16921532464032676,0.9777361585350218
integer_bin_reference,54,82,-0.5670326291813741,0.8404010832742744
integer_bin_reference,54,83,-0.8771965485299316,0.5514644841812576
integer_bin_reference,54,84,-0.9613869450594348,0.19692863370976263
integer_bin_reference,54,85,-0.9485803070580949,-0.1681119680170114
integer_bin_reference,54,86,-0.8463733729008388,-0.5175688660367601
integer_bin_reference,54,87,-0.5475656786085138,-0.8405010640403244
integer_bin_reference,54,88,-0.1782975917136976,-0.9625807835650757
integer_bin_reference,54,89,0.17049814951692704,-1.0078053801371436
integer_bin_reference,54,90,0.6013965973933936,-0.7966085038347984
integer_bin_reference,54,91,0.8374361725921764,-0.5633005928289254
integer_bin_reference,54,92,0.994288812342663,-0.1833617571725912
integer_bin_reference,54,93,0.985259454003154,0.1472589107458281
integer_bin_reference,54,94,0.8644213778699751,0.5903135239745759
integer_bin_reference,54,95,0.6027952833608513,0.8179451458060063
integer_bin_reference,54,96,0.21713120107930978,0.9588767298051981
integer_bin_reference,54,97,-0.18816653514337128,0.9314266145926554
integer_bin_reference,54,98,-0.5387905791351104,0.8553095317995949
integer_bin_reference,54,99,-0.829288052412719,0.5551133170465665
integer_bin_reference,54,100,-0.9822292103948128,0.18632797326766568
integer_bin_reference,54,101,-0.9886565222019,-0.19730006669740932
integer_bin_reference,54,102,-0.8077728451679951,-0.5605867238183028
integer_bin_reference,54,103,-0.5053430631427895,-0.8710826748736995
integer_bin_reference,54,104,-0.17470682713581337,-0.9898747451069716
integer_bin_reference,54,105,0.19089441124218928,-0.9692215521494011
integer_bin_reference,54,106,0.5354426893039236,-0.8197976624395623
integer_bin_reference,54,107,0.8268269669523466,-0.5975209538540972
integer_bin_reference,54,108,0.9867625199763392,-0.23953938849249726
integer_bin_reference,54,109,0.9834580265964904,0.24002651768831
integer_bin_reference,54,110,0.819515428114803,0.5332409773390359
integer_bin_reference,54,111,0.5993595203968909,0.7996023418054053
integer_bin_reference,54,112,0.22386041181342947,0.947833115576734
integer_bin_reference,54,113,-0.2028284293268,0.9099287315924096
integer_bin_reference,54,114,-0.580937585195078,0.7915913680904669
integer_bin_reference,54,115,-0.8124001934282185,0.5491471986218291
integer_bin_reference,54,116,-0.9590316614894676,0.15948436178191958
integer_bin_reference,54,117,-0.9614429360778753,-0.21975803562281915
integer_bin_reference,54,118,-0.8149039084940737,-0.5651369039357979
integer_bin_reference,54,119,-0.5471298316337435,-0.8547019975196581
integer_bin_reference,54,120,-0.1814847686859959,-0.9735514970508685
integer_bin_reference,54,121,0.23263216614842508,-0.9756493169290887
integer_bin_reference,54,122,0.5496003365659078,-0.8643391781416687
integer_bin_reference,54,123,0.8780251629186643,-0.532772893130356
integer_bin_reference,54,124,0.9992282323599003,-0.21976867866897845
integer_bin_reference,54,125,1.0167390045762197,0.1843099133891396
integer_bin_reference,54,126,0.8418870355560863,0.5415059678967012
integer_bin_reference,54,127,0.5505358580613082,0.8216642301282298
integer_bin_reference,55,0,-0.3029343475995121,0.9377192529919338
integer_bin_reference,55,1,-0.6815742285904961,0.8596743173466654
integer_bin_reference,55,2,-0.8561494883321877,0.47177943708563186
integer_bin_reference,55,3,-1.0159080188863536,0.09989525954034964
integer_bin_reference,55,4,-0.9381155410401419,-0.27399718466397777
integer_bin_reference,55,5,-0.7767714784532663,-0.6498734233271749
integer_bin_reference,55,6,-0.5111982245027284,-0.9070115843171599
integer_bin_reference,55,7,-0.05475482914170706,-1.0282889517758704
integer_bin_reference,55,8,0.28423612025008427,-0.9425661524839141
integer_bin_reference,55,9,0.588148042990225,-0.7040031418944763
integer_bin_reference,55,10,0.9041681168220287,-0.5094334938764383
integer_bin_reference,55,11,1.0290644462749081,-0.10994978748298183
integer_bin_reference,55,12,0.9343423541650877,0.2769812776729063
integer_bin_reference,55,13,0.7454629061568502,0.626892058940155
integer_bin_reference,55,14,0.4651722093844907,0.8726923241394139
integer_bin_reference,55,15,0.12328508819127104,1.0077306588398722
integer_bin_reference,55,16,-0.3061736279522061,0.9921235070493503
integer_bin_reference,55,17,-0.6818507032554397,0.7519105500046439
integer_bin_reference,55,18,-0.926628005869938,0.42572286656435676
integer_bin_reference,55,19,-1.0238244637644727,0.08982017422260274
integer_bin_reference,55,20,-0.9939879059961858,-0.29856895160732644
integer_bin_reference,55,21,-0.7763844294791024,-0.7159500882579392
integer_bin_reference,55,22,-0.48481060809868304,-0.8936749393036173
integer_bin_reference,55,23,-0.11661288383888796,-0.9703232522527255
integer_bin_reference,55,24,0.26853954576179806,-0.9139523194444463
integer_bin_reference,55,25,0.6077122812855481,-0.754023274776584
integer_bin_reference,55,26,0.8691656490943237,-0.48577290442369253
integer_bin_reference,55,27,1.0086496458751917,-0.13798041455881854
integer_bin_reference,55,28,0.9326290652826806,0.30993019805785094
integer_bin_reference,55,29,0.7709395116256099,0.6156629135463335
integer_bin_reference,55,30,0.45120523178854804,0.8863549540272259
integer_bin_reference,55,31,0.08571555762803587,1.0595336126046155
integer_bin_reference,55,32,-0.3062377079680307,0.9650202496884792
integer_bin_reference,55,33,-0.6604838041414273,0.7051570112335243
integer_bin_reference,55,34,-0.8501649447181577,0.49403231959072497
integer_bin_reference,55,35,-0.9765463124266749,0.05296783794250776
integer_bin_reference,55,36,-0.9775783234894033,-0.32153786774463944
integer_bin_reference,55,37,-0.8027599929531252,-0.6430779383423181
integer_bin_reference,55,38,-0.5299697204966178,-0.8798840870696591
integer_bin_reference,55,39,-0.07509857401241876,-0.9503424656532583
integer_bin_reference,55,40,0.32729039360115464,-0.9439960334856073
integer_bin_reference,55,41,0.6611068152346584,-0.7078733568990024
integer_bin_reference,55,42,0.893563623969959,-0.4984080283741084
integer_bin_reference,55,43,1.0116765119778381,-0.11700585009404406
integer_bin_reference,55,44,0.9637271622486356,0.27882510615283
integer_bin_reference,55,45,0.7662569969048949,0.5991433385711471
integer_bin_reference,55,46,0.4966830456608665,0.8957911637051784
integer_bin_reference,55,47,0.10711683409270467,1.0326831530420282
integer_bin_reference,55,48,-0.28487458131098864,0.9628977068358779
integer_bin_reference,55,49,-0.6537536136794785,0.7641476795917997
integer_bin_reference,55,50,-0.8176593896277723,0.4799233357342826
integer_bin_reference,55,51,-0.9917165159744776,0.07923892220741226
integer_bin_reference,55,52,-0.9746812065464401,-0.30423003277430744
integer_bin_reference,55,53,-0.7578288290857926,-0.6403046278068875
integer_bin_reference,55,54,-0.48927559578678437,-0.9237908518166628
integer_bin_reference,55,55,-0.11576343193783695,-0.9897307726695505
integer_bin_reference,55,56,0.29897369055690964,-0.9883720885784975
integer_bin_reference,55,57,0.6851155228146779,-0.7526636178111165
integer_bin_reference,55,58,0.8549073185126651,-0.49195007397184287
integer_bin_reference,55,59,1.0237228873125852,-0.09023774679614417
integer_bin_reference,55,60,0.9921978529008211,0.2988432761686564
integer_bin_reference,55,61,0.8087394408349978,0.6610155339375376
integer_bin_reference,55,62,0.4496526509892226,0.863863737454367
integer_bin_reference,55,63,0.09193812905380586,0.9808736073377933
integer_bin_reference,55,64,-0.30550146083063373,0.9847042352386137
integer_bin_reference,55,65,-0.6783881050380137,0.7773675582293137
integer_bin_reference,55,66,-0.8625314709449743,0.5016268509721105
integer_bin_reference,55,67,-0.9511923054338122,0.10371627673333836
integer_bin_reference,55,68,-0.9475963458009247,-0.3171172399610409
integer_bin_reference,55,69,-0.818476332059356,-0.6732121356242333
integer_bin_reference,55,70,-0.5114597542987878,-0.8697673547997989
integer_bin_reference,55,71,-0.10615668222552285,-0.9680006942246387
integer_bin_reference,55,72,0.3205969036580277,-0.9123210414574997
integer_bin_reference,55,73,0.6146979987328471,-0.8359478935370662
integer_bin_reference,55,74,0.8706989571938912,-0.4189687401331017
integer_bin_reference,55,75,0.9401573564690634,-0.08909676923858278
integer_bin_reference,55,76,0.9538375019196608,0.3006036611885884
integer_bin_reference,55,77,0.8044043165296915,0.602540468190002
integer_bin_reference,55,78,0.483064196702159,0.8737148417622387
integer_bin_reference,55,79,0.06149308284716498,0.9916004557794913
integer_bin_reference,55,80,-0.22653326469009005,0.9663314733264017
integer_bin_reference,55,81,-0.6171279464569528,0.7500447318181298
integer_bin_reference,55,82,-0.866610334169055,0.4708815899283105
integer_bin_reference,55,83,-0.9798158254695393,0.08465776692312076
integer_bin_reference,55,84,-0.9539137281790424,-0.2817437910769553
integer_bin_reference,55,85,-0.7871674076206877,-0.5702556889230674
integer_bin_reference,55,86,-0.4918708136933321,-0.8693212112352051
integer_bin_reference,55,87,-0.10072579678512175,-0.9697463816624196
integer_bin_reference,55,88,0.33374815920777406,-0.9080470353211905
integer_bin_reference,55,89,0.6890537632283015,-0.7360620612428502
integer_bin_reference,55,90,0.8229758329432816,-0.45927134144469484
integer_bin_reference,55,91,0.9623710869388321,-0.09998968707645146
integer_bin_reference,55,92,0.9764194908772545,0.31837663979279784
integer_bin_reference,55,93,0.7499707827660523,0.6960198470985083
integer_bin_reference,55,94,0.4855151545209046,0.8779892468707249
integer_bin_reference,55,95,0.07365293264886671,0.9941295500335336
integer_bin_reference,55,96,-0.26383359671609674,1.0150569520780415
integer_bin_reference,55,97,-0.6649343815795543,0.7971119750700574
integer_bin_reference,55,98,-0.9351063290483348,0.44659196917757715
integer_bin_reference,55,99,-0.9823193963672464,0.12542816177715016
integer_bin_reference,55,100,-0.9241669268532953,-0.27576350097356894
integer_bin_reference,55,101,-0.7620123190646569,-0.659127750939157
integer_bin_reference,55,102,-0.5315372873468853,-0.8528143263745678
integer_bin_reference,55,103,-0.09116518901342571,-1.012205150481535
integer_bin_reference,55,104,0.27159783449338976,-0.9384223527219828
integer_bin_reference,55,105,0.6461193933501579,-0.7703909017679734
integer_bin_reference,55,106,0.8567020917385418,-0.5025916956976277
integer_bin_reference,55,107,0.98201789571887,-0.11007814762648283
integer_bin_reference,55,108,0.9419562129919835,0.28734477361247124
integer_bin_reference,55,109,0.7256010947243565,0.5695319249328569
integer_bin_reference,55,110,0.4619785856726694,0.9209231923429784
integer_bin_reference,55,111,0.08385465476748932,0.940849467765355
integer_bin_reference,55,112,-0.31728444226708,1.030089523874542
integer_bin_reference,55,113,-0.625446844350299,0.8017666698109048
integer_bin_reference,55,114,-0.8815025918068988,0.4831158211235893
integer_bin_reference,55,115,-1.0221625775565224,0.09965383982270003
integer_bin_reference,55,116,-0.9490558939745843,-0.2985139728993664
integer_bin_reference,55,117,-0.7830552503690086,-0.6430182039494883
integer_bin_reference,55,118,-0.47232944134330956,-0.8727969980669035
integer_bin_reference,55,119,-0.09852472303143386,-1.0291678610332502
integer_bin_reference,55,120,0.2799051416003474,-0.9515360861025292
integer_bin_reference,55,121,0.6558428337871439,-0.7725679436012136
integer_bin_reference,55,122,0.8880955789132655,-0.43867940519699333
integer_bin_reference,55,123,0.9810632887116305,-0.12746947627616126
integer_bin_reference,55,124,1.01795136476221,0.29929263020521296
integer_bin_reference,55,125,0.8077234857010922,0.6109813667344456
integer_bin_reference,55,126,0.46659107393123467,0.8915719058442504
integer_bin_reference,55,127,0.1141536541236082,1.0217579798917602
integer_bin_reference,56,0,-0.6826971291121772,0.7174475036496163
integer_bin_reference,56,1,-0.9037670408319115,0.3811295861142983
integer_bin_reference,56,2,-0.992663755149689,0.019953090325913487
integer_bin_reference,56,3,-0.9388536548087641,-0.3912415988791229
integer_bin_reference,56,4,-0.658812604732609,-0.7121596886357329
integer_bin_reference,56,5,-0.41953752554979773,-0.9749020299956359
integer_bin_reference,56,6,0.0036296830833764154,-1.0061997727180185
integer_bin_reference,56,7,0.3808355646786366,-0.945863376746702
integer_bin_reference,56,8,0.6967070255533885,-0.7291888659384849
integer_bin_reference,56,9,0.9856823755505962,-0.4178803774684069
integer_bin_reference,56,10,0.953852274407056,0.009001259757196917
integer_bin_reference,56,11,0.9532646672648525,0.3719694186689356
integer_bin_reference,56,12,0.7465110929332994,0.7395583730950938
integer_bin_reference,56,13,0.34596051733142913,0.8899167026133274
integer_bin_reference,56,14,0.02483462932691693,1.0403679852311174
integer_bin_reference,56,15,-0.4279942894939177,0.9123775597351491
integer_bin_reference,56,16,-0.7100112147766919,0.7094957597599753
integer_bin_reference,56,17,-0.9287852276132058,0.40626679126673515
integer_bin_reference,56,18,-1.0062718980150946,-0.023740019087276645
integer_bin_reference,56,19,-0.8751358969440306,-0.4238321741278546
integer_bin_reference,56,20,-0.6907037910049331,-0.7350891894919276
integer_bin_reference,56,21,-0.35945939370831004,-0.909036183122013
integer_bin_reference,56,22,-0.003137630094824504,-1.0192943171499778
integer_bin_reference,56,23,0.38475490151778996,-0.9427490678770064
integer_bin_reference,56,24,0.7124909461584285,-0.6876440676339044
integer_bin_reference,56,25,0.9655157578952394,-0.40127955798702963
integer_bin_reference,56,26,1.004510030822054,0.0040250961637566945
integer_bin_reference,56,27,0.9450701908342268,0.39690577150977546
integer_bin_reference,56,28,0.7563185884393014,0.6954283333822087
integer_bin_reference,56,29,0.3829093115069785,0.9135568732105939
integer_bin_reference,56,30,0.033331730838553855,1.0238585043523811
integer_bin_reference,56,31,-0.4052428968828793,0.9269064436671942
integer_bin_reference,56,32,-0.7122571548943398,0.675637357848018
integer_bin_reference,56,33,-0.9073404460408094,0.40220907486332846
integer_bin_reference,56,34,-0.9820068102451921,0.06967076666104488
integer_bin_reference,56,35,-0.9119172313401966,-0.39657886963539724
integer_bin_reference,56,36,-0.7191263298484343,-0.7106775348344663
integer_bin_reference,56,37,-0.43203042080861315,-0.9583378940893089
integer_bin_reference,56,38,0.023866029192684185,-1.0052485123599326
integer_bin_reference,56,39,0.4337353186748973,-0.8988748641534074
integer_bin_reference,56,40,0.7048725580178518,-0.7239501947790686
integer_bin_reference,56,41,0.9681064840022143,-0.4110247819813831
integer_bin_reference,56,42,1.0039666314746978,0.00597355574411194
integer_bin_reference,56,43,0.9202670206416835,0.3355234840631385
integer_bin_reference,56,44,0.7032636525441671,0.7112178634868592
integer_bin_reference,56,45,0.3582196488484869,0.9673165856479959
integer_bin_reference,56,46,0.010865761663479617,0.9794106057073193
integer_bin_reference,56,47,-0.3725075002243748,0.9207253797390637
integer_bin_reference,56,48,-0.6543427681911627,0.7805510699571928
integer_bin_reference,56,49,-0.9338820205965221,0.39653617190566315
integer_bin_reference,56,50,-0.9915085127211701,0.018810597637713748
integer_bin_reference,56,51,-0.9413734984067992,-0.41462043599547754
integer_bin_reference,56,52,-0.6993259108310828,-0.674468487773445
integer_bin_reference,56,53,-0.37319144907961904,-0.9370134195856394
integer_bin_reference,56,54,0.0012578277525684318,-1.0498147427450957
integer_bin_reference,56,55,0.3796461110261499,-0.8850412975155704
integer_bin_reference,56,56,0.6915281210431381,-0.7370886276977161
integer_bin_reference,56,57,0.9407499663433873,-0.37388619961296643
integer_bin_reference,56,58,1.0573629268004094,-0.06214868280644624
integer_bin_reference,56,59,0.9274417177454436,0.3919328095327965
integer_bin_reference,56,60,0.6319596287261884,0.7627722188705224
integer_bin_reference,56,61,0.3731474307864284,0.9327919036564172
integer_bin_reference,56,62,-0.024388323566635027,1.0261583532533805
integer_bin_reference,56,63,-0.3922984816260861,0.9323440595571519
integer_bin_reference,56,64,-0.740432492392188,0.6712788273521022
integer_bin_reference,56,65,-0.9363021177021622,0.3649574842044934
integer_bin_reference,56,66,-1.0488494806023227,-0.01527154925832011
integer_bin_reference,56,67,-0.916656034477742,-0.4601838283400703
integer_bin_reference,56,68,-0.7189033087660164,-0.7366769966424681
integer_bin_reference,56,69,-0.3596884685879596,-0.9369078242945122
integer_bin_reference,56,70,0.014204755917067628,-0.9544238909073657
integer_bin_reference,56,71,0.3565424291572136,-0.9303427158630185
integer_bin_reference,56,72,0.653709543559914,-0.7301872472544828
integer_bin_reference,56,73,0.945224180424237,-0.3861311875059787
integer_bin_reference,56,74,1.013256228521135,0.02953719656231465
integer_bin_reference,56,75,0.9113544507137687,0.3666782118093707
integer_bin_reference,56,76,0.7001133657102949,0.7247425647851717
integer_bin_reference,56,77,0.4066558550817831,0.9458001569020061
integer_bin_reference,56,78,-0.016714304130636758,0.9921063252706469
integer_bin_reference,56,79,-0.34149264104012794,0.8808041927641869
integer_bin_reference,56,80,-0.6662301174003665,0.6932884298575808
integer_bin_reference,56,81,-0.9376809356023751,0.3983952053365248
integer_bin_reference,56,82,-1.0562167560710913,-0.0073352116523875055
integer_bin_reference,56,83,-0.930154789844706,-0.35090323309270216
integer_bin_reference,56,84,-0.737690577601753,-0.711761024305907
integer_bin_reference,56,85,-0.42403810255776614,-0.9299466028430499
integer_bin_reference,56,86,-0.04851535537007949,-1.002540530006995
integer_bin_reference,56,87,0.3554182602655382,-0.898199150368556
integer_bin_reference,56,88,0.6845882448769404,-0.7192666008715698
integer_bin_reference,56,89,0.924395074883797,-0.4045045541361959
integer_bin_reference,56,90,0.9939021220222104,0.03577822746691733
integer_bin_reference,56,91,0.8748096787357633,0.4201489202597266
integer_bin_reference,56,92,0.685627099610201,0.7246809494503927
integer_bin_reference,56,93,0.3582225645761548,0.9383228569948197
integer_bin_reference,56,94,0.052066309582730154,0.9678871879435288
integer_bin_reference,56,95,-0.40346708572288814,0.9080327769883655
integer_bin_reference,56,96,-0.7217089830875957,0.6583264661526008
integer_bin_reference,56,97,-0.9226931609494962,0.404783326669967
integer_bin_reference,56,98,-0.9786526784882362,0.0431130277086119
integer_bin_reference,56,99,-0.9009023824790284,-0.3734732073179878
integer_bin_reference,56,100,-0.7210079824047667,-0.6621213226142074
integer_bin_reference,56,101,-0.3753302689457306,-0.8856376228124951
integer_bin_reference,56,102,-0.012251390986250759,-1.0973793393562146
integer_bin_reference,56,103,0.370636532225346,-0.8909942106820878
integer_bin_reference,56,104,0.7503431237898223,-0.7569270994102593
integer_bin_reference,56,105,0.9565306471746002,-0.37425315216638383
integer_bin_reference,56,106,0.9786235965915299,-0.022849830614036132
integer_bin_reference,56,107,0.9028309334398031,0.37304456051513096
integer_bin_reference,56,108,0.6823656398426358,0.6768340212084286
integer_bin_reference,56,109,0.41465994213314794,0.9424579456651495
integer_bin_reference,56,110,-0.027340995326420803,1.007563225734735
integer_bin_reference,56,111,-0.4188200292021871,0.8882063151832104
integer_bin_reference,56,112,-0.7453631977620491,0.7019260007348397
integer_bin_reference,56,113,-0.9425657605688555,0.34300198883729477
integer_bin_reference,56,114,-0.9735612276835477,0.026129555392529934
integer_bin_reference,56,115,-0.8934043414848352,-0.3721341786437263
integer_bin_reference,56,116,-0.6820436142748504,-0.6977959030236656
integer_bin_reference,56,117,-0.3527835721017172,-0.9316880343503494
integer_bin_reference,56,118,-0.001517324471848931,-0.9655480418510272
integer_bin_reference,56,119,0.3639462653850653,-0.9411169584320338
integer_bin_reference,56,120,0.6698083532845116,-0.6547162023279502
integer_bin_reference,56,121,0.9059375148335165,-0.3727557282147431
integer_bin_reference,56,122,0.983947459647105,-0.003812255571291317
integer_bin_reference,56,123,1.0074595904993489,0.36369140026570607
integer_bin_reference,56,124,0.7242765006164696,0.7263666185336499
integer_bin_reference,56,125,0.3233921628479256,0.9020150657340701
integer_bin_reference,56,126,0.016497125373925656,0.9622634279528666
integer_bin_reference,56,127,-0.37404062074069583,0.9367303059795717
integer_bin_reference,57,0,-0.9394378213291565,0.28694241269725546
integer_bin_reference,57,1,-1.004021137735776,-0.13390439194539466
integer_bin_reference,57,2,-0.8733783003503913,-0.4808559031663304
integer_bin_reference,57,3,-0.6436072784432038,-0.8049045153514007
integer_bin_reference,57,4,-0.25120194427434506,-0.9260054262319951
integer_bin_reference,57,5,0.09627808976454873,-1.0184739246586232
integer_bin_reference,57,6,0.5086475603760375,-0.8723027287673308
integer_bin_reference,57,7,0.7547436278130948,-0.6294097598011055
integer_bin_reference,57,8,0.9913024158184937,-0.3159395573219845
integer_bin_reference,57,9,0.9781082399309545,0.1283166266242978
integer_bin_reference,57,10,0.9027015605616261,0.5219958849195683
integer_bin_reference,57,11,0.6385387113185237,0.7299384884391755
integer_bin_reference,57,12,0.29224301842800954,0.9263327316542679
integer_bin_reference,57,13,-0.12681526328414905,1.0167143459061356
integer_bin_reference,57,14,-0.49401668050904257,0.8685901487298987
integer_bin_reference,57,15,-0.7858996541164742,0.6696550371117654
integer_bin_reference,57,16,-0.9841786044989393,0.3047693350949511
integer_bin_reference,57,17,-0.9620556468733903,-0.09733023756259564
integer_bin_reference,57,18,-0.9261368646170155,-0.42655008955560236
integer_bin_reference,57,19,-0.6744379178980189,-0.7244902378644317
integer_bin_reference,57,20,-0.29706779859519256,-0.9675159090504063
integer_bin_reference,57,21,0.11733773036442684,-1.030377357146179
integer_bin_reference,57,22,0.4285203535873913,-0.8419203979062666
integer_bin_reference,57,23,0.7621923042760188,-0.6861486382190753
integer_bin_reference,57,24,0.9223346820333872,-0.2623651016289434
integer_bin_reference,57,25,1.0005595436059156,0.09091585027382482
integer_bin_reference,57,26,0.8760996538150814,0.4746305851508094
integer_bin_reference,57,27,0.6310275652593393,0.8069945102949965
integer_bin_reference,57,28,0.289491828385889,0.9588952658317841
integer_bin_reference,57,29,-0.08581012347695746,0.9738797958251116
integer_bin_reference,57,30,-0.4857303387639869,0.8783397335983586
integer_bin_reference,57,31,-0.7274425820911032,0.6672499002532891
integer_bin_reference,57,32,-0.9163356117440217,0.2862914612608578
integer_bin_reference,57,33,-1.0135116710114573,-0.09014785958680696
integer_bin_reference,57,34,-0.885651266602908,-0.44516284036142295
integer_bin_reference,57,35,-0.6458747333065211,-0.7084315398955815
integer_bin_reference,57,36,-0.25564085606961395,-0.9723042378834391
integer_bin_reference,57,37,0.08407210352024944,-1.011009542998359
integer_bin_reference,57,38,0.4859315515902456,-0.8656290623580409
integer_bin_reference,57,39,0.7853461610881721,-0.639469851215883
integer_bin_reference,57,40,0.9363725213137435,-0.33633782441278204
integer_bin_reference,57,41,0.9918633298667898,0.11772408527413789
integer_bin_reference,57,42,0.8456155077361941,0.46920786440280526
integer_bin_reference,57,43,0.6518277053095982,0.742874489727146
integer_bin_reference,57,44,0.2819853641664143,0.9250378124376417
integer_bin_reference,57,45,-0.11230211920668395,0.9473030983919891
integer_bin_reference,57,46,-0.44696044748839203,0.8894273516254272
integer_bin_reference,57,47,-0.7849997146597006,0.6273039636195865
integer_bin_reference,57,48,-0.9227649592432607,0.26254459183001416
integer_bin_reference,57,49,-1.0000080252870749,-0.03592690354023679
integer_bin_reference,57,50,-0.8202655149316189,-0.4652633020862373
integer_bin_reference,57,51,-0.6179984471053673,-0.8047146694982285
integer_bin_reference,57,52,-0.2864025424806121,-0.9510824476838265
integer_bin_reference,57,53,0.09564918518810692,-0.9839357819847283
integer_bin_reference,57,54,0.43930222767929233,-0.8656005864670302
integer_bin_reference,57,55,0.7440729485082416,-0.6371853988766238
integer_bin_reference,57,56,0.9922613063390292,-0.3115442189947133
integer_bin_reference,57,57,0.9861136346335683,0.12122038834520396
integer_bin_reference,57,58,0.9174557047480587,0.5052702996399117
integer_bin_reference,57,59,0.6377639464617604,0.7915163820210489
integer_bin_reference,57,60,0.35909190934365876,0.8979054468622666
integer_bin_reference,57,61,-0.05265856218226589,0.9754402825172069
integer_bin_reference,57,62,-0.4776203637557988,0.8389553051507342
integer_bin_reference,57,63,-0.7774633618558815,0.695179639818398
integer_bin_reference,57,64,-0.9680752069277534,0.2632145691372927
integer_bin_reference,57,65,-0.9939324937292193,-0.1174103961671962
integer_bin_reference,57,66,-0.8535741636305201,-0.43042008921531205
integer_bin_reference,57,67,-0.6533119958529054,-0.8044227122253864
integer_bin_reference,57,68,-0.2404448936744702,-0.9327977286845541
integer_bin_reference,57,69,0.17458924527171577,-1.0045226615024876
integer_bin_reference,57,70,0.46799543480501576,-0.8801704529324006
integer_bin_reference,57,71,0.758078842024197,-0.598319810526486
integer_bin_reference,57,72,0.9710099122783578,-0.28984081404322254
integer_bin_reference,57,73,1.0199190951145904,0.08325829586331167
integer_bin_reference,57,74,0.8501073588322171,0.49997359867679964
integer_bin_reference,57,75,0.6418310768738941,0.7647313194004599
integer_bin_reference,57,76,0.2884091336814946,0.9498159657007716
integer_bin_reference,57,77,-0.13138898976050498,1.0154208250526113
integer_bin_reference,57,78,-0.4489331517705104,0.8637815512068344
integer_bin_reference,57,79,-0.7765989570314371,0.5895982427928274
integer_bin_reference,57,80,-0.9446561021090643,0.2949792877122548
integer_bin_reference,57,81,-1.0300179830964655,-0.10874969077385457
integer_bin_reference,57,82,-0.9390615467647495,-0.46299754689695194
integer_bin_reference,57,83,-0.7281794850972977,-0.7864561895222747
integer_bin_reference,57,84,-0.3297565310787112,-0.9323630521016055
integer_bin_reference,57,85,0.07872708648009491,-1.0451262091873723
integer_bin_reference,57,86,0.4753126296863899,-0.8882174645583889
integer_bin_reference,57,87,0.7145626556148074,-0.6149082676251245
integer_bin_reference,57,88,0.9571213374678046,-0.322028262614677
integer_bin_reference,57,89,1.0228669124565781,0.11786140311215917
integer_bin_reference,57,90,0.8912464030645924,0.4713364714326808
integer_bin_reference,57,91,0.6440721676736012,0.7678089686230709
integer_bin_reference,57,92,0.28076769345217645,0.9366829076450726
integer_bin_reference,57,93,-0.16202644549861167,1.0010518725111974
integer_bin_reference,57,94,-0.5339474240291502,0.9119907577344071
integer_bin_reference,57,95,-0.763365995340269,0.6701124907181178
integer_bin_reference,57,96,-1.0045194764909415,0.26862595753985424
integer_bin_reference,57,97,-1.0285262990645123,-0.07039620068743656
integer_bin_reference,57,98,-0.8508776724741212,-0.42085205253123165
integer_bin_reference,57,99,-0.5887314399456648,-0.7959312669908064
integer_bin_reference,57,100,-0.24969819532569826,-0.9280186876755822
integer_bin_reference,57,101,0.0845647426509375,-0.9665744157639572
integer_bin_reference,57,102,0.4848153479251476,-0.9063917686840044
integer_bin_reference,57,103,0.7817203855380636,-0.6229040045225346
integer_bin_reference,57,104,0.9356523818091761,-0.29588577519414316
integer_bin_reference,57,105,0.9739661009400121,0.02110185963728503
integer_bin_reference,57,106,0.8541942662906609,0.47648150127106204
integer_bin_reference,57,107,0.6373186376461608,0.7468299677207879
integer_bin_reference,57,108,0.28048559587641125,0.9845597922400071
integer_bin_reference,57,109,-0.06199833950457447,0.9501092923975045
integer_bin_reference,57,110,-0.4229275155999049,0.8600708062554094
integer_bin_reference,57,111,-0.7559506549046502,0.5842109147641955
integer_bin_reference,57,112,-0.9056281838831356,0.293333421684717
integer_bin_reference,57,113,-1.023649983237951,-0.06817875024126271
integer_bin_reference,57,114,-0.8648153076773549,-0.5066246744491074
integer_bin_reference,57,115,-0.6280637109822935,-0.7766147786897187
integer_bin_reference,57,116,-0.26008439398055105,-0.9780117923654683
integer_bin_reference,57,117,0.09572683504818431,-1.020983711089552
integer_bin_reference,57,118,0.49723095419767027,-0.8913351951939112
integer_bin_reference,57,119,0.7760279765275983,-0.6082265912158114
integer_bin_reference,57,120,0.9805290985626575,-0.3021016018660058
integer_bin_reference,57,121,0.9587652799436428,0.042079666931532964
integer_bin_reference,57,122,0.8941129400668861,0.438354874127086
integer_bin_reference,57,123,0.6454083572354768,0.7464019600126505
integer_bin_reference,57,124,0.26269105486646344,0.959524029531143
integer_bin_reference,57,125,-0.13223955008666602,0.9921282916901178
integer_bin_reference,57,126,-0.5047574367449998,0.8398825547091546
integer_bin_reference,57,127,-0.7722145124726265,0.6027732005381016
integer_bin_reference,58,0,-0.9795088429111015,-0.20963033523237234
integer_bin_reference,58,1,-0.8324473722833272,-0.5218927034514694
integer_bin_reference,58,2,-0.570271064226895,-0.8237849024046223
integer_bin_reference,58,3,-0.18781304442234953,-1.0214907890498195
integer_bin_reference,58,4,0.1980735105292152,-0.9546129731133248
integer_bin_reference,58,5,0.5773685812300161,-0.879416517505161
integer_bin_reference,58,6,0.8017679042673924,-0.5491365080404776
integer_bin_reference,58,7,0.917820417122992,-0.2591341680957802
integer_bin_reference,58,8,0.9753833539624287,0.18624233368866983
integer_bin_reference,58,9,0.8441868238131288,0.5354334285583912
integer_bin_reference,58,10,0.5403451314990574,0.8673008153036577
integer_bin_reference,58,11,0.16604250210643298,1.0214441795370675
integer_bin_reference,58,12,-0.1915280278095027,0.9965482705970966
integer_bin_reference,58,13,-0.48753024547825957,0.8284488214442327
integer_bin_reference,58,14,-0.7957018638895702,0.5270024818962984
integer_bin_reference,58,15,-0.9654226747932032,0.23761364730089157
integer_bin_reference,58,16,-0.9807440493192441,-0.19620807357817022
integer_bin_reference,58,17,-0.8677474662872511,-0.56019084664401
integer_bin_reference,58,18,-0.5020700119161043,-0.86266313093822
integer_bin_reference,58,19,-0.20417378967588964,-1.007653241344775
integer_bin_reference,58,20,0.17981267047048452,-0.9978774198224886
integer_bin_reference,58,21,0.5915540654130115,-0.7950666370121215
integer_bin_reference,58,22,0.8514020734481426,-0.5129519763029237
integer_bin_reference,58,23,0.9719926548046859,-0.19981556029441214
integer_bin_reference,58,24,0.959401156700056,0.22294813087314816
integer_bin_reference,58,25,0.7647042620160787,0.5764213260733108
integer_bin_reference,58,26,0.5040347922881153,0.8020622520327252
integer_bin_reference,58,27,0.17737908379418166,1.0028552119079657
integer_bin_reference,58,28,-0.1812078161301598,0.9357102453178024
integer_bin_reference,58,29,-0.538088252918205,0.8328898953016529
integer_bin_reference,58,30,-0.8718766956305766,0.5631362906312406
integer_bin_reference,58,31,-0.9759205237233978,0.19530542095254744
integer_bin_reference,58,32,-0.9710126237125861,-0.20451487028872348
integer_bin_reference,58,33,-0.8221478127490819,-0.540489357958524
integer_bin_reference,58,34,-0.5415193453879464,-0.8413067292121736
integer_bin_reference,58,35,-0.1462892908027261,-0.9995127070237236
integer_bin_reference,58,36,0.240976128083218,-0.9877190153379225
integer_bin_reference,58,37,0.5598515779219148,-0.8231629463859172
integer_bin_reference,58,38,0.7460662588131344,-0.530778159319587
integer_bin_reference,58,39,0.9526992702145123,-0.19549380964549118
integer_bin_reference,58,40,0.9321683877104963,0.20156809721843327
integer_bin_reference,58,41,0.8402424041637244,0.5481711675768501
integer_bin_reference,58,42,0.535413176531416,0.8374874284189633
integer_bin_reference,58,43,0.24609209125696546,0.9791765756197928
integer_bin_reference,58,44,-0.2085226167160799,0.9322227270508933
integer_bin_reference,58,45,-0.5444516113923957,0.8615123703692389
integer_bin_reference,58,46,-0.8864704617382284,0.5059195111484879
integer_bin_reference,58,47,-1.0315397257485546,0.23087674625144705
integer_bin_reference,58,48,-1.034540138503193,-0.20390307106691596
integer_bin_reference,58,49,-0.8679151918960275,-0.5119727836743998
integer_bin_reference,58,50,-0.5084667626369352,-0.8520782688796367
integer_bin_reference,58,51,-0.1510489289791062,-0.9829176065161226
integer_bin_reference,58,52,0.22491498811688043,-1.0123635102859883
integer_bin_reference,58,53,0.552277392074004,-0.8092385152616712
integer_bin_reference,58,54,0.8462881933395849,-0.5416433351095544
integer_bin_reference,58,55,0.974349776510437,-0.2150910585819377
integer_bin_reference,58,56,1.0266183761638796,0.16247140475500443
integer_bin_reference,58,57,0.8081222377605727,0.57466998611337
integer_bin_reference,58,58,0.5513876744164046,0.8878205343129439
integer_bin_reference,58,59,0.18749877800866455,0.9617756110141407
integer_bin_reference,58,60,-0.23195873314086007,1.0122377212183218
integer_bin_reference,58,61,-0.53574099364516,0.8416287371790373
integer_bin_reference,58,62,-0.8396840409683555,0.5522190967305443
integer_bin_reference,58,63,-0.9902166320092716,0.22014575805073214
integer_bin_reference,58,64,-0.9701430076580532,-0.2265277132514535
integer_bin_reference,58,65,-0.7952854678127962,-0.5278141675134103
integer_bin_reference,58,66,-0.5610723208179377,-0.8046776115767228
integer_bin_reference,58,67,-0.2111983719770896,-0.9756413902519082
integer_bin_reference,58,68,0.17493819641946423,-0.9999985344020885
integer_bin_reference,58,69,0.6134188595582085,-0.8519268816593369
integer_bin_reference,58,70,0.8376646176431205,-0.5614662110871934
integer_bin_reference,58,71,1.0021167906061197,-0.1758839870609529
integer_bin_reference,58,72,1.0048484510739346,0.1985791816312402
integer_bin_reference,58,73,0.792974729816608,0.5674863130947139
integer_bin_reference,58,74,0.5005474956629014,0.8516195582270268
integer_bin_reference,58,75,0.13638815669004578,0.9290026762726237
integer_bin_reference,58,76,-0.16624837132122094,0.9344370052017368
integer_bin_reference,58,77,-0.6367228483941632,0.8259781660834133
integer_bin_reference,58,78,-0.8549341468055864,0.5111009911748345
integer_bin_reference,58,79,-0.9373234187355381,0.14123075807131813
integer_bin_reference,58,80,-0.9958162043214973,-0.17631159187741763
integer_bin_reference,58,81,-0.809004638230308,-0.553362958633148
integer_bin_reference,58,82,-0.5527052967524039,-0.76698991616163
integer_bin_reference,58,83,-0.18568535283785867,-1.0109462470019532
integer_bin_reference,58,84,0.22709110403822544,-1.0067764434660247
integer_bin_reference,58,85,0.5254608450352682,-0.785593971585552
integer_bin_reference,58,86,0.8638225272236791,-0.5508116076016576
integer_bin_reference,58,87,0.9510761518788191,-0.19848812502822832
integer_bin_reference,58,88,0.9533057957611576,0.18908324959348347
integer_bin_reference,58,89,0.8458164142544841,0.6064172685906887
integer_bin_reference,58,90,0.5323646480530382,0.8683606892383631
integer_bin_reference,58,91,0.20738261562972282,0.9635406160645842
integer_bin_reference,58,92,-0.17757155870709943,1.0036341009765726
integer_bin_reference,58,93,-0.4777869130741273,0.8540041780249157
integer_bin_reference,58,94,-0.8041907652957542,0.5410309261388928
integer_bin_reference,58,95,-0.9909434120425643,0.13900727067226948
integer_bin_reference,58,96,-0.9731936898680799,-0.1988678731271415
integer_bin_reference,58,97,-0.8381841268302437,-0.5227604577194495
integer_bin_reference,58,98,-0.5033157215722547,-0.8273591042951424
integer_bin_reference,58,99,-0.18269445338848112,-0.9139143437345779
integer_bin_reference,58,100,0.19817450088339494,-0.9459446864147129
integer_bin_reference,58,101,0.5194980211239605,-0.8228351447341333
integer_bin_reference,58,102,0.8290554101071547,-0.5067550942155683
integer_bin_reference,58,103,0.9503229483221618,-0.2244410646014768
integer_bin_reference,58,104,0.9948304748949207,0.20807204592116432
integer_bin_reference,58,105,0.8557146077109401,0.5661550816464866
integer_bin_reference,58,106,0.5480662610988546,0.8458175257967407
integer_bin_reference,58,107,0.18672622449113963,0.9752440363646053
integer_bin_reference,58,108,-0.16580046344778687,1.006013654784007
integer_bin_reference,58,109,-0.6118497115983448,0.8616952952461105
integer_bin_reference,58,110,-0.8114896589229496,0.5367861062035656
integer_bin_reference,58,111,-0.9753663631805234,0.1724395365824197
integer_bin_reference,58,112,-0.9779831695010122,-0.20815984910494867
integer_bin_reference,58,113,-0.8162022990671663,-0.5157326288557577
integer_bin_reference,58,114,-0.5760362000570778,-0.8222687295450628
integer_bin_reference,58,115,-0.13908746081368994,-0.9774506926624175
integer_bin_reference,58,116,0.18650068992880653,-0.9409469622939639
integer_bin_reference,58,117,0.5056164262754289,-0.8486709480735389
integer_bin_reference,58,118,0.849139008866242,-0.5525799181276905
integer_bin_reference,58,119,0.9557753455960497,-0.1896397257013663
integer_bin_reference,58,120,0.9303666791834083,0.22904504789471491
integer_bin_reference,58,121,0.8545605280281867,0.5651154517358445
integer_bin_reference,58,122,0.5593441001241195,0.8587415342915675
integer_bin_reference,58,123,0.2438907023706577,0.9670579908732042
integer_bin_reference,58,124,-0.21367122888184584,1.0019896953314877
integer_bin_reference,58,125,-0.5512000573176572,0.8311975836427088
integer_bin_reference,58,126,-0.7995363108600049,0.516815616074067
integer_bin_reference,58,127,-0.9905129972885558,0.18041345536242026
integer_bin_reference,59,0,-0.7682771805551922,-0.6326421110362093
integer_bin_reference,59,1,-0.5348842885199308,-0.8933795934061985
integer_bin_reference,59,2,-0.062302271324797515,-0.9506016576060843
integer_bin_reference,59,3,0.298529929008721,-0.9723149027084463
integer_bin_reference,59,4,0.6965455899809895,-0.7437613230998117
integer_bin_reference,59,5,0.966371631352903,-0.42750815719991686
integer_bin_reference,59,6,1.0398405311083412,-0.15594504113465488
integer_bin_reference,59,7,1.0170326668965923,0.2555477759337322
integer_bin_reference,59,8,0.7913317447324911,0.6032999404917442
integer_bin_reference,59,9,0.46462555061900707,0.8792591633208084
integer_bin_reference,59,10,0.15556856975682173,0.9353197606292829
integer_bin_reference,59,11,-0.3005448435861181,0.9418349095347135
integer_bin_reference,59,12,-0.6462577132774978,0.7842569158550117
integer_bin_reference,59,13,-0.900340816089964,0.48125034811466316
integer_bin_reference,59,14,-0.9363401219713918,0.073227262051748
integer_bin_reference,59,15,-0.9680920406757706,-0.312332925460423
integer_bin_reference,59,16,-0.7447904176783429,-0.6253674447561739
integer_bin_reference,59,17,-0.48175667526302196,-0.8551598596891388
integer_bin_reference,59,18,-0.06778222993698763,-1.0116281605020658
integer_bin_reference,59,19,0.31819420268713283,-0.9700248677227263
integer_bin_reference,59,20,0.6109100814612922,-0.772568310144084
integer_bin_reference,59,21,0.8769648697538704,-0.4834124419943627
integer_bin_reference,59,22,0.9694650702854034,-0.08213179934656557
integer_bin_reference,59,23,0.9767804497668057,0.2704142830534309
integer_bin_reference,59,24,0.7583880063994016,0.6337010001270532
integer_bin_reference,59,25,0.4813497430322163,0.8791701626116752
integer_bin_reference,59,26,0.1271971726333235,1.0104625817900923
integer_bin_reference,59,27,-0.3130001325872097,0.9357288797719843
integer_bin_reference,59,28,-0.6711313610916175,0.7353664126402634
integer_bin_reference,59,29,-0.8455021997618104,0.4685618599152505
integer_bin_reference,59,30,-0.9985910447707987,0.05306386937083885
integer_bin_reference,59,31,-0.9697120194262354,-0.2759314952050137
integer_bin_reference,59,32,-0.8179443141908777,-0.6739082194519785
integer_bin_reference,59,33,-0.46457145261158284,-0.853888490393936
integer_bin_reference,59,34,-0.10799422127508403,-0.9800475203669874
integer_bin_reference,59,35,0.31949980197239736,-0.9904740711594697
integer_bin_reference,59,36,0.5892805742448118,-0.7955900800163351
integer_bin_reference,59,37,0.857913833592973,-0.5019762612892795
integer_bin_reference,59,38,0.9497571828320654,-0.09714288960411106
integer_bin_reference,59,39,0.9625858435016166,0.3314102295170067
integer_bin_reference,59,40,0.8137250452527515,0.6680641130611772
integer_bin_reference,59,41,0.4698742917351839,0.852814035490268
integer_bin_reference,59,42,0.08554775551346179,0.9669705166306739
integer_bin_reference,59,43,-0.27426240370349475,0.9836484211340927
integer_bin_reference,59,44,-0.6187131497886473,0.8036211780619728
integer_bin_reference,59,45,-0.9300462138124174,0.5051692855421919
integer_bin_reference,59,46,-0.9498924039472273,0.1200767776859627
integer_bin_reference,59,47,-0.9344421835984823,-0.3598568819800891
integer_bin_reference,59,48,-0.7886699378197835,-0.6313797083820745
integer_bin_reference,59,49,-0.4937445102834653,-0.8724776045172746
integer_bin_reference,59,50,-0.10027268167487328,-0.9991470320422388
integer_bin_reference,59,51,0.335741617057246,-0.9557661900793036
integer_bin_reference,59,52,0.6367040939794703,-0.7609154209249356
integer_bin_reference,59,53,0.8980036198876232,-0.47951322848604666
integer_bin_reference,59,54,1.0576026540001795,-0.13131118880077242
integer_bin_reference,59,55,0.9935221159705627,0.2773475186298472
integer_bin_reference,59,56,0.7470047826703297,0.6317073782437906
integer_bin_reference,59,57,0.47372452065262277,0.8449273305076154
integer_bin_reference,59,58,0.13944716230159482,1.0094497670464726
integer_bin_reference,59,59,-0.2353063198922083,0.9550025760381614
integer_bin_reference,59,60,-0.635531483544354,0.8055933853674123
integer_bin_reference,59,61,-0.9262189086916872,0.47792168651736544
integer_bin_reference,59,62,-1.0260448933265478,0.07827381624307228
integer_bin_reference,59,63,-0.9460127779787375,-0.3098388008242106
integer_bin_reference,59,64,-0.7088969606136168,-0.6245043242258101
integer_bin_reference,59,65,-0.4289925113932648,-0.8476433952928476
integer_bin_reference,59,66,-0.0871217812635963,-0.9506948399347387
integer_bin_reference,59,67,0.34405738111955136,-1.0072027606386773
integer_bin_reference,59,68,0.5916494817624335,-0.7737831326041056
integer_bin_reference,59,69,0.9374560901003759,-0.4534692250870562
integer_bin_reference,59,70,0.976618779351501,-0.15819768323195144
integer_bin_reference,59,71,0.9275807785481537,0.320891057549272
integer_bin_reference,59,72,0.7679442870338077,0.6010508661450752
integer_bin_reference,59,73,0.4835812350109827,0.9626282450217409
integer_bin_reference,59,74,0.12049269493140091,1.0329132286258007
integer_bin_reference,59,75,-0.3401235531041883,0.9605780584721398
integer_bin_reference,59,76,-0.6274867010242177,0.7159020524698216
integer_bin_reference,59,77,-0.8169751222785552,0.4916038473800758
integer_bin_reference,59,78,-0.9755742446949285,0.07770681497914608
integer_bin_reference,59,79,-0.9729081697340815,-0.33418624883390335
integer_bin_reference,59,80,-0.7442673500229642,-0.6747593221410323
integer_bin_reference,59,81,-0.45213465746656445,-0.9265357872357566
integer_bin_reference,59,82,-0.12168951078025994,-1.0481677529921034
integer_bin_reference,59,83,0.38483054446062226,-0.981721690462107
integer_bin_reference,59,84,0.6189311339468272,-0.7598671814668821
integer_bin_reference,59,85,0.8754708627121229,-0.5103965509379857
integer_bin_reference,59,86,0.9716768261388713,-0.10318964785527383
integer_bin_reference,59,87,0.9976932164914526,0.3307196287492452
integer_bin_reference,59,88,0.745640945497736,0.6606328584467503
integer_bin_reference,59,89,0.468135956463817,0.9093767069027288
integer_bin_reference,59,90,0.09313581623344216,0.9478876475701057
integer_bin_reference,59,91,-0.26895672065586673,0.9236166314209389
integer_bin_reference,59,92,-0.6249067401563757,0.7342962476958593
integer_bin_reference,59,93,-0.8841786078826421,0.40608794614201327
integer_bin_reference,59,94,-0.9998827812230139,0.05931928659973132
integer_bin_reference,59,95,-0.998761178138639,-0.31534920359047514
integer_bin_reference,59,96,-0.7637314355451371,-0.6017247682884114
integer_bin_reference,59,97,-0.4228191211380832,-0.8737576422424873
integer_bin_reference,59,98,-0.08210176516883652,-0.9885083273918754
integer_bin_reference,59,99,0.2814198111266443,-0.9537673264649066
integer_bin_reference,59,100,0.6402732883595778,-0.7761746677067328
integer_bin_reference,59,101,0.8559410282225192,-0.5200620435259526
integer_bin_reference,59,102,1.0441762961257082,-0.06069652566654521
integer_bin_reference,59,103,0.9575541785660979,0.2620778945176599
integer_bin_reference,59,104,0.7345345086728547,0.6158760777296759
integer_bin_reference,59,105,0.45631141525248514,0.908945944994882
integer_bin_reference,59,106,0.09914520637343163,0.9660652791820614
integer_bin_reference,59,107,-0.3296131695463048,0.9130491186081771
integer_bin_reference,59,108,-0.610817353179784,0.8112887111866627
integer_bin_reference,59,109,-0.9247036351171903,0.4468621317460748
integer_bin_reference,59,110,-0.9799853744125977,0.07726463844770734
integer_bin_reference,59,111,-0.9838936400881662,-0.3055363984131867
integer_bin_reference,59,112,-0.7878059569841914,-0.6233320578051018
integer_bin_reference,59,113,-0.5020237798713845,-0.852636891040566
integer_bin_reference,59,114,-0.10304834266569221,-0.986541212633505
integer_bin_reference,59,115,0.2989430131261868,-0.9342661224256312
integer_bin_reference,59,116,0.6287629373398381,-0.7584594436876629
integer_bin_reference,59,117,0.9255726218588749,-0.47505074457606117
integer_bin_reference,59,118,1.0593632171599077,-0.05320965829339094
integer_bin_reference,59,119,0.8975359959187895,0.21954066959402743
integer_bin_reference,59,120,0.7444438969417692,0.6482073612632969
integer_bin_reference,59,121,0.45072949290486264,0.852281526986545
integer_bin_reference,59,122,0.13851325028381029,1.017310844182937
integer_bin_reference,59,123,-0.31954970701990315,1.003241849196165
integer_bin_reference,59,124,-0.7079323448983532,0.7136080309921987
integer_bin_reference,59,125,-0.8597298629280564,0.48232409651309716
integer_bin_reference,59,126,-0.978426446057265,0.09237103053911998
integer_bin_reference,59,127,-0.9765956799485267,-0.2970471836083153
integer_bin_reference,60,0,-0.36007902045657103,-0.9447519046347294
integer_bin_reference,60,1,-0.02661350883730732,-0.9960140048904917
integer_bin_reference,60,2,0.4135069278862894,-0.9421206505541386
integer_bin_reference,60,3,0.6832275790616925,-0.7513559870777693
integer_bin_reference,60,4,0.9113005616956604,-0.3690057172710052
integer_bin_reference,60,5,1.022714263708829,0.013340609793708878
integer_bin_reference,60,6,0.9352582060683278,0.37965135240381376
integer_bin_reference,60,7,0.7131909042875278,0.801702310684319
integer_bin_reference,60,8,0.41894328543528775,0.9128189327838276
integer_bin_reference,60,9,0.0123403097669564,1.0117489085986677
integer_bin_reference,60,10,-0.37383801026986935,0.919941001683707
integer_bin_reference,60,11,-0.7237920903184326,0.7141796453582323
integer_bin_reference,60,12,-0.9094373928347337,0.4045874011816444
integer_bin_reference,60,13,-1.0214150937592648,0.03001483904460574
integer_bin_reference,60,14,-0.9288236389873036,-0.4002561093268139
integer_bin_reference,60,15,-0.7749700363277094,-0.6651869162683034
integer_bin_reference,60,16,-0.38056182492618196,-0.8856121517161567
integer_bin_reference,60,17,-0.002296822447297509,-1.0059445263417712
integer_bin_reference,60,18,0.3929529004547499,-0.9014628365332354
integer_bin_reference,60,19,0.7024151225069534,-0.7361557805169255
integer_bin_reference,60,20,0.9191627113175401,-0.3500664959931942
integer_bin_reference,60,21,1.0387967179530941,-0.08288639954827458
integer_bin_reference,60,22,0.934039950030305,0.38746852138010107
integer_bin_reference,60,23,0.7220673956609844,0.683182309319739
integer_bin_reference,60,24,0.3460613283326985,0.8816002973109045
integer_bin_reference,60,25,-0.04486901040339476,0.9837451876009665
integer_bin_reference,60,26,-0.4288423049086612,0.8830524410291828
integer_bin_reference,60,27,-0.702213798108353,0.7530979113081804
integer_bin_reference,60,28,-0.9149762745497569,0.39655933168381424
integer_bin_reference,60,29,-1.0277013311567254,-0.004553956444704942
integer_bin_reference,60,30,-0.8892763543046649,-0.37817538591184496
integer_bin_reference,60,31,-0.7051912815644903,-0.7140130591095701
integer_bin_reference,60,32,-0.36709225590092875,-1.0024787842954874
integer_bin_reference,60,33,-0.037223631282351156,-0.9874817206455122
integer_bin_reference,60,34,0.35666457017695313,-0.885675155991715
integer_bin_reference,60,35,0.6874575599968443,-0.7386096549707949
integer_bin_reference,60,36,0.9722188427593671,-0.3565597185861847
integer_bin_reference,60,37,0.9988109135921854,0.013759535661009601
integer_bin_reference,60,38,0.9002947461483141,0.39274367397058946
integer_bin_reference,60,39,0.7047062322404191,0.6997824981154184
integer_bin_reference,60,40,0.3869378493160788,0.9358265297572306
integer_bin_reference,60,41,0.02814573698129246,1.021637126400065
integer_bin_reference,60,42,-0.38686351582575396,0.9520070178287768
integer_bin_reference,60,43,-0.7389204236400101,0.6707375454269141
integer_bin_reference,60,44,-0.8882451941392079,0.3643393936573952
integer_bin_reference,60,45,-1.056777962112681,-0.07237332563336078
integer_bin_reference,60,46,-0.921660336087683,-0.32187184807811986
integer_bin_reference,60,47,-0.688600778178101,-0.7392136715145846
integer_bin_reference,60,48,-0.40631194571075296,-0.9341035262343328
integer_bin_reference,60,49,0.022218837944737845,-1.0003557939092542
integer_bin_reference,60,50,0.3891914713745165,-0.9136769262490417
integer_bin_reference,60,51,0.7151256214339978,-0.7348701850395193
integer_bin_reference,60,52,0.9613174433516619,-0.3818774780489117
integer_bin_reference,60,53,0.9604110523638321,-0.043327863610611195
integer_bin_reference,60,54,0.8920063981043108,0.383338717263632
integer_bin_reference,60,55,0.7390021375270875,0.731800072100124
integer_bin_reference,60,56,0.40655139354482783,0.9348900419998394
integer_bin_reference,60,57,0.016984789686743596,1.0353100671245974
integer_bin_reference,60,58,-0.40793287226434577,0.9393464392372729
integer_bin_reference,60,59,-0.6837379836508998,0.7236813487228181
integer_bin_reference,60,60,-0.9458968980603396,0.3910834383978649
integer_bin_reference,60,61,-0.9843568953493345,0.006472735960460664
integer_bin_reference,60,62,-0.8822883051505119,-0.4175464386605304
integer_bin_reference,60,63,-0.7034893130052968,-0.6929051880976056
integer_bin_reference,60,64,-0.40182358656188155,-0.9505141197989065
integer_bin_reference,60,65,0.02788190930072395,-0.9521584617685337
integer_bin_reference,60,66,0.43827774439469624,-0.9603598820442352
integer_bin_reference,60,67,0.6904702813718068,-0.7122112750080468
integer_bin_reference,60,68,0.9305863470626329,-0.3589976917904111
integer_bin_reference,60,69,1.0071631152184182,0.04702648586499271
integer_bin_reference,60,70,0.9491803713624272,0.3318243673203704
integer_bin_reference,60,71,0.7418158371629542,0.6742763364869412
integer_bin_reference,60,72,0.33361629644687335,0.9231135508875051
integer_bin_reference,60,73,0.02551411534982776,0.9859627211918585
integer_bin_reference,60,74,-0.4400945451642617,0.9169514682582787
integer_bin_reference,60,75,-0.7108620741085475,0.7231904788454616
integer_bin_reference,60,76,-0.9194784699919971,0.40905098160178743
integer_bin_reference,60,77,-0.9961527873586555,0.08559948931006121
integer_bin_reference,60,78,-0.9588746891408382,-0.3632133193420798
integer_bin_reference,60,79,-0.748913147086172,-0.7067388397290175
integer_bin_reference,60,80,-0.44295458128676063,-0.9401234264877292
integer_bin_reference,60,81,-0.015129660809258353,-0.9608963086670991
integer_bin_reference,60,82,0.39153739081615996,-0.9341066004576537
integer_bin_reference,60,83,0.6761098956979014,-0.6988896371428263
integer_bin_reference,60,84,0.9436013272689233,-0.38398787615164737
integer_bin_reference,60,85,0.9977073044481282,0.02690016084559042
integer_bin_reference,60,86,0.886095800894085,0.3462563551639344
integer_bin_reference,60,87,0.6922994625970922,0.7568082118234191
integer_bin_reference,60,88,0.39753993474026245,0.9605762801490415
integer_bin_reference,60,89,0.030656690084510822,1.0159662472280444
integer_bin_reference,60,90,-0.38471306829662366,0.942714469882796
integer_bin_reference,60,91,-0.734957014528242,0.704512461308921
integer_bin_reference,60,92,-0.9793610211515317,0.4325042287069459
integer_bin_reference,60,93,-0.9972321380782248,-0.003491041470970271
integer_bin_reference,60,94,-0.9569838483623454,-0.427814437860279
integer_bin_reference,60,95,-0.6981367340998814,-0.6678325276227701
integer_bin_reference,60,96,-0.40524828962951576,-0.9297868640407067
integer_bin_reference,60,97,-0.0036918791015686362,-1.0069647989621606
integer_bin_reference,60,98,0.3413141492852511,-0.9259220032598634
integer_bin_reference,60,99,0.7155513997054641,-0.6497902678177608
integer_bin_reference,60,100,0.9160925303824868,-0.34537632101885873
integer_bin_reference,60,101,1.0143322086008428,0.01769805914566797
integer_bin_reference,60,102,0.8921254099496462,0.4106939034163188
integer_bin_reference,60,103,0.7007227621306824,0.7121560617612029
integer_bin_reference,60,104,0.36530963923420223,0.8924057719653987
integer_bin_reference,60,105,0.0040775843949397905,0.9912875420173364
integer_bin_reference,60,106,-0.35004219798601577,0.924030639276528
integer_bin_reference,60,107,-0.7015848165489396,0.7253884260192531
integer_bin_reference,60,108,-0.8798950215513682,0.34230774648911394
integer_bin_reference,60,109,-1.0032493907617022,-0.014921481469385454
integer_bin_reference,60,110,-0.9059826315266205,-0.347326581940366
integer_bin_reference,60,111,-0.7338230900911,-0.7263017743732557
integer_bin_reference,60,112,-0.33177166289575394,-0.9855277271427878
integer_bin_reference,60,113,-0.025368998071483857,-1.0059348168365936
integer_bin_reference,60,114,0.37433103452545685,-0.9354727778911133
integer_bin_reference,60,115,0.7188282223264026,-0.7446160987876295
integer_bin_reference,60,116,0.9184341175247572,-0.33810421079425956
integer_bin_reference,60,117,1.0383107322296752,0.04067824981989648
integer_bin_reference,60,118,0.9086163674783672,0.41883759116754765
integer_bin_reference,60,119,0.710185537736922,0.7013725623376446
integer_bin_reference,60,120,0.4177399222002564,0.9088391161596491
integer_bin_reference,60,121,0.04437874826411763,1.00325291790666
integer_bin_reference,60,122,-0.3271105313074938,0.946382325561657
integer_bin_reference,60,123,-0.7030437963229687,0.7363666200859262
integer_bin_reference,60,124,-0.9009614180492667,0.34583799619350586
integer_bin_reference,60,125,-0.971344689112963,0.008607103387354395
integer_bin_reference,60,126,-0.9115590303922011,-0.36326963454687644
integer_bin_reference,60,127,-0.673925147074059,-0.7240350088546906
integer_bin_reference,61,0,0.1100934722784931,-0.9801035180510905
integer_bin_reference,61,1,0.42586132846004576,-0.8712311384281369
integer_bin_reference,61,2,0.754077078381765,-0.6294494507973332
integer_bin_reference,61,3,0.9874452223499175,-0.28189785205542356
integer_bin_reference,61,4,1.0706727051630573,0.13489507253942773
integer_bin_reference,61,5,0.8574062362793267,0.45159943038534267
integer_bin_reference,61,6,0.6769825596438748,0.7681611512532829
integer_bin_reference,61,7,0.2662157397486312,0.9398119522024518
integer_bin_reference,61,8,-0.11810856693401113,1.0148587813563645
integer_bin_reference,61,9,-0.45891753486336656,0.857589304251589
integer_bin_reference,61,10,-0.78260387681855,0.6616035589655804
integer_bin_reference,61,11,-0.9638078391278928,0.28994332625083685
integer_bin_reference,61,12,-0.9460288490530913,-0.10798856565732197
integer_bin_reference,61,13,-0.9289564566530839,-0.46967012792570895
integer_bin_reference,61,14,-0.6552445208525499,-0.7608728768467949
integer_bin_reference,61,15,-0.3428038242553283,-0.9955460298627825
integer_bin_reference,61,16,0.08844701047330732,-1.0044718403273862
integer_bin_reference,61,17,0.4619804239358307,-0.92605642537324
integer_bin_reference,61,18,0.8067298814993769,-0.5944835774057942
integer_bin_reference,61,19,0.9159859339948433,-0.2874719601066991
integer_bin_reference,61,20,1.011302685052815,0.11343883249787946
integer_bin_reference,61,21,0.9084062813384642,0.5132164404900524
integer_bin_reference,61,22,0.6603826085669878,0.7974201994292269
integer_bin_reference,61,23,0.2703209988531125,0.9740097464185307
integer_bin_reference,61,24,-0.06974545186234035,0.9826036124594564
integer_bin_reference,61,25,-0.4352928114779032,0.8114504912176803
integer_bin_reference,61,26,-0.7454749151530332,0.6979631123342677
integer_bin_reference,61,27,-0.9925284124164921,0.2824759145274178
integer_bin_reference,61,28,-0.9878211877233934,-0.06612825148109566
integer_bin_reference,61,29,-0.8652527446729827,-0.4797154515930832
integer_bin_reference,61,30,-0.6679728746070598,-0.7783543927870976
integer_bin_reference,61,31,-0.29617949317427905,-0.9181971207917722
integer_bin_reference,61,32,0.08324850950011112,-0.9538635105247725
integer_bin_reference,61,33,0.43474928155575354,-0.8863586431084769
integer_bin_reference,61,34,0.6989397895718164,-0.5705874498977455
integer_bin_reference,61,35,1.0063015853714368,-0.2432034330387643
integer_bin_reference,61,36,1.040017774647648,0.15533196591114717
integer_bin_reference,61,37,0.8890026698736483,0.49916305824495694
integer_bin_reference,61,38,0.6448096966942319,0.7372858626212037
integer_bin_reference,61,39,0.30066698238598727,0.943115067873205
integer_bin_reference,61,40,-0.11524860117235584,1.0181037798569368
integer_bin_reference,61,41,-0.46972048993600984,0.9205271888788603
integer_bin_reference,61,42,-0.7312464273236021,0.6499749335298606
integer_bin_reference,61,43,-0.9114511836567075,0.2703679702900128
integer_bin_reference,61,44,-1.0225946311541765,-0.035586414193206996
integer_bin_reference,61,45,-0.9247202698651631,-0.4755375925635895
integer_bin_reference,61,46,-0.6372449705297324,-0.8037083526703195
integer_bin_reference,61,47,-0.33011340633453523,-0.9241928414155484
integer_bin_reference,61,48,0.11009323298590924,-0.9907417129587894
integer_bin_reference,61,49,0.4506701657253891,-0.9032377886717226
integer_bin_reference,61,50,0.7388423947754541,-0.5934307564644526
integer_bin_reference,61,51,0.8984944878246848,-0.24423813977880565
integer_bin_reference,61,52,0.9946273139803778,0.08950791772494918
integer_bin_reference,61,53,0.9199935210201193,0.47976724366672596
integer_bin_reference,61,54,0.5718941122267993,0.7483512296180816
integer_bin_reference,61,55,0.2982118325150933,0.9447572009646702
integer_bin_reference,61,56,-0.0718522953940727,0.9235531830418774
integer_bin_reference,61,57,-0.4392885962809453,0.840733154057245
integer_bin_reference,61,58,-0.7921344860342566,0.6581568342345363
integer_bin_reference,61,59,-0.9492437823029817,0.2959802242218818
integer_bin_reference,61,60,-0.9718860115888305,-0.0533615505601561
integer_bin_reference,61,61,-0.8572141105303265,-0.47416687978910216
integer_bin_reference,61,62,-0.62792310980722,-0.7903792860768801
integer_bin_reference,61,63,-0.2968908101325488,-0.9872287621552308
integer_bin_reference,61,64,0.06762556770510014,-0.9904641533750016
integer_bin_reference,61,65,0.4724957905817706,-0.8718990640177386
integer_bin_reference,61,66,0.7853582653259098,-0.5618183481076227
integer_bin_reference,61,67,0.9792394381820431,-0.3205594030705481
integer_bin_reference,61,68,1.007413519150338,0.1271354541655221
integer_bin_reference,61,69,0.9025341808871409,0.45759192620263067
integer_bin_reference,61,70,0.6423666692088064,0.7647695394840817
integer_bin_reference,61,71,0.2912916528007905,0.9492343013090319
integer_bin_reference,61,72,-0.057836123633177326,1.0171470205921556
integer_bin_reference,61,73,-0.4778213009063874,0.8587890946660354
integer_bin_reference,61,74,-0.732134475635595,0.6195519957683784
integer_bin_reference,61,75,-0.9059155323807956,0.2988496438978893
integer_bin_reference,61,76,-1.0078863476386668,-0.058894353402571584
integer_bin_reference,61,77,-0.8825730891294917,-0.5044600853289435
integer_bin_reference,61,78,-0.636562611026992,-0.8062986906352516
integer_bin_reference,61,79,-0.2880777073586254,-0.9629083558586297
integer_bin_reference,61,80,0.08099382388195954,-1.0029834918767302
integer_bin_reference,61,81,0.4886134491959523,-0.925545371559135
integer_bin_reference,61,82,0.7820207105773709,-0.6557950871357995
integer_bin_reference,61,83,0.9721458642511617,-0.34760991842283717
integer_bin_reference,61,84,1.0389768881616555,0.10351433975638226
integer_bin_reference,61,85,0.8196944375641864,0.46745511151399144
integer_bin_reference,61,86,0.6650446927407458,0.7645874401241334
integer_bin_reference,61,87,0.29430761340019573,0.982865533837419
integer_bin_reference,61,88,-0.08113773053600033,0.9820549565679474
integer_bin_reference,61,89,-0.49547196831256407,0.8408180780193094
integer_bin_reference,61,90,-0.8039030159661696,0.6374407077444377
integer_bin_reference,61,91,-0.9383112980883831,0.3206249875685372
integer_bin_reference,61,92,-0.9800624878313459,-0.11232992065090026
integer_bin_reference,61,93,-0.8538742445954675,-0.44387119196148
integer_bin_reference,61,94,-0.6013553738064332,-0.7055981219093417
integer_bin_reference,61,95,-0.23026684110422554,-0.947139286109614
integer_bin_reference,61,96,0.042762447587237865,-1.0410727288973174
integer_bin_reference,61,97,0.5054169006311721,-0.8835704231501879
integer_bin_reference,61,98,0.8227306888666549,-0.6518468211044334
integer_bin_reference,61,99,0.9053136497831904,-0.3089700200903963
integer_bin_reference,61,100,0.9962818361888689,0.1424321514478743
integer_bin_reference,61,101,0.8875197213377148,0.46306330456310496
integer_bin_reference,61,102,0.6877508775361975,0.8109321741782827
integer_bin_reference,61,103,0.26932517148181256,1.0217845124764189
integer_bin_reference,61,104,-0.14127771590695992,1.022982789103614
integer_bin_reference,61,105,-0.4657432557039674,0.871709672075826
integer_bin_reference,61,106,-0.7777016892695976,0.6437257815598816
integer_bin_reference,61,107,-0.9688911774145329,0.31147051963251043
integer_bin_reference,61,108,-0.9730794715606044,-0.12324468545435152
integer_bin_reference,61,109,-0.9000851373797392,-0.4625927073084346
integer_bin_reference,61,110,-0.6243215453361164,-0.7270382905911678
integer_bin_reference,61,111,-0.23916355773852638,-0.9883504779479346
integer_bin_reference,61,112,0.14723887658346635,-0.9426058097259379
integer_bin_reference,61,113,0.4791278696567957,-0.9029709519599067
integer_bin_reference,61,114,0.7537267604527685,-0.578035613325728
integer_bin_reference,61,115,0.9556240487761446,-0.2644726310528586
integer_bin_reference,61,116,1.0402024064144695,0.11783315063613582
integer_bin_reference,61,117,0.8768500490279727,0.5038116513447655
integer_bin_reference,61,118,0.6853552374569208,0.7570831052621336
integer_bin_reference,61,119,0.2639514715735462,0.9663943357713419
integer_bin_reference,61,120,-0.06735485453309492,1.0341052556798935
integer_bin_reference,61,121,-0.4478005010293453,0.8429428926384587
integer_bin_reference,61,122,-0.7695644977679746,0.6642114628298739
integer_bin_reference,61,123,-0.9689874868107344,0.30581967949824845
integer_bin_reference,61,124,-1.030320316304345,-0.09117775037859902
integer_bin_reference,61,125,-0.8839064722068399,-0.442608023343293
integer_bin_reference,61,126,-0.6217829593599375,-0.6972360468111912
integer_bin_reference,61,127,-0.34449806180331877,-0.9697750139594603
integer_bin_reference,62,0,0.588951014348938,-0.8483171849061086
integer_bin_reference,62,1,0.837082222386186,-0.5247186717399034
integer_bin_reference,62,2,1.0044622320767362,-0.21336798115872013
integer_bin_reference,62,3,0.9337114947724198,0.20442443721691764
integer_bin_reference,62,4,0.806334642133674,0.559137467826769
integer_bin_reference,62,5,0.5433323377171891,0.8408486501829465
integer_bin_reference,62,6,0.20541452660287787,0.9939258235597042
integer_bin_reference,62,7,-0.21840218495491426,1.012790130382246
integer_bin_reference,62,8,-0.5677860577730612,0.7855126270396071
integer_bin_reference,62,9,-0.9190273539143565,0.5429748563760862
integer_bin_reference,62,10,-0.9989327687947319,0.19735714654363384
integer_bin_reference,62,11,-0.9793938962363997,-0.1833972487407085
integer_bin_reference,62,12,-0.8615230841522508,-0.5820276216263802
integer_bin_reference,62,13,-0.5036380412479605,-0.7569228750264537
integer_bin_reference,62,14,-0.17058782855165758,-0.979586669376958
integer_bin_reference,62,15,0.20203613762295963,-1.006696567763279
integer_bin_reference,62,16,0.5580457764176736,-0.8103654803297734
integer_bin_reference,62,17,0.8659455355459889,-0.5739769924122116
integer_bin_reference,62,18,1.0335137679372683,-0.23189363679542624
integer_bin_reference,62,19,1.0562347459224164,0.2385083895018586
integer_bin_reference,62,20,0.8235801954247118,0.568441549697404
integer_bin_reference,62,21,0.5512830084415692,0.838349425638469
integer_bin_reference,62,22,0.1634547560036959,0.9684725252984082
integer_bin_reference,62,23,-0.22916827271641682,0.9907917403686687
integer_bin_reference,62,24,-0.5370463111655217,0.8578792393561783
integer_bin_reference,62,25,-0.8049264203193156,0.575720023767318
integer_bin_reference,62,26,-1.0229132270375638,0.18552427515151945
integer_bin_reference,62,27,-0.9702220996005165,-0.15663752557832378
integer_bin_reference,62,28,-0.8104325608890267,-0.5819831675212372
integer_bin_reference,62,29,-0.5729550781402717,-0.778357306602627
integer_bin_reference,62,30,-0.20301572774438773,-1.0085508921880721
integer_bin_reference,62,31,0.2322795718031142,-0.9832096126886842
integer_bin_reference,62,32,0.5092556029663143,-0.7993126421958795
integer_bin_reference,62,33,0.8889013289230084,-0.5614317146273552
integer_bin_reference,62,34,0.9831446268220977,-0.20788739803607745
integer_bin_reference,62,35,1.0281092065325432,0.23297563466158097
integer_bin_reference,62,36,0.8084333140291058,0.5540101133325156
integer_bin_reference,62,37,0.5951151614640214,0.813285003936857
integer_bin_reference,62,38,0.20649458612062288,1.0721188536894881
integer_bin_reference,62,39,-0.1865590043129759,0.9430856089977406
integer_bin_reference,62,40,-0.5616372886887186,0.7902284551948797
integer_bin_reference,62,41,-0.8641946961548321,0.5857464942401251
integer_bin_reference,62,42,-0.9628880169594943,0.21816284957068327
integer_bin_reference,62,43,-0.9889599560382842,-0.16185185769622917
integer_bin_reference,62,44,-0.8542159809438588,-0.6045777420485314
integer_bin_reference,62,45,-0.6005149419337199,-0.8287073575735767
integer_bin_reference,62,46,-0.18440837190874637,-0.99790711737065
integer_bin_reference,62,47,0.18329212472448292,-0.9933783756051547
integer_bin_reference,62,48,0.5913302525225379,-0.8323527698485954
integer_bin_reference,62,49,0.8349688517194102,-0.5495351536465041
integer_bin_reference,62,50,1.0170060985714675,-0.19936128023785052
integer_bin_reference,62,51,0.9567205475200042,0.19840051106749043
integer_bin_reference,62,52,0.8418587391966887,0.5740787767422728
integer_bin_reference,62,53,0.5695974611383968,0.88707988332314
integer_bin_reference,62,54,0.18863750743376317,0.9726555154311232
integer_bin_reference,62,55,-0.21469449428908277,0.9773937147925249
integer_bin_reference,62,56,-0.5427637769580581,0.8181335446729425
integer_bin_reference,62,57,-0.7976685676087452,0.5367008799894559
integer_bin_reference,62,58,-1.0387868916311316,0.14132929066551203
integer_bin_reference,62,59,-0.9377383594239632,-0.21008108394673092
integer_bin_reference,62,60,-0.8767222476039092,-0.5455749479961225
integer_bin_reference,62,61,-0.5156710562724647,-0.9053429960618972
integer_bin_reference,62,62,-0.22397507000596223,-0.9090312481624443
integer_bin_reference,62,63,0.20433008913355596,-0.963065578170067
integer_bin_reference,62,64,0.5883996183092445,-0.8432300146208263
integer_bin_reference,62,65,0.8380432275913453,-0.6106051104498069
integer_bin_reference,62,66,1.0115878880032276,-0.21127972775400722
integer_bin_reference,62,67,0.8916938189617821,0.1947832660633123
integer_bin_reference,62,68,0.8863907520693473,0.5754314066559008
integer_bin_reference,62,69,0.6028282487503216,0.8475384583651663
integer_bin_reference,62,70,0.20500230092473426,1.0042412676722268
integer_bin_reference,62,71,-0.1317508612854196,0.9359111056493247
integer_bin_reference,62,72,-0.5334160910606607,0.8470666227106934
integer_bin_reference,62,73,-0.8705098277583297,0.5437019955310198
integer_bin_reference,62,74,-0.981073520126778,0.19669382933496968
integer_bin_reference,62,75,-0.9814632959410533,-0.20863421864159434
integer_bin_reference,62,76,-0.8793966431085285,-0.5456249671553259
integer_bin_reference,62,77,-0.5516808072741567,-0.8038925895324511
integer_bin_reference,62,78,-0.1339757663326951,-0.9555344646814978
integer_bin_reference,62,79,0.21234016199065578,-0.9484972149908668
integer_bin_reference,62,80,0.5618889926606554,-0.79324095612937
integer_bin_reference,62,81,0.8719102712762115,-0.5333214630798501
integer_bin_reference,62,82,1.0567390316593643,-0.19333604452688594
integer_bin_reference,62,83,0.9934472036781338,0.20641866893085936
integer_bin_reference,62,84,0.7969591331588098,0.5614154925545888
integer_bin_reference,62,85,0.558965730571176,0.8199642557145758
integer_bin_reference,62,86,0.2056488303225106,0.9843440944534009
integer_bin_reference,62,87,-0.14337334237594548,1.0037801631664596
integer_bin_reference,62,88,-0.5900329756412406,0.8294589559906554
integer_bin_reference,62,89,-0.8080372545220105,0.5732271741458606
integer_bin_reference,62,90,-1.009733486537205,0.2354859290238859
integer_bin_reference,62,91,-1.0058085808102295,-0.14851476867694216
integer_bin_reference,62,92,-0.8533458704723287,-0.5454273214490218
integer_bin_reference,62,93,-0.514092718393467,-0.8138250283327679
integer_bin_reference,62,94,-0.16487077856923418,-0.9838127163722781
integer_bin_reference,62,95,0.17490791148631332,-0.9437614536344389
integer_bin_reference,62,96,0.5708529110718424,-0.8541132441927102
integer_bin_reference,62,97,0.8376135567126515,-0.5370910585481034
integer_bin_reference,62,98,0.9618215407535821,-0.1566102602582214
integer_bin_reference,62,99,1.0007044958335094,0.1340037083853711
integer_bin_reference,62,100,0.8174247842236908,0.5284927930275141
integer_bin_reference,62,101,0.5486771760898733,0.8552774374541828
integer_bin_reference,62,102,0.174729808090077,1.0060265046880394
integer_bin_reference,62,103,-0.20343488675433286,0.9973391425007978
integer_bin_reference,62,104,-0.5668655900729551,0.8403210720754031
integer_bin_reference,62,105,-0.8379330966691326,0.5556215449328035
integer_bin_reference,62,106,-1.0167350550807217,0.16792689970258284
integer_bin_reference,62,107,-1.0157087753871632,-0.2193904528240285
integer_bin_reference,62,108,-0.8513062243050412,-0.5520307964057216
integer_bin_reference,62,109,-0.5873593439414238,-0.8015691242204596
integer_bin_reference,62,110,-0.2025732476038511,-0.9984647054439992
integer_bin_reference,62,111,0.19239792709925746,-0.9659729263963318
integer_bin_reference,62,112,0.5712984879969445,-0.7646005103335497
integer_bin_reference,62,113,0.8178141562526812,-0.5542287446760511
integer_bin_reference,62,114,0.9741193046273938,-0.239148041547348
integer_bin_reference,62,115,1.0044176855944649,0.20603353433158203
integer_bin_reference,62,116,0.8076297744625321,0.550879954686701
integer_bin_reference,62,117,0.5018115065050999,0.8331493983526579
integer_bin_reference,62,118,0.20167661579235474,0.9777299063039306
integer_bin_reference,62,119,-0.16773519616822802,1.0243631417876606
integer_bin_reference,62,120,-0.5490399370123887,0.8303523005987482
integer_bin_reference,62,121,-0.8295807649646451,0.5602259054751297
integer_bin_reference,62,122,-0.9825570741529004,0.1974111450906217
integer_bin_reference,62,123,-0.946266189431098,-0.1467105600766348
integer_bin_reference,62,124,-0.8453281617880558,-0.4778406392711799
integer_bin_reference,62,125,-0.5465336216129564,-0.8289756982640307
integer_bin_reference,62,126,-0.17262112340832828,-0.9471412688898964
integer_bin_reference,62,127,0.18703045913994468,-1.0259075399831485
integer_bin_reference,63,0,0.8366721921119145,-0.4853359165372871
integer_bin_reference,63,1,0.962343272995145,-0.05271219209292222
integer_bin_reference,63,2,0.936731292751395,0.3120726621032186
integer_bin_reference,63,3,0.8119535119330336,0.5630899727691401
integer_bin_reference,63,4,0.4350849614213888,0.8946831167457384
integer_bin_reference,63,5,0.1072956765705248,0.9525123010613301
integer_bin_reference,63,6,-0.2919980546086771,0.9636229307419332
integer_bin_reference,63,7,-0.6662481872065168,0.753897542715898
integer_bin_reference,63,8,-0.8164591272873473,0.4944155693144683
integer_bin_reference,63,9,-0.9900189261714668,0.10303952393115409
integer_bin_reference,63,10,-0.9425982744289038,-0.27532166401690594
integer_bin_reference,63,11,-0.7913293607094414,-0.5857937441361696
integer_bin_reference,63,12,-0.4663190792524757,-0.8805873290040086
integer_bin_reference,63,13,-0.03164001259825093,-0.984121345505762
integer_bin_reference,63,14,0.2507841382891503,-0.9687033312166131
integer_bin_reference,63,15,0.62360906794012,-0.7849996496887748
integer_bin_reference,63,16,0.8630232803828384,-0.4784041818270114
integer_bin_reference,63,17,1.0413152845220468,-0.11501349917892052
integer_bin_reference,63,18,0.9540240059423865,0.2924972252920179
integer_bin_reference,63,19,0.8346682565334828,0.6268332165885082
integer_bin_reference,63,20,0.5073686816103966,0.9531855518430397
integer_bin_reference,63,21,0.125631110531462,0.9983617588085913
integer_bin_reference,63,22,-0.3311883767484166,0.9363190341580059
integer_bin_reference,63,23,-0.6971664806837401,0.7603323231633191
integer_bin_reference,63,24,-0.9171282590014992,0.4623955012788957
integer_bin_reference,63,25,-0.998813874450318,0.10041878606530735
integer_bin_reference,63,26,-0.954847754164416,-0.3371268089860893
integer_bin_reference,63,27,-0.7412814889863764,-0.631362806053116
integer_bin_reference,63,28,-0.482218738313906,-0.8591210715635846
integer_bin_reference,63,29,-0.09786883311475063,-1.0050915754744025
integer_bin_reference,63,30,0.29886538915672484,-0.937116256160932
integer_bin_reference,63,31,0.647491381598525,-0.7608540111579034
integer_bin_reference,63,32,0.8977794108053886,-0.4113537947580612
integer_bin_reference,63,33,0.9735027849078207,-0.09843849658781395
integer_bin_reference,63,34,0.9664116437510486,0.31918529757186576
integer_bin_reference,63,35,0.7964819102611842,0.6826703381612778
integer_bin_reference,63,36,0.46375096450496833,0.8595321012919965
integer_bin_reference,63,37,0.13133573454051634,0.986649329388122
integer_bin_reference,63,38,-0.2864985852315703,0.9972301640360892
integer_bin_reference,63,39,-0.6761754753846524,0.7577718201281914
integer_bin_reference,63,40,-0.8927229554049348,0.46264514879673324
integer_bin_reference,63,41,-1.006618704746739,0.093899049138045
integer_bin_reference,63,42,-0.9622218176600621,-0.25665203180260937
integer_bin_reference,63,43,-0.8024683535404113,-0.6047813566296445
integer_bin_reference,63,44,-0.4458838430580897,-0.8149683773251708
integer_bin_reference,63,45,-0.07245573783254637,-0.9711984352254149
integer_bin_reference,63,46,0.23576571134736474,-0.9712345616365139
integer_bin_reference,63,47,0.6513414886250407,-0.8027266760510939
integer_bin_reference,63,48,0.9174793118620007,-0.47461083758393063
integer_bin_reference,63,49,0.9582399268723844,-0.09241091219031308
integer_bin_reference,63,50,0.9437653694910488,0.26249998960167403
integer_bin_reference,63,51,0.7576462138470373,0.5920664383084022
integer_bin_reference,63,52,0.5068213922187359,0.8766910392024851
integer_bin_reference,63,53,0.12735283502701866,1.0116386135379891
integer_bin_reference,63,54,-0.24702634482594998,0.9633763069358734
integer_bin_reference,63,55,-0.5878663676495902,0.7984867534564695
integer_bin_reference,63,56,-0.9004462955623856,0.5101731133563288
integer_bin_reference,63,57,-1.0089023881183483,0.08367646127099358
integer_bin_reference,63,58,-0.92940880620596,-0.302333815142526
integer_bin_reference,63,59,-0.7678653491835976,-0.6315606890618325
integer_bin_reference,63,60,-0.4444894773803167,-0.8906560115009932
integer_bin_reference,63,61,-0.12065796270573823,-0.9920875930770915
integer_bin_reference,63,62,0.2560318933071959,-0.9477291210581935
integer_bin_reference,63,63,0.6551401726529822,-0.7920429632355771
integer_bin_reference,63,64,0.8152720751976654,-0.4729437992994714
integer_bin_reference,63,65,1.0048448053807575,-0.094726851143056
integer_bin_reference,63,66,0.9329959276491925,0.30553921855099425
integer_bin_reference,63,67,0.8059159291394241,0.6626503433440567
integer_bin_reference,63,68,0.4324021353407547,0.8956988053788498
integer_bin_reference,63,69,0.06042546033015938,0.9964429818998287
integer_bin_reference,63,70,-0.2170381053690431,0.9569752170306483
integer_bin_reference,63,71,-0.641145347216566,0.7880414089897664
integer_bin_reference,63,72,-0.9302509255963602,0.5109808038268435
integer_bin_reference,63,73,-0.9741254240369535,0.07438687718518072
integer_bin_reference,63,74,-0.9729048543007818,-0.2798036441274045
integer_bin_reference,63,75,-0.7287645517405532,-0.5969324056050701
integer_bin_reference,63,76,-0.46558522341437464,-0.8978328801637583
integer_bin_reference,63,77,-0.07889941943914229,-0.9928570621079305
integer_bin_reference,63,78,0.2884873880148271,-0.9800269883230497
integer_bin_reference,63,79,0.6509667263964108,-0.7444671514177047
integer_bin_reference,63,80,0.9249051242456847,-0.4897534607743145
integer_bin_reference,63,81,0.9575093636207912,-0.07984915534138086
integer_bin_reference,63,82,0.9179287076535,0.29840911390157854
integer_bin_reference,63,83,0.8111570730318508,0.68227427478378
integer_bin_reference,63,84,0.4381334498506383,0.8804989636889139
integer_bin_reference,63,85,0.12329030182655402,1.0073923132808025
integer_bin_reference,63,86,-0.2763394967437276,0.9910119965382299
integer_bin_reference,63,87,-0.6932041509796281,0.702511053321049
integer_bin_reference,63,88,-0.948784567492459,0.45339953525108845
integer_bin_reference,63,89,-1.0167244030770075,0.13097737745149082
integer_bin_reference,63,90,-0.9534957858755578,-0.29081649208342547
integer_bin_reference,63,91,-0.7249816320982196,-0.6270802807846338
integer_bin_reference,63,92,-0.49521149709078427,-0.8604991005625809
integer_bin_reference,63,93,-0.08666488431890361,-0.9727898965575172
integer_bin_reference,63,94,0.29132649903877833,-0.9218058838780471
integer_bin_reference,63,95,0.6215837389358971,-0.7958020536094738
integer_bin_reference,63,96,0.960104167977939,-0.4529395352915914
integer_bin_reference,63,97,0.8920906595390021,-0.08666759177643064
integer_bin_reference,63,98,0.9749543931571606,0.23357049504820968
integer_bin_reference,63,99,0.7231951695933212,0.6575509650394026
integer_bin_reference,63,100,0.5295622528882998,0.8872386134238511
integer_bin_reference,63,101,0.13153551517921094,0.9852670451361305
integer_bin_reference,63,102,-0.3070539727010093,0.9775598390093553
integer_bin_reference,63,103,-0.6485590136744701,0.786911845585205
integer_bin_reference,63,104,-0.8881486035719439,0.48567690195834495
integer_bin_reference,63,105,-0.9870108561118307,0.1156129981061955
integer_bin_reference,63,106,-0.9217135287431866,-0.2828823421785669
integer_bin_reference,63,107,-0.7708417710344563,-0.6412161836231035
integer_bin_reference,63,108,-0.4244780924526822,-0.8582004934471648
integer_bin_reference,63,109,-0.1277799162672532,-0.9383679618236413
integer_bin_reference,63,110,0.29320285634481363,-0.8912820050511142
integer_bin_reference,63,111,0.6298633607825314,-0.7981386493645974
integer_bin_reference,63,112,0.8716677080528872,-0.4976688594318844
integer_bin_reference,63,113,0.9976743331393003,-0.12034653625013
integer_bin_reference,63,114,0.9592314998054152,0.3054073993694314
integer_bin_reference,63,115,0.804952033031383,0.5866838486912834
integer_bin_reference,63,116,0.4330014394452474,0.8433742074168973
integer_bin_reference,63,117,0.1307024147410977,0.9483750818927364
integer_bin_reference,63,118,-0.3106594319570497,0.9080887616284827
integer_bin_reference,63,119,-0.619332728426622,0.7750569987155377
integer_bin_reference,63,120,-0.9151229673471516,0.4659784514367224
integer_bin_reference,63,121,-1.0040495127927485,0.09403502443697566
integer_bin_reference,63,122,-0.949871234277119,-0.24990916850078118
integer_bin_reference,63,123,-0.7558019491837894,-0.596066880578747
integer_bin_reference,63,124,-0.5097359903111214,-0.890224760925504
integer_bin_reference,63,125,-0.1076382747613138,-1.0413929758703049
integer_bin_reference,63,126,0.2891715870822016,-0.9277495945653615
integer_bin_reference,63,127,0.5982121790724756,-0.8234159752003746
