scenario,chirp_m,sample_n,i,q
noninteger_bin_demo,0,0,1.045537706091406,-0.034675666560504644
noninteger_bin_demo,0,1,0.8789712218860213,0.3835641218790294
noninteger_bin_demo,0,2,0.7063033051038182,0.7347649705513277
noninteger_bin_demo,0,3,0.32872870811292765,0.9598155379496995
noninteger_bin_demo,0,4,-0.056225337728196684,1.0222537020320497
noninteger_bin_demo,0,5,-0.45967316392249374,0.8856818903677933
noninteger_bin_demo,0,6,-0.7681459615607635,0.6364554642375512
noninteger_bin_demo,0,7,-1.0169071215183516,0.25077292445154475
noninteger_bin_demo,0,8,-1.0266441523923782,-0.14912699633777535
noninteger_bin_demo,0,9,-0.7860113619992452,-0.4781816847043599
noninteger_bin_demo,0,10,-0.551374506174154,-0.779841068377856
noninteger_bin_demo,0,11,-0.2606726041574057,-0.9570758629182149
noninteger_bin_demo,0,12,0.22920489607015238,-0.9850846391336882
noninteger_bin_demo,0,13,0.5779631033084437,-0.7965001548781971
noninteger_bin_demo,0,14,0.8346153922227388,-0.4968282551253557
noninteger_bin_demo,0,15,0.982759616391197,-0.19216473333594275
noninteger_bin_demo,0,16,0.9444731094118471,0.23293171751806557
noninteger_bin_demo,0,17,0.8063519183768422,0.6651998599815205
noninteger_bin_demo,0,18,0.5221790644636101,0.8734962035467736
noninteger_bin_demo,0,19,0.0634453690518659,1.001135660138472
noninteger_bin_demo,0,20,-0.3862397295152566,1.0058172081114405
noninteger_bin_demo,0,21,-0.6801271085359349,0.6971456405444197
noninteger_bin_demo,0,22,-0.9658110042871988,0.3434522614610912
noninteger_bin_demo,0,23,-0.9679578924531546,-0.004365845073922621
noninteger_bin_demo,0,24,-0.9746125031670776,-0.43242681401269956
noninteger_bin_demo,0,25,-0.6692843956059256,-0.7233640745717146
noninteger_bin_demo,0,26,-0.3591496534590707,-0.9559492657764687
noninteger_bin_demo,0,27,0.046757990831278844,-0.9971650020538776
noninteger_bin_demo,0,28,0.4664584486379817,-0.9109405418678529
noninteger_bin_demo,0,29,0.7724122596181624,-0.6660995301636494
noninteger_bin_demo,0,30,0.9742241776467049,-0.21941393481807397
noninteger_bin_demo,0,31,0.9800934474052572,0.12160808701801454
noninteger_bin_demo,0,32,0.8864645242803719,0.5299344334435236
noninteger_bin_demo,0,33,0.5831251811199113,0.8108072595968225
noninteger_bin_demo,0,34,0.16583096430442643,0.9171795685260267
noninteger_bin_demo,0,35,-0.1611618076162506,0.9160856145999157
noninteger_bin_demo,0,36,-0.5214659752863892,0.8076909091389382
noninteger_bin_demo,0,37,-0.8678189402235844,0.5411749682925894
noninteger_bin_demo,0,38,-1.0199934219375382,0.0781038699556596
noninteger_bin_demo,0,39,-0.9045153958308547,-0.23853505778907585
noninteger_bin_demo,0,40,-0.743020603812535,-0.6175247313030208
noninteger_bin_demo,0,41,-0.5225871329917939,-0.8297028673635689
noninteger_bin_demo,0,42,-0.09885837281678639,-0.9314135736678585
noninteger_bin_demo,0,43,0.3171257471445299,-0.9133257651344562
noninteger_bin_demo,0,44,0.67061679435833,-0.7262311982498306
noninteger_bin_demo,0,45,0.924004848475389,-0.39546373481307806
noninteger_bin_demo,0,46,0.996700907397492,-0.036576547546561394
noninteger_bin_demo,0,47,0.8886267063069594,0.44074218870297477
noninteger_bin_demo,0,48,0.680327662106541,0.7076122811706022
noninteger_bin_demo,0,49,0.3222955158442492,0.9875372079789105
noninteger_bin_demo,0,50,-0.08032655673439329,1.0278268091158482
noninteger_bin_demo,0,51,-0.49181944925629806,0.9019053281334655
noninteger_bin_demo,0,52,-0.7465637621287903,0.6232600807459685
noninteger_bin_demo,0,53,-0.9783040268614468,0.2543904937332806
noninteger_bin_demo,0,54,-0.999454980564456,-0.14590559674111528
noninteger_bin_demo,0,55,-0.851191268249751,-0.5057899627179434
noninteger_bin_demo,0,56,-0.6047293856035418,-0.8632796549955204
noninteger_bin_demo,0,57,-0.22292106082277702,-1.0091833211324523
noninteger_bin_demo,0,58,0.20543125614882066,-0.909753201325318
noninteger_bin_demo,0,59,0.5935749117331126,-0.8101140251027711
noninteger_bin_demo,0,60,0.8114778838790241,-0.5154102351533608
noninteger_bin_demo,0,61,0.9728190662027759,-0.1389094927007678
noninteger_bin_demo,0,62,0.9515417332408294,0.23110462107210022
noninteger_bin_demo,0,63,0.7444083812403672,0.695174582694732
noninteger_bin_demo,0,64,0.4032906761115989,0.8835477544724875
noninteger_bin_demo,0,65,0.04873343612657738,1.013495431365321
noninteger_bin_demo,0,66,-0.33703624473734,0.9425156932292775
noninteger_bin_demo,0,67,-0.6469916110703691,0.7194361678653195
noninteger_bin_demo,0,68,-0.9216726024748855,0.4091594183025301
noninteger_bin_demo,0,69,-0.971345120207277,0.03250755785310473
noninteger_bin_demo,0,70,-0.9104015502599584,-0.4245029303509669
noninteger_bin_demo,0,71,-0.6268112241971847,-0.7176135913428036
noninteger_bin_demo,0,72,-0.2869395477669624,-0.9139804813974222
noninteger_bin_demo,0,73,0.061853917377252036,-0.9571377028915419
noninteger_bin_demo,0,74,0.46334981651716145,-0.8614066181959827
noninteger_bin_demo,0,75,0.765187138527674,-0.5626199807637978
noninteger_bin_demo,0,76,0.9695457121105598,-0.26622948158492643
noninteger_bin_demo,0,77,0.9535142070250567,0.19304644392391995
noninteger_bin_demo,0,78,0.8481164426717659,0.543301017209817
noninteger_bin_demo,0,79,0.5592733326761916,0.7872517622581193
noninteger_bin_demo,0,80,0.18913434829822542,0.9598689783737675
noninteger_bin_demo,0,81,-0.2100837861300266,0.998782895988246
noninteger_bin_demo,0,82,-0.6152774219526578,0.821015617800639
noninteger_bin_demo,0,83,-0.8558370857339573,0.47712410118518855
noninteger_bin_demo,0,84,-0.9736315062159233,0.1011393955498762
noninteger_bin_demo,0,85,-1.0102167242839182,-0.22771941214102942
noninteger_bin_demo,0,86,-0.7640437872528133,-0.6504071892098825
noninteger_bin_demo,0,87,-0.4826077511054074,-0.9232448675463669
noninteger_bin_demo,0,88,-0.006509583337408399,-0.9814090959921671
noninteger_bin_demo,0,89,0.3142536569396908,-0.9055320484841195
noninteger_bin_demo,0,90,0.6871971989017155,-0.7270320468620944
noninteger_bin_demo,0,91,0.9085571782192896,-0.414969351400911
noninteger_bin_demo,0,92,1.0159194297839051,-0.006047719740456651
noninteger_bin_demo,0,93,0.8954292758938375,0.46002972204327486
noninteger_bin_demo,0,94,0.6915387993750863,0.7167365793256782
noninteger_bin_demo,0,95,0.33957063829283096,0.915447104806438
noninteger_bin_demo,0,96,-0.06128492331590084,1.003483353711989
noninteger_bin_demo,0,97,-0.46126563786411706,0.889348277740254
noninteger_bin_demo,0,98,-0.7863998082021554,0.6041454393231692
noninteger_bin_demo,0,99,-0.9513712665879355,0.29497556913866957
noninteger_bin_demo,0,100,-0.9817389021832391,-0.13241565848313605
noninteger_bin_demo,0,101,-0.8697012143521518,-0.5568627227144541
noninteger_bin_demo,0,102,-0.5361846808770365,-0.8339197878797633
noninteger_bin_demo,0,103,-0.17968708346550435,-0.9604544448654327
noninteger_bin_demo,0,104,0.18159536697036735,-0.9124257062921757
noninteger_bin_demo,0,105,0.6468721083639278,-0.8312336376150111
noninteger_bin_demo,0,106,0.8854992710611775,-0.5334800674170221
noninteger_bin_demo,0,107,1.005188736357254,-0.05012202843207217
noninteger_bin_demo,0,108,1.0226750406887675,0.29517088422577
noninteger_bin_demo,0,109,0.7613395461411648,0.6573736120245658
noninteger_bin_demo,0,110,0.46831774689592565,0.95279760084481
noninteger_bin_demo,0,111,0.05022245724036595,0.9787233949853288
noninteger_bin_demo,0,112,-0.3844734505861714,0.8887287733087269
noninteger_bin_demo,0,113,-0.6453959956809528,0.7085903368225567
noninteger_bin_demo,0,114,-0.9055849586911445,0.38871928576133313
noninteger_bin_demo,0,115,-0.9999572005205608,-0.038880925933557624
noninteger_bin_demo,0,116,-0.9515776929443535,-0.36417714050147953
noninteger_bin_demo,0,117,-0.6691301464579296,-0.7060185413352043
noninteger_bin_demo,0,118,-0.29843147630880434,-0.9457353332024103
noninteger_bin_demo,0,119,0.07519252173222646,-0.9891814057822559
noninteger_bin_demo,0,120,0.44546229110616503,-0.8685637171724226
noninteger_bin_demo,0,121,0.763913455989572,-0.5973586639826753
noninteger_bin_demo,0,122,1.0025864046152666,-0.24966813145786157
noninteger_bin_demo,0,123,1.0127218152743513,0.13257986543221675
noninteger_bin_demo,0,124,0.7845722831920446,0.5164855814678266
noninteger_bin_demo,0,125,0.5843996850911373,0.8084115410291314
noninteger_bin_demo,0,126,0.17872413356088468,0.9771841000388249
noninteger_bin_demo,0,127,-0.2194808619718096,0.9868495588397284
noninteger_bin_demo,1,0,0.9065186329484047,0.506754526260904
noninteger_bin_demo,1,1,0.6124875959714328,0.7570549413315347
noninteger_bin_demo,1,2,0.23589061114890528,0.97528007918053
noninteger_bin_demo,1,3,-0.22494691568004588,0.9627807894842638
noninteger_bin_demo,1,4,-0.563172590657987,0.8316114817084412
noninteger_bin_demo,1,5,-0.8627647834271752,0.5370054994098198
noninteger_bin_demo,1,6,-1.0256199349418966,0.18230823029749813
noninteger_bin_demo,1,7,-1.000286566803928,-0.2789283270016523
noninteger_bin_demo,1,8,-0.8127920574256009,-0.6193367025919946
noninteger_bin_demo,1,9,-0.4268574043243235,-0.8864108439518735
noninteger_bin_demo,1,10,-0.0977062364180782,-1.0129598869723055
noninteger_bin_demo,1,11,0.28526007255154145,-0.9216755107432753
noninteger_bin_demo,1,12,0.6811598832240048,-0.6946855171660719
noninteger_bin_demo,1,13,0.9133519701393038,-0.3655969061506703
noninteger_bin_demo,1,14,1.007365079404182,0.012627834219319251
noninteger_bin_demo,1,15,0.8935169971716218,0.35215186722783526
noninteger_bin_demo,1,16,0.668664931379408,0.7503281535208506
noninteger_bin_demo,1,17,0.3319910454610367,0.9144785251152686
noninteger_bin_demo,1,18,-0.07314187075994133,0.9559692458292205
noninteger_bin_demo,1,19,-0.43952101042843944,0.8125625382308859
noninteger_bin_demo,1,20,-0.7751616564410648,0.6272720064219235
noninteger_bin_demo,1,21,-0.952266397308158,0.28025342196354697
noninteger_bin_demo,1,22,-0.981360356691505,-0.10209746874115472
noninteger_bin_demo,1,23,-0.8712247347294678,-0.5158999305881848
noninteger_bin_demo,1,24,-0.6116753013744198,-0.7868539264387517
noninteger_bin_demo,1,25,-0.20127080653613683,-0.9534186129512684
noninteger_bin_demo,1,26,0.14721098302774996,-0.9041330639535697
noninteger_bin_demo,1,27,0.5646264571525265,-0.8295750845306841
noninteger_bin_demo,1,28,0.8183448494825661,-0.5295991846620095
noninteger_bin_demo,1,29,0.9892032607085661,-0.15496093894485635
noninteger_bin_demo,1,30,0.9518145587665737,0.21102614841356765
noninteger_bin_demo,1,31,0.8122217151584034,0.6226977342918646
noninteger_bin_demo,1,32,0.4837118667511609,0.8741545927706947
noninteger_bin_demo,1,33,0.14166052892209935,0.9709653374152583
noninteger_bin_demo,1,34,-0.2569134653320014,0.9822382283908263
noninteger_bin_demo,1,35,-0.7009770022360697,0.7837360940129399
noninteger_bin_demo,1,36,-0.888785369215117,0.47371534196965004
noninteger_bin_demo,1,37,-1.0504963089260295,0.025263870810904497
noninteger_bin_demo,1,38,-0.9188908614295886,-0.38364109764086207
noninteger_bin_demo,1,39,-0.7120342283731449,-0.6666965527539481
noninteger_bin_demo,1,40,-0.36113070317211154,-0.9316989138694058
noninteger_bin_demo,1,41,0.048724777471376955,-0.9746337248350418
noninteger_bin_demo,1,42,0.4647799142667561,-0.8579022502631785
noninteger_bin_demo,1,43,0.762961283029721,-0.632775553614179
noninteger_bin_demo,1,44,0.9549562993847701,-0.3173280104120126
noninteger_bin_demo,1,45,0.9767720501173291,0.12420332000044498
noninteger_bin_demo,1,46,0.8198889342053994,0.5052193183334263
noninteger_bin_demo,1,47,0.6085161151096239,0.7997444381384555
noninteger_bin_demo,1,48,0.21068910182496373,0.9740381247773744
noninteger_bin_demo,1,49,-0.2215640099382889,0.9690511714730076
noninteger_bin_demo,1,50,-0.5364564784613145,0.865294112358831
noninteger_bin_demo,1,51,-0.7900675163141802,0.4948507414056582
noninteger_bin_demo,1,52,-0.9545196054123104,0.18107870901710005
noninteger_bin_demo,1,53,-0.9468542945939031,-0.31206324860315554
noninteger_bin_demo,1,54,-0.7824428319183458,-0.6891749114655813
noninteger_bin_demo,1,55,-0.4183450408765372,-0.8981663580472197
noninteger_bin_demo,1,56,-0.07497209599463914,-1.0159254763598597
noninteger_bin_demo,1,57,0.2985750040973578,-0.9291776862240303
noninteger_bin_demo,1,58,0.6407134876856782,-0.7040913994436248
noninteger_bin_demo,1,59,0.9113686045487014,-0.371978911003826
noninteger_bin_demo,1,60,0.975386236965896,-0.021215411686541397
noninteger_bin_demo,1,61,0.9443220999069021,0.39428809047542146
noninteger_bin_demo,1,62,0.6922810066382424,0.7370442333219954
noninteger_bin_demo,1,63,0.32455676718526166,0.9563989031297702
noninteger_bin_demo,1,64,-0.03363532179283958,1.0148856505631405
noninteger_bin_demo,1,65,-0.448798777171491,0.8929175238132931
noninteger_bin_demo,1,66,-0.7840340729509658,0.6309220991023137
noninteger_bin_demo,1,67,-0.9574631339800967,0.2852094844600421
noninteger_bin_demo,1,68,-0.9819471957734306,-0.166641602315734
noninteger_bin_demo,1,69,-0.8329243139420456,-0.5697257293203064
noninteger_bin_demo,1,70,-0.556825089490724,-0.8395505937594453
noninteger_bin_demo,1,71,-0.21493276577885959,-0.967881981710897
noninteger_bin_demo,1,72,0.21184153399276734,-1.0237616078995107
noninteger_bin_demo,1,73,0.5613380932255776,-0.8544042536011383
noninteger_bin_demo,1,74,0.8376411868977552,-0.507088493145688
noninteger_bin_demo,1,75,1.0030250161026402,-0.17929666871887262
noninteger_bin_demo,1,76,1.0012692768553677,0.30857029344360215
noninteger_bin_demo,1,77,0.8073359599666324,0.5847801877291964
noninteger_bin_demo,1,78,0.49835555127533204,0.8753840037884463
noninteger_bin_demo,1,79,0.05582293353941416,1.0041312798603201
noninteger_bin_demo,1,80,-0.30139846423239647,0.9421839062631937
noninteger_bin_demo,1,81,-0.6995951152663279,0.7660544253742091
noninteger_bin_demo,1,82,-0.936064432386233,0.41880967796902946
noninteger_bin_demo,1,83,-0.9797176955867255,-0.005219692866341625
noninteger_bin_demo,1,84,-0.8707642117003425,-0.4051744507480145
noninteger_bin_demo,1,85,-0.773324684480919,-0.7027491287547339
noninteger_bin_demo,1,86,-0.40328741739357765,-0.9465552146160284
noninteger_bin_demo,1,87,0.042322699183664644,-1.0046932011707883
noninteger_bin_demo,1,88,0.4498543366345992,-0.883321646503051
noninteger_bin_demo,1,89,0.8207436612726726,-0.5615037824204729
noninteger_bin_demo,1,90,0.9888989388582777,-0.2693916498819739
noninteger_bin_demo,1,91,0.9743836156690361,0.19389975304748067
noninteger_bin_demo,1,92,0.88551823092456,0.46753185105961304
noninteger_bin_demo,1,93,0.6129375183076506,0.8101697444893511
noninteger_bin_demo,1,94,0.19803460968936898,1.0291989825435635
noninteger_bin_demo,1,95,-0.23565073624793792,0.9616536737391743
noninteger_bin_demo,1,96,-0.5404400690612119,0.8694903874164994
noninteger_bin_demo,1,97,-0.8818240121068197,0.5473931527896233
noninteger_bin_demo,1,98,-0.952384533933794,0.13038382018766193
noninteger_bin_demo,1,99,-0.9713105080819643,-0.2537144106687209
noninteger_bin_demo,1,100,-0.7815773919353487,-0.6131767752194764
noninteger_bin_demo,1,101,-0.41395246057433704,-0.8582493552408964
noninteger_bin_demo,1,102,-0.0904504882203517,-0.9901753149274896
noninteger_bin_demo,1,103,0.362770823834741,-0.9696285406339864
noninteger_bin_demo,1,104,0.6559486049875485,-0.7431973935798468
noninteger_bin_demo,1,105,0.9372619688955477,-0.40980411576424086
noninteger_bin_demo,1,106,0.9566286148479,0.002434609247970387
noninteger_bin_demo,1,107,0.9719886619055818,0.45114813974153084
noninteger_bin_demo,1,108,0.7023930487496671,0.7137278902676134
noninteger_bin_demo,1,109,0.37648867749149184,0.9223676195285503
noninteger_bin_demo,1,110,-0.052583043098278257,1.0198970217389989
noninteger_bin_demo,1,111,-0.4556886532658003,0.8768449088417276
noninteger_bin_demo,1,112,-0.7583552430325103,0.6784441366628895
noninteger_bin_demo,1,113,-0.920478511987068,0.2523395499630388
noninteger_bin_demo,1,114,-0.9605388269622614,-0.1353148286613617
noninteger_bin_demo,1,115,-0.8670797913517535,-0.5364925813859875
noninteger_bin_demo,1,116,-0.5645136180337358,-0.8617170297754575
noninteger_bin_demo,1,117,-0.24959648720715003,-0.9591213768750768
noninteger_bin_demo,1,118,0.18292304648031651,-0.9870419409477971
noninteger_bin_demo,1,119,0.5732268529138729,-0.7781178826296029
noninteger_bin_demo,1,120,0.8754504590368657,-0.48933387232949144
noninteger_bin_demo,1,121,0.9646032622170495,-0.09017719276575141
noninteger_bin_demo,1,122,0.9162320717812091,0.22521680930186572
noninteger_bin_demo,1,123,0.7641224522775637,0.640811999191727
noninteger_bin_demo,1,124,0.4339783277272357,0.9314271370556829
noninteger_bin_demo,1,125,0.053843988812002475,1.002327459611846
noninteger_bin_demo,1,126,-0.3904627094617602,0.903360047039893
noninteger_bin_demo,1,127,-0.5993514368569515,0.7190386950516483
noninteger_bin_demo,2,0,0.4782960968023162,0.8522343413547008
noninteger_bin_demo,2,1,0.09313813482435557,0.9939695992117946
noninteger_bin_demo,2,2,-0.2753744679395758,0.9559271159694072
noninteger_bin_demo,2,3,-0.6820705066487516,0.7242215769589346
noninteger_bin_demo,2,4,-0.8914980863961017,0.4276842174571566
noninteger_bin_demo,2,5,-0.9895728600519009,0.016922467616855737
noninteger_bin_demo,2,6,-0.9399221199664347,-0.35920771105384025
noninteger_bin_demo,2,7,-0.7355563376076832,-0.6894127750363557
noninteger_bin_demo,2,8,-0.4050907780705077,-0.9548072421386272
noninteger_bin_demo,2,9,0.001536813199024857,-0.995987029257734
noninteger_bin_demo,2,10,0.41476826140404655,-0.9414892970819385
noninteger_bin_demo,2,11,0.6969746048173817,-0.6043171569795708
noninteger_bin_demo,2,12,0.8942487771410256,-0.34243711070357274
noninteger_bin_demo,2,13,1.0105416739519362,0.08487012723776025
noninteger_bin_demo,2,14,0.8281152734897749,0.486307264348656
noninteger_bin_demo,2,15,0.5404775342519258,0.7654775787637301
noninteger_bin_demo,2,16,0.2391370937385272,0.9889002184816764
noninteger_bin_demo,2,17,-0.19649474558508664,0.9986741066997458
noninteger_bin_demo,2,18,-0.5195211222964699,0.8313631369816131
noninteger_bin_demo,2,19,-0.8492179990854241,0.6070537734344149
noninteger_bin_demo,2,20,-0.9872259821827681,0.14775914576380456
noninteger_bin_demo,2,21,-0.9836147407207182,-0.1479679925863778
noninteger_bin_demo,2,22,-0.798821989526684,-0.6583337828990281
noninteger_bin_demo,2,23,-0.4953992644101882,-0.8350766586428297
noninteger_bin_demo,2,24,-0.1002847020033496,-1.0047897830047283
noninteger_bin_demo,2,25,0.344533242463196,-0.974003141221363
noninteger_bin_demo,2,26,0.6760954460756873,-0.7813295507111895
noninteger_bin_demo,2,27,0.9402481249890452,-0.4439792332200557
noninteger_bin_demo,2,28,0.9736369498336724,0.009546846713788165
noninteger_bin_demo,2,29,0.9593763403506851,0.3839921650332781
noninteger_bin_demo,2,30,0.7319697372496174,0.7448081512863544
noninteger_bin_demo,2,31,0.3390014589931716,0.9298370983940031
noninteger_bin_demo,2,32,-0.05609674872596912,0.9914806593253419
noninteger_bin_demo,2,33,-0.4014939027702737,0.8681394190483386
noninteger_bin_demo,2,34,-0.7612258431991991,0.6276246496240089
noninteger_bin_demo,2,35,-0.9915385317098583,0.30688585326150764
noninteger_bin_demo,2,36,-0.9884629972720548,-0.042306042657496185
noninteger_bin_demo,2,37,-0.8092541301911468,-0.5341040411284923
noninteger_bin_demo,2,38,-0.605721117099639,-0.7935419010954151
noninteger_bin_demo,2,39,-0.2621924396805309,-0.9665838522307126
noninteger_bin_demo,2,40,0.23852556999629468,-0.9972743616169963
noninteger_bin_demo,2,41,0.5262164021892533,-0.8222777054093594
noninteger_bin_demo,2,42,0.8502797164202992,-0.5512750115685938
noninteger_bin_demo,2,43,0.9864359719108133,-0.15643932746930428
noninteger_bin_demo,2,44,0.9478623518384476,0.16297230793216583
noninteger_bin_demo,2,45,0.8023480094164507,0.6116915473058147
noninteger_bin_demo,2,46,0.5116810794661739,0.8493525481221478
noninteger_bin_demo,2,47,0.08342148607788075,0.9715898611952807
noninteger_bin_demo,2,48,-0.2710592331980097,0.9036103126661403
noninteger_bin_demo,2,49,-0.616488479539334,0.7652385756998876
noninteger_bin_demo,2,50,-0.9105450560843339,0.3938665174895581
noninteger_bin_demo,2,51,-1.018600455841889,-0.008288122450612188
noninteger_bin_demo,2,52,-0.8927363840984612,-0.38269385758927993
noninteger_bin_demo,2,53,-0.6460335318490903,-0.7505470797594932
noninteger_bin_demo,2,54,-0.34605018907063695,-0.9142984055422393
noninteger_bin_demo,2,55,0.10373485980002928,-0.9922051335368914
noninteger_bin_demo,2,56,0.43411317383781794,-0.8665249443112636
noninteger_bin_demo,2,57,0.7765802763409554,-0.6394553804051815
noninteger_bin_demo,2,58,0.9442135692581163,-0.31691650333636096
noninteger_bin_demo,2,59,1.0101279565916363,0.13715527223431262
noninteger_bin_demo,2,60,0.8556862945877777,0.4957837911620641
noninteger_bin_demo,2,61,0.6497084357167761,0.8308600870361516
noninteger_bin_demo,2,62,0.21174101422877487,0.9573037344949383
noninteger_bin_demo,2,63,-0.19764381359141736,0.9497378664273541
noninteger_bin_demo,2,64,-0.54182174544671,0.8450216209367142
noninteger_bin_demo,2,65,-0.7951388066631038,0.4932431620226092
noninteger_bin_demo,2,66,-1.0388173314031255,0.1050831516815435
noninteger_bin_demo,2,67,-0.9084488595110206,-0.19603707815142496
noninteger_bin_demo,2,68,-0.8056880234442504,-0.5467990226761569
noninteger_bin_demo,2,69,-0.43936289028543596,-0.9162207500284097
noninteger_bin_demo,2,70,-0.0890432187587143,-0.9512313368579633
noninteger_bin_demo,2,71,0.3396135417255484,-0.9636228076913721
noninteger_bin_demo,2,72,0.6302805550973861,-0.7260009935063766
noninteger_bin_demo,2,73,0.8930157877623714,-0.4209445846769038
noninteger_bin_demo,2,74,1.0141001479117786,0.0209552186230715
noninteger_bin_demo,2,75,0.9298054621424283,0.40203314278654934
noninteger_bin_demo,2,76,0.7688109621387456,0.7113033468921077
noninteger_bin_demo,2,77,0.3240708889417323,0.9157805413551742
noninteger_bin_demo,2,78,-0.01278173677645409,0.9903562695185317
noninteger_bin_demo,2,79,-0.46417615646188437,0.8783474371990773
noninteger_bin_demo,2,80,-0.7469724301988181,0.6457905107234267
noninteger_bin_demo,2,81,-0.9155738867991369,0.29543450252419956
noninteger_bin_demo,2,82,-0.9503117795940359,-0.06321246092856621
noninteger_bin_demo,2,83,-0.8372834873734816,-0.4737193857485103
noninteger_bin_demo,2,84,-0.5649825025396705,-0.8253511253891244
noninteger_bin_demo,2,85,-0.2517013021499774,-0.9887589261100994
noninteger_bin_demo,2,86,0.19752395196477357,-0.9627682089175867
noninteger_bin_demo,2,87,0.5121535846097998,-0.8294494457203897
noninteger_bin_demo,2,88,0.8320310636795121,-0.5672749190402018
noninteger_bin_demo,2,89,1.0164747042236273,-0.1566669950061169
noninteger_bin_demo,2,90,0.9475351843815303,0.19503275459775887
noninteger_bin_demo,2,91,0.7779615459171444,0.5710501090752675
noninteger_bin_demo,2,92,0.5008654187987341,0.8126411101446954
noninteger_bin_demo,2,93,0.1176282397979873,1.0285312623894205
noninteger_bin_demo,2,94,-0.3248849767786155,0.924996810676985
noninteger_bin_demo,2,95,-0.6494956721350252,0.732072606554244
noninteger_bin_demo,2,96,-0.8632893994098076,0.38838570654181465
noninteger_bin_demo,2,97,-0.9853267698514404,0.035576190516347375
noninteger_bin_demo,2,98,-0.9315370135672948,-0.34508089935139824
noninteger_bin_demo,2,99,-0.7266474673634712,-0.6777833498986278
noninteger_bin_demo,2,100,-0.36969396698765855,-0.942376028479325
noninteger_bin_demo,2,101,0.04865428519500292,-0.9429079786959272
noninteger_bin_demo,2,102,0.429791278144794,-0.9167446651585462
noninteger_bin_demo,2,103,0.7183771660138547,-0.6520202842770074
noninteger_bin_demo,2,104,0.998728094860044,-0.2713118709481444
noninteger_bin_demo,2,105,0.9596784382479339,0.14713037016321193
noninteger_bin_demo,2,106,0.8553724616631622,0.5000540831232327
noninteger_bin_demo,2,107,0.5821710610910985,0.8625170812670424
noninteger_bin_demo,2,108,0.23340294904569603,0.9921012352724893
noninteger_bin_demo,2,109,-0.1590819824811945,0.9901331749676321
noninteger_bin_demo,2,110,-0.5742831671106344,0.8046446968256707
noninteger_bin_demo,2,111,-0.8646439356518798,0.5418109572595513
noninteger_bin_demo,2,112,-1.0101997878006346,0.16928658915093978
noninteger_bin_demo,2,113,-0.9624663011279578,-0.30432182832938104
noninteger_bin_demo,2,114,-0.7728320575659727,-0.6290119824737599
noninteger_bin_demo,2,115,-0.4836069886936741,-0.8629986220758473
noninteger_bin_demo,2,116,-0.06919323290852335,-0.9465955214354301
noninteger_bin_demo,2,117,0.3158321098160209,-0.9545575890340825
noninteger_bin_demo,2,118,0.649448069844024,-0.763272929375833
noninteger_bin_demo,2,119,0.8939646904821748,-0.40375188818770463
noninteger_bin_demo,2,120,1.0146831647618564,-0.022119821686648986
noninteger_bin_demo,2,121,0.9571251638973708,0.41358939942055445
noninteger_bin_demo,2,122,0.6918455695419633,0.7090663453688626
noninteger_bin_demo,2,123,0.32058255643455913,0.9576345160485911
noninteger_bin_demo,2,124,-0.03318655497627915,1.0555888674818883
noninteger_bin_demo,2,125,-0.4468254528102297,0.8594949036307516
noninteger_bin_demo,2,126,-0.7434084610210987,0.6715751034274544
noninteger_bin_demo,2,127,-0.956478995614899,0.31305837155439165
noninteger_bin_demo,3,0,-0.010432219407009417,0.9742868961425853
noninteger_bin_demo,3,1,-0.41051175414240915,0.9288229746249351
noninteger_bin_demo,3,2,-0.7408699293215897,0.6823518487965757
noninteger_bin_demo,3,3,-0.9761280759048836,0.2873721687833081
noninteger_bin_demo,3,4,-0.9476863545541291,-0.11564574640883418
noninteger_bin_demo,3,5,-0.9221469021087982,-0.4609095762409866
noninteger_bin_demo,3,6,-0.6271995670362496,-0.7835996643319291
noninteger_bin_demo,3,7,-0.301067982826661,-1.0128382047177877
noninteger_bin_demo,3,8,0.13647281595071062,-1.0380424942541628
noninteger_bin_demo,3,9,0.5762983548185648,-0.8380623768079997
noninteger_bin_demo,3,10,0.8442358236166826,-0.5968116564294534
noninteger_bin_demo,3,11,0.9733298816983461,-0.1556258509131166
noninteger_bin_demo,3,12,0.9883473218314847,0.22024283718010534
noninteger_bin_demo,3,13,0.8373876857916511,0.5358526240452315
noninteger_bin_demo,3,14,0.5339562150864253,0.8159788640886436
noninteger_bin_demo,3,15,0.15932696553401893,0.9598012424313399
noninteger_bin_demo,3,16,-0.29891359194568423,0.961976784051136
noninteger_bin_demo,3,17,-0.6820746186128788,0.7793574534884836
noninteger_bin_demo,3,18,-0.8869685620747636,0.41273412845645086
noninteger_bin_demo,3,19,-1.0065664218095012,0.04435848462087186
noninteger_bin_demo,3,20,-0.8740077064682362,-0.3642186448037793
noninteger_bin_demo,3,21,-0.6996114632360995,-0.6443630665428185
noninteger_bin_demo,3,22,-0.40343556868823605,-0.9388048509564431
noninteger_bin_demo,3,23,0.023435788032099083,-0.9944966347142277
noninteger_bin_demo,3,24,0.4462930480414212,-0.9032667874287251
noninteger_bin_demo,3,25,0.7223160171911487,-0.6299892490242512
noninteger_bin_demo,3,26,0.9207119647536035,-0.3093769862483525
noninteger_bin_demo,3,27,0.9698515300392452,0.09694706696351786
noninteger_bin_demo,3,28,0.9063390830622399,0.460859224324371
noninteger_bin_demo,3,29,0.6610689520210712,0.7798533451648723
noninteger_bin_demo,3,30,0.24102270972502268,0.9497881629618011
noninteger_bin_demo,3,31,-0.17852752256422957,0.9852655985822979
noninteger_bin_demo,3,32,-0.504104338140274,0.8486642260950245
noninteger_bin_demo,3,33,-0.8478232919797288,0.5596694913046807
noninteger_bin_demo,3,34,-0.9968476521425695,0.13233817798754705
noninteger_bin_demo,3,35,-1.0037845745047422,-0.1769413189778483
noninteger_bin_demo,3,36,-0.8119294471410964,-0.6173016763031735
noninteger_bin_demo,3,37,-0.4574019644877172,-0.8516653395157482
noninteger_bin_demo,3,38,-0.1300988353289522,-1.023823258293424
noninteger_bin_demo,3,39,0.24496820849653783,-0.9616734079210995
noninteger_bin_demo,3,40,0.6797752360206298,-0.7952586013518378
noninteger_bin_demo,3,41,0.9064491805836863,-0.4560138519665888
noninteger_bin_demo,3,42,0.999758163508812,-0.06037200762190492
noninteger_bin_demo,3,43,0.8872530091665862,0.3378942108382935
noninteger_bin_demo,3,44,0.7400236869910937,0.711853706014615
noninteger_bin_demo,3,45,0.3398806383157717,0.899915019723186
noninteger_bin_demo,3,46,-0.019291613960825457,1.0015866004161553
noninteger_bin_demo,3,47,-0.43714412840898964,0.9036035529587845
noninteger_bin_demo,3,48,-0.7013036216583652,0.6445715558983446
noninteger_bin_demo,3,49,-0.8928887410357189,0.2726544608638841
noninteger_bin_demo,3,50,-0.9870792357814364,-0.12660231746180406
noninteger_bin_demo,3,51,-0.92550876027905,-0.5163074690629804
noninteger_bin_demo,3,52,-0.5720937608734736,-0.8128199244914591
noninteger_bin_demo,3,53,-0.23438422072816936,-0.9889019610574958
noninteger_bin_demo,3,54,0.17410408392205928,-0.9517307516428358
noninteger_bin_demo,3,55,0.5661171912604993,-0.8211367419939329
noninteger_bin_demo,3,56,0.8351905840533759,-0.5391487538716323
noninteger_bin_demo,3,57,0.960447702532478,-0.1541726337191458
noninteger_bin_demo,3,58,0.9396990655960383,0.23482340222754072
noninteger_bin_demo,3,59,0.875158498745483,0.5460281402799002
noninteger_bin_demo,3,60,0.4441388624887563,0.8080162976881249
noninteger_bin_demo,3,61,0.1438505126752758,0.9978842028979787
noninteger_bin_demo,3,62,-0.32379150242976823,0.9456305342625956
noninteger_bin_demo,3,63,-0.7197335636595347,0.8170437820261326
noninteger_bin_demo,3,64,-0.9019484657085902,0.4469530358087927
noninteger_bin_demo,3,65,-1.0103169486017138,0.040606737854673926
noninteger_bin_demo,3,66,-0.9794272422604792,-0.3648247097489705
noninteger_bin_demo,3,67,-0.7861666561181263,-0.7242651645487365
noninteger_bin_demo,3,68,-0.4064676936893115,-0.9314064280668402
noninteger_bin_demo,3,69,0.058556053242744786,-0.9651469404212718
noninteger_bin_demo,3,70,0.45320792376738467,-0.8462879828359404
noninteger_bin_demo,3,71,0.7456461629732924,-0.6603031559002339
noninteger_bin_demo,3,72,0.9472256999936056,-0.31695136206261626
noninteger_bin_demo,3,73,1.0452466995972074,0.11461984293364187
noninteger_bin_demo,3,74,0.805412577050258,0.45456571901145193
noninteger_bin_demo,3,75,0.6420912785908853,0.7686407465091534
noninteger_bin_demo,3,76,0.30262776772478484,0.9884359663596114
noninteger_bin_demo,3,77,-0.1506593092982246,0.9723977314385578
noninteger_bin_demo,3,78,-0.5752046126173643,0.8595867278642136
noninteger_bin_demo,3,79,-0.8285379536062961,0.6043062032533336
noninteger_bin_demo,3,80,-0.9501211634289422,0.16101279603347482
noninteger_bin_demo,3,81,-0.939538633650752,-0.2239994012782781
noninteger_bin_demo,3,82,-0.8125880973486378,-0.6196269576604244
noninteger_bin_demo,3,83,-0.5368159638148192,-0.8400887272193092
noninteger_bin_demo,3,84,-0.041396333574433564,-0.9885849449155111
noninteger_bin_demo,3,85,0.3178633255264135,-0.9379210957043774
noninteger_bin_demo,3,86,0.6227846658732478,-0.774343173233149
noninteger_bin_demo,3,87,0.9082952766902977,-0.46328318659307377
noninteger_bin_demo,3,88,0.9404483285723249,-0.03084907352001172
noninteger_bin_demo,3,89,0.9621536777661949,0.32620461343147034
noninteger_bin_demo,3,90,0.7651124985913257,0.6887803983862439
noninteger_bin_demo,3,91,0.3397364095824588,0.8926097848209664
noninteger_bin_demo,3,92,-0.04462583970554387,1.0229665591021122
noninteger_bin_demo,3,93,-0.41685134870476975,0.8933488194548993
noninteger_bin_demo,3,94,-0.6972363711742386,0.6699520275439819
noninteger_bin_demo,3,95,-0.9865100918422608,0.31967127943456847
noninteger_bin_demo,3,96,-0.9694514012914,-0.06331696553119939
noninteger_bin_demo,3,97,-0.886225382962759,-0.5053286300569682
noninteger_bin_demo,3,98,-0.5866997410671364,-0.8066460306911035
noninteger_bin_demo,3,99,-0.23742569590394297,-0.9541275958579475
noninteger_bin_demo,3,100,0.16136073236862947,-0.9942408938623026
noninteger_bin_demo,3,101,0.5727438832220013,-0.854202343389715
noninteger_bin_demo,3,102,0.8167517164976063,-0.5341831065674711
noninteger_bin_demo,3,103,0.9981759732018727,-0.18512912846394672
noninteger_bin_demo,3,104,0.9800993006657179,0.21305198874762823
noninteger_bin_demo,3,105,0.8219511689150363,0.6345505590033647
noninteger_bin_demo,3,106,0.4881926739968043,0.897107524347589
noninteger_bin_demo,3,107,0.09563486812913301,1.0265010208921725
noninteger_bin_demo,3,108,-0.2885048830695136,0.907023671242616
noninteger_bin_demo,3,109,-0.6615333056636412,0.7517249227905102
noninteger_bin_demo,3,110,-0.9300853471488633,0.383650119547294
noninteger_bin_demo,3,111,-1.0274131656840244,0.024876795416262164
noninteger_bin_demo,3,112,-0.9606649506435153,-0.37833145208271196
noninteger_bin_demo,3,113,-0.6945362686328043,-0.688191688903797
noninteger_bin_demo,3,114,-0.402157618147203,-0.922284467116926
noninteger_bin_demo,3,115,0.021473308731451445,-0.9513222865860044
noninteger_bin_demo,3,116,0.3706042231116786,-0.8709611222563013
noninteger_bin_demo,3,117,0.7547707148026556,-0.6777923195597888
noninteger_bin_demo,3,118,0.983097116637303,-0.32628719235954173
noninteger_bin_demo,3,119,1.0218373298284664,0.10875097622621487
noninteger_bin_demo,3,120,0.8718879067591108,0.4757807546652488
noninteger_bin_demo,3,121,0.6214991206193663,0.7715072653822309
noninteger_bin_demo,3,122,0.25573301854316355,1.021326507101966
noninteger_bin_demo,3,123,-0.16375173346711844,0.9768205645625458
noninteger_bin_demo,3,124,-0.5428394053798308,0.8367574224679127
noninteger_bin_demo,3,125,-0.8699316219073698,0.5661357363247793
noninteger_bin_demo,3,126,-0.9900459702142307,0.1444108453641365
noninteger_bin_demo,3,127,-0.9385415802043117,-0.1965767865549136
noninteger_bin_demo,4,0,-0.5305812078479598,0.8737388219071551
noninteger_bin_demo,4,1,-0.8000022445265692,0.5819403522903774
noninteger_bin_demo,4,2,-0.9885533631373407,0.21759985014310984
noninteger_bin_demo,4,3,-0.9542828305397633,-0.17688649639941537
noninteger_bin_demo,4,4,-0.8592035468268672,-0.5351687066734049
noninteger_bin_demo,4,5,-0.5408938137413659,-0.8428422545655232
noninteger_bin_demo,4,6,-0.1356656825176086,-0.990547966446026
noninteger_bin_demo,4,7,0.2416332743907809,-1.0002421472737997
noninteger_bin_demo,4,8,0.6382529163137638,-0.8090068050905131
noninteger_bin_demo,4,9,0.8950462909497447,-0.3843650326608802
noninteger_bin_demo,4,10,0.9903230860292968,-0.08078397431497612
noninteger_bin_demo,4,11,0.9199565776718673,0.3023034434709936
noninteger_bin_demo,4,12,0.7552291510406143,0.7458983621573241
noninteger_bin_demo,4,13,0.37971460240806926,0.8821326111358686
noninteger_bin_demo,4,14,0.00823883031084605,0.9950029243993804
noninteger_bin_demo,4,15,-0.41207573367092054,0.902895152193833
noninteger_bin_demo,4,16,-0.7485400745541866,0.648383708396935
noninteger_bin_demo,4,17,-0.9868430383919351,0.32883030753745546
noninteger_bin_demo,4,18,-0.9785068172292687,-0.11978336323074819
noninteger_bin_demo,4,19,-0.8738339612959883,-0.4493584794852685
noninteger_bin_demo,4,20,-0.6378497448009242,-0.829259012590719
noninteger_bin_demo,4,21,-0.2618713632517189,-1.000307490212579
noninteger_bin_demo,4,22,0.16660072363338307,-0.9969653193111577
noninteger_bin_demo,4,23,0.5624763743892552,-0.8354328604759409
noninteger_bin_demo,4,24,0.8196739533423307,-0.573361585460364
noninteger_bin_demo,4,25,1.0307268841273993,-0.2710753120829252
noninteger_bin_demo,4,26,0.9946582247881989,0.18346785185494163
noninteger_bin_demo,4,27,0.8617042798345177,0.5946009812681713
noninteger_bin_demo,4,28,0.5104585891355893,0.8904035504186893
noninteger_bin_demo,4,29,0.11667667413889013,1.0351658716782934
noninteger_bin_demo,4,30,-0.24430421898995436,0.9966317589033451
noninteger_bin_demo,4,31,-0.5803676248457674,0.7619824138309228
noninteger_bin_demo,4,32,-0.8572607675906208,0.44366123832272175
noninteger_bin_demo,4,33,-0.9927481444087423,0.07869680289837354
noninteger_bin_demo,4,34,-0.9496588492320173,-0.3246496401497729
noninteger_bin_demo,4,35,-0.7613288328237827,-0.6619222505979079
noninteger_bin_demo,4,36,-0.4266330183805842,-0.9303468424074948
noninteger_bin_demo,4,37,0.02809351620426969,-0.9713474910364398
noninteger_bin_demo,4,38,0.4415161278419478,-0.897423559669198
noninteger_bin_demo,4,39,0.7497915403960775,-0.7019707569740227
noninteger_bin_demo,4,40,0.9609861904002904,-0.38496750315093786
noninteger_bin_demo,4,41,0.9973552108059156,0.10352310974656445
noninteger_bin_demo,4,42,0.9493072433182085,0.4439968725107278
noninteger_bin_demo,4,43,0.683000625263225,0.7961249300855769
noninteger_bin_demo,4,44,0.27157780936593784,0.9324339022294774
noninteger_bin_demo,4,45,-0.14471497812802164,0.9867567388584153
noninteger_bin_demo,4,46,-0.5652555291999729,0.8487631698785432
noninteger_bin_demo,4,47,-0.788311832879675,0.5437359371103896
noninteger_bin_demo,4,48,-0.9630885250338516,0.18388835868161674
noninteger_bin_demo,4,49,-1.0731204444901574,-0.1930249454129073
noninteger_bin_demo,4,50,-0.7966493535416858,-0.5681684648397791
noninteger_bin_demo,4,51,-0.48012915801346173,-0.8156093972447377
noninteger_bin_demo,4,52,-0.09826042101611077,-1.0360350565771665
noninteger_bin_demo,4,53,0.2766412307597466,-0.9749731325614477
noninteger_bin_demo,4,54,0.6390101232637737,-0.7664158078715915
noninteger_bin_demo,4,55,0.8081575784072617,-0.38208313110829273
noninteger_bin_demo,4,56,0.9695396595755562,-0.018855173868771793
noninteger_bin_demo,4,57,0.9500336273591635,0.3308865101596814
noninteger_bin_demo,4,58,0.7087967233517803,0.6944263481013236
noninteger_bin_demo,4,59,0.36360767848035946,0.9079964276527857
noninteger_bin_demo,4,60,-0.031133439254878326,0.9771526160542534
noninteger_bin_demo,4,61,-0.3984053019749818,0.9372844926231402
noninteger_bin_demo,4,62,-0.7123680709841582,0.6678366943321085
noninteger_bin_demo,4,63,-0.9762687470808392,0.31109061009938116
noninteger_bin_demo,4,64,-0.9929473415207948,-0.03987049231411343
noninteger_bin_demo,4,65,-0.9249842905090747,-0.4653057241606977
noninteger_bin_demo,4,66,-0.5774132902353186,-0.8355834634974612
noninteger_bin_demo,4,67,-0.19250082143975403,-0.9979057495464881
noninteger_bin_demo,4,68,0.12334169521797182,-0.9781484634523226
noninteger_bin_demo,4,69,0.5107766014842711,-0.8628685417728801
noninteger_bin_demo,4,70,0.8393278422687644,-0.5629865347075794
noninteger_bin_demo,4,71,0.9384670922027042,-0.1911436468060161
noninteger_bin_demo,4,72,0.9936189656189041,0.21365473706286947
noninteger_bin_demo,4,73,0.8207506869297674,0.5654615028156116
noninteger_bin_demo,4,74,0.461713317145883,0.8528246557213195
noninteger_bin_demo,4,75,0.13366481564310467,0.9495549835856174
noninteger_bin_demo,4,76,-0.2826202203639536,0.9540705846576206
noninteger_bin_demo,4,77,-0.60394296049136,0.7826507937047336
noninteger_bin_demo,4,78,-0.8973543748817603,0.45043357067853573
noninteger_bin_demo,4,79,-1.0276180831542407,0.06807848714631708
noninteger_bin_demo,4,80,-0.9713993795460738,-0.3389935842857843
noninteger_bin_demo,4,81,-0.7593061998345336,-0.684618600203258
noninteger_bin_demo,4,82,-0.3695967164500731,-0.8749367402759379
noninteger_bin_demo,4,83,0.0009865072195728505,-0.9395814676722775
noninteger_bin_demo,4,84,0.4427474155284827,-0.8814240182357234
noninteger_bin_demo,4,85,0.7769151378977496,-0.6783878068385073
noninteger_bin_demo,4,86,0.9410050893076605,-0.33322761844706433
noninteger_bin_demo,4,87,0.9792163168318516,0.1432738379452067
noninteger_bin_demo,4,88,0.8493697215605744,0.47469351446575714
noninteger_bin_demo,4,89,0.5606526265477723,0.7703685524095645
noninteger_bin_demo,4,90,0.29633246119830275,0.9524036869271368
noninteger_bin_demo,4,91,-0.10035305023621896,1.059126150387893
noninteger_bin_demo,4,92,-0.491118582088816,0.807716411562252
noninteger_bin_demo,4,93,-0.8086656728068975,0.5648635132638551
noninteger_bin_demo,4,94,-0.9236842631749878,0.1874656410294665
noninteger_bin_demo,4,95,-0.9375612972381301,-0.2238702979974417
noninteger_bin_demo,4,96,-0.8026358819991761,-0.5955030766962127
noninteger_bin_demo,4,97,-0.5237106343458819,-0.8509414690557376
noninteger_bin_demo,4,98,-0.08864226925859185,-1.0302669509804867
noninteger_bin_demo,4,99,0.32947337603658394,-1.0113558596026926
noninteger_bin_demo,4,100,0.6521685504788769,-0.7504393458294667
noninteger_bin_demo,4,101,0.9518871436636345,-0.49589038624494486
noninteger_bin_demo,4,102,0.9640959513574795,-0.057726282807084986
noninteger_bin_demo,4,103,0.8820032851610888,0.3157611918187122
noninteger_bin_demo,4,104,0.7092061137949193,0.67477098455496
noninteger_bin_demo,4,105,0.3937578708251554,0.9068325398310889
noninteger_bin_demo,4,106,-0.02607432876151706,1.0259860814075479
noninteger_bin_demo,4,107,-0.41167920396856966,0.8826078352205855
noninteger_bin_demo,4,108,-0.7325280391648964,0.6727520673872786
noninteger_bin_demo,4,109,-0.96108584718754,0.3385639049508623
noninteger_bin_demo,4,110,-1.0517531211525104,-0.10076465617559019
noninteger_bin_demo,4,111,-0.8420221679551819,-0.454999748969156
noninteger_bin_demo,4,112,-0.6731732932054899,-0.8387124635112956
noninteger_bin_demo,4,113,-0.21146396953809427,-0.9545105150803946
noninteger_bin_demo,4,114,0.22605854093492156,-1.0328969650880924
noninteger_bin_demo,4,115,0.4965869930026365,-0.8489534956417877
noninteger_bin_demo,4,116,0.825781559476361,-0.5212721211264396
noninteger_bin_demo,4,117,0.9807361689906906,-0.17287908000495
noninteger_bin_demo,4,118,0.9561552194039367,0.24140953042222482
noninteger_bin_demo,4,119,0.7783149673252622,0.6024739588949997
noninteger_bin_demo,4,120,0.5226288238818267,0.8671390365496612
noninteger_bin_demo,4,121,0.12129417564732305,0.9584903910673657
noninteger_bin_demo,4,122,-0.31923634209370555,0.9351837513134988
noninteger_bin_demo,4,123,-0.6547646593498992,0.791328772589577
noninteger_bin_demo,4,124,-0.8980610274332161,0.41544429683207196
noninteger_bin_demo,4,125,-1.0367562889718092,0.036621195869333226
noninteger_bin_demo,4,126,-0.9465910504234656,-0.38353462912120895
noninteger_bin_demo,4,127,-0.7023892668346076,-0.6821522293751923
noninteger_bin_demo,5,0,-0.9459671098820918,0.48101472341894896
noninteger_bin_demo,5,1,-1.0538228538686345,0.016454274314165268
noninteger_bin_demo,5,2,-0.9733127762989564,-0.3240841215605443
noninteger_bin_demo,5,3,-0.7197028832763502,-0.6754333767625674
noninteger_bin_demo,5,4,-0.4653547410392823,-0.9128881256349632
noninteger_bin_demo,5,5,0.034062742715797234,-0.9392241450175364
noninteger_bin_demo,5,6,0.3863877286652151,-0.9462175275179416
noninteger_bin_demo,5,7,0.7014380608561356,-0.6916083111978092
noninteger_bin_demo,5,8,0.9047663517861967,-0.3409496089696195
noninteger_bin_demo,5,9,1.0186826076512403,0.029888057015167464
noninteger_bin_demo,5,10,0.8657344636205451,0.4560331658698045
noninteger_bin_demo,5,11,0.5931566978917183,0.742689242752438
noninteger_bin_demo,5,12,0.2687126825402798,0.9030765579125909
noninteger_bin_demo,5,13,-0.10781289886276729,0.9917175250096298
noninteger_bin_demo,5,14,-0.46624529254264996,0.8384991677107975
noninteger_bin_demo,5,15,-0.7834183273800565,0.5717721577982732
noninteger_bin_demo,5,16,-0.9807786485979131,0.19735475872467287
noninteger_bin_demo,5,17,-0.9880511419731965,-0.15379666765828126
noninteger_bin_demo,5,18,-0.8450749156416307,-0.5588930778631873
noninteger_bin_demo,5,19,-0.5297046223669499,-0.8242263614836514
noninteger_bin_demo,5,20,-0.1275837327167038,-0.9885013078794407
noninteger_bin_demo,5,21,0.21976325621009518,-0.949923338286372
noninteger_bin_demo,5,22,0.6048197574630031,-0.8228000489595201
noninteger_bin_demo,5,23,0.8461479127676295,-0.5109513091472919
noninteger_bin_demo,5,24,1.0220100874379794,-0.054500837478730045
noninteger_bin_demo,5,25,0.988862325059324,0.37070902394663036
noninteger_bin_demo,5,26,0.7311866780453595,0.6516378087188847
noninteger_bin_demo,5,27,0.4126148405952972,0.9391842542940342
noninteger_bin_demo,5,28,-0.014683867038396728,0.9792177571986982
noninteger_bin_demo,5,29,-0.40493052563823245,0.9704886262197135
noninteger_bin_demo,5,30,-0.7687451096639698,0.6979849692271383
noninteger_bin_demo,5,31,-0.9660760747651582,0.2958574881393665
noninteger_bin_demo,5,32,-1.0437352408780105,-0.04211385565843331
noninteger_bin_demo,5,33,-0.9067603698547569,-0.44808977212522316
noninteger_bin_demo,5,34,-0.6569893980210909,-0.7347263056747698
noninteger_bin_demo,5,35,-0.2942745385355638,-0.9829799102223639
noninteger_bin_demo,5,36,0.09463993321541833,-0.9269609672793484
noninteger_bin_demo,5,37,0.5523469071407844,-0.8601627182251276
noninteger_bin_demo,5,38,0.779457126932101,-0.552994662106817
noninteger_bin_demo,5,39,0.9915773923146258,-0.2209223843557153
noninteger_bin_demo,5,40,0.9906409681418208,0.20210423882032597
noninteger_bin_demo,5,41,0.8730830691283078,0.5701361498629188
noninteger_bin_demo,5,42,0.5395099468495721,0.8246126498941571
noninteger_bin_demo,5,43,0.1455654243809074,0.9536665220891469
noninteger_bin_demo,5,44,-0.22985743124201985,0.9866102909883758
noninteger_bin_demo,5,45,-0.6237942211729293,0.718049721098637
noninteger_bin_demo,5,46,-0.9471939185274262,0.5117937216555967
noninteger_bin_demo,5,47,-1.0000551408917362,0.030912777698931054
noninteger_bin_demo,5,48,-0.9229535040469679,-0.33328094771253103
noninteger_bin_demo,5,49,-0.721503508580905,-0.6981601048359569
noninteger_bin_demo,5,50,-0.4248015859681675,-0.9370292181181303
noninteger_bin_demo,5,51,0.01651282358006596,-1.0144493167722954
noninteger_bin_demo,5,52,0.3958768646633224,-0.9245816252340051
noninteger_bin_demo,5,53,0.6994337536951349,-0.7240780873673469
noninteger_bin_demo,5,54,0.979776467997334,-0.3479417812312712
noninteger_bin_demo,5,55,0.9711897607075527,-0.00546101117951394
noninteger_bin_demo,5,56,0.8893526231054012,0.4239220650014738
noninteger_bin_demo,5,57,0.6250121510696561,0.7410397274304259
noninteger_bin_demo,5,58,0.23321653904916123,0.9706403626218604
noninteger_bin_demo,5,59,-0.1266788705856393,0.9356969897862718
noninteger_bin_demo,5,60,-0.48163734426861576,0.8603268482043189
noninteger_bin_demo,5,61,-0.8278683228995256,0.572208298925277
noninteger_bin_demo,5,62,-0.9385962840484325,0.21436202110884656
noninteger_bin_demo,5,63,-0.974150864332141,-0.20134585939486285
noninteger_bin_demo,5,64,-0.8231133112613198,-0.5706868979313924
noninteger_bin_demo,5,65,-0.5160021028803584,-0.8440087161996312
noninteger_bin_demo,5,66,-0.16388809783353867,-1.0384683286930887
noninteger_bin_demo,5,67,0.27609551472837046,-0.9514992738099601
noninteger_bin_demo,5,68,0.6787490518632295,-0.7538883582848063
noninteger_bin_demo,5,69,0.853895850696218,-0.44260277664575454
noninteger_bin_demo,5,70,1.0164866373712989,-0.10421216648913802
noninteger_bin_demo,5,71,0.9187503982564749,0.3160083851327732
noninteger_bin_demo,5,72,0.7204465838283859,0.6673387494854462
noninteger_bin_demo,5,73,0.38583898735166394,0.8789072235335754
noninteger_bin_demo,5,74,-0.04053111620360801,1.050650427528147
noninteger_bin_demo,5,75,-0.39275169308528485,0.8738078339380423
noninteger_bin_demo,5,76,-0.7712321305656243,0.6764114669365635
noninteger_bin_demo,5,77,-0.9000034617544163,0.36218182350268247
noninteger_bin_demo,5,78,-0.9583689139674632,-0.09204774304337056
noninteger_bin_demo,5,79,-0.8964610283658936,-0.4151678003212199
noninteger_bin_demo,5,80,-0.6517249818655195,-0.8170018596680539
noninteger_bin_demo,5,81,-0.2587108085348551,-0.8945897490153376
noninteger_bin_demo,5,82,0.09154798790037064,-1.0036253068175507
noninteger_bin_demo,5,83,0.5216793332953876,-0.9123756043393311
noninteger_bin_demo,5,84,0.7874084700225686,-0.5949489176583967
noninteger_bin_demo,5,85,0.962999748950976,-0.24403282521206132
noninteger_bin_demo,5,86,0.9641024913907308,0.22735380819893444
noninteger_bin_demo,5,87,0.83353231469432,0.5532248625750302
noninteger_bin_demo,5,88,0.5261881028050306,0.8077335801411141
noninteger_bin_demo,5,89,0.1411639830271677,1.007298019802459
noninteger_bin_demo,5,90,-0.2762114125872675,0.970900275369396
noninteger_bin_demo,5,91,-0.5989971640468376,0.7868617267762329
noninteger_bin_demo,5,92,-0.8530225604775608,0.49181908081464076
noninteger_bin_demo,5,93,-1.0360101986928654,0.05376402275026554
noninteger_bin_demo,5,94,-0.9557775873785761,-0.3331959617143698
noninteger_bin_demo,5,95,-0.7927090608590386,-0.6809254777409753
noninteger_bin_demo,5,96,-0.36174956628654176,-0.9184419472735923
noninteger_bin_demo,5,97,-0.01540746117365775,-0.936291598725029
noninteger_bin_demo,5,98,0.402943815692459,-0.9340968425715496
noninteger_bin_demo,5,99,0.71402301394246,-0.6600839754181304
noninteger_bin_demo,5,100,0.9210360252265472,-0.38117712943006266
noninteger_bin_demo,5,101,1.0344285919735643,0.03443995592304049
noninteger_bin_demo,5,102,0.8565029269010761,0.46086162949213716
noninteger_bin_demo,5,103,0.682259623387094,0.7260748652557681
noninteger_bin_demo,5,104,0.2951836115355024,0.9606555950883058
noninteger_bin_demo,5,105,-0.12500916381577118,0.9909316410893568
noninteger_bin_demo,5,106,-0.5292964295528896,0.9583010799326209
noninteger_bin_demo,5,107,-0.8484050462462853,0.605051520654294
noninteger_bin_demo,5,108,-0.9898147385455248,0.23211291945381887
noninteger_bin_demo,5,109,-0.9519481126284318,-0.2443087805307151
noninteger_bin_demo,5,110,-0.8557749722501076,-0.5628719645804271
noninteger_bin_demo,5,111,-0.49104954113309973,-0.8288297790973908
noninteger_bin_demo,5,112,-0.1597579072148151,-0.9889260352437019
noninteger_bin_demo,5,113,0.26371896285583296,-0.9448179102157159
noninteger_bin_demo,5,114,0.6694609306710828,-0.7650877690756651
noninteger_bin_demo,5,115,0.8525606763650311,-0.37549605062541663
noninteger_bin_demo,5,116,1.0159130561994354,-0.059894359850529426
noninteger_bin_demo,5,117,0.904957422635089,0.3728589898499544
noninteger_bin_demo,5,118,0.7102388025336065,0.7073016368872784
noninteger_bin_demo,5,119,0.3759104385682842,0.9103089763968941
noninteger_bin_demo,5,120,0.03484253697136894,0.9961255634652104
noninteger_bin_demo,5,121,-0.40657245213553783,0.8785513759559354
noninteger_bin_demo,5,122,-0.7299390264025345,0.7017020547992551
noninteger_bin_demo,5,123,-0.9471672567094165,0.32720909976355333
noninteger_bin_demo,5,124,-1.0312408179946508,-0.11977659855980055
noninteger_bin_demo,5,125,-0.8781470690260466,-0.4396539796151818
noninteger_bin_demo,5,126,-0.6427922761752506,-0.7276283226116497
noninteger_bin_demo,5,127,-0.312853909332523,-0.891452468811275
noninteger_bin_demo,6,0,-1.0096563520099127,-0.03605827985112723
noninteger_bin_demo,6,1,-0.9023033332015675,-0.4446988038716051
noninteger_bin_demo,6,2,-0.5933194552331,-0.7920935370867492
noninteger_bin_demo,6,3,-0.25024037629370766,-0.9461126255577069
noninteger_bin_demo,6,4,0.11598856695592921,-0.9773127442017558
noninteger_bin_demo,6,5,0.5771076938264844,-0.8327827793274832
noninteger_bin_demo,6,6,0.8475569079010418,-0.6284017550594836
noninteger_bin_demo,6,7,0.9447555374384788,-0.20595543518663134
noninteger_bin_demo,6,8,0.9998195233250506,0.17906323274831046
noninteger_bin_demo,6,9,0.8024743076636542,0.5853691073980755
noninteger_bin_demo,6,10,0.5679128274142187,0.7985170886755965
noninteger_bin_demo,6,11,0.15540155866078934,0.9586884410643669
noninteger_bin_demo,6,12,-0.22988382621864378,0.9399939138469158
noninteger_bin_demo,6,13,-0.6547159935404026,0.7937686174036065
noninteger_bin_demo,6,14,-0.8985379211798167,0.4889976381151346
noninteger_bin_demo,6,15,-0.9990449523669579,0.12649860607158858
noninteger_bin_demo,6,16,-0.9659513140856435,-0.30566730747475546
noninteger_bin_demo,6,17,-0.7093554966485813,-0.6483558644618301
noninteger_bin_demo,6,18,-0.4326913155824449,-0.9470636407041378
noninteger_bin_demo,6,19,-0.03716808472919527,-1.0186476164989213
noninteger_bin_demo,6,20,0.31687195000730567,-0.9585175360630598
noninteger_bin_demo,6,21,0.733039117544912,-0.6894010289076112
noninteger_bin_demo,6,22,0.9543123626696448,-0.35544550171500916
noninteger_bin_demo,6,23,1.0108211485304788,0.027270547681097327
noninteger_bin_demo,6,24,0.8972212563664498,0.35863073933047007
noninteger_bin_demo,6,25,0.7076253928299,0.7732567519897896
noninteger_bin_demo,6,26,0.3192736606361998,0.9370109797561595
noninteger_bin_demo,6,27,-0.06298097558238439,1.0258638193419325
noninteger_bin_demo,6,28,-0.4782617025957471,0.8537517550301952
noninteger_bin_demo,6,29,-0.7920195080000532,0.6311326021784551
noninteger_bin_demo,6,30,-0.9857560092574676,0.2569816676333029
noninteger_bin_demo,6,31,-0.9568872916570148,-0.1718765478101717
noninteger_bin_demo,6,32,-0.8859191928430795,-0.5688953157299785
noninteger_bin_demo,6,33,-0.6091079096246474,-0.8586348006995199
noninteger_bin_demo,6,34,-0.1570657173286471,-1.041621015469973
noninteger_bin_demo,6,35,0.1950592718700529,-0.9773298289646031
noninteger_bin_demo,6,36,0.5723113635392035,-0.7863716681056456
noninteger_bin_demo,6,37,0.8661638534471899,-0.4614524791151238
noninteger_bin_demo,6,38,0.9886310469572842,-0.06588657362739969
noninteger_bin_demo,6,39,0.9785360116253998,0.2968833644042411
noninteger_bin_demo,6,40,0.7804218275281282,0.6820781960679074
noninteger_bin_demo,6,41,0.4184451261428887,0.9011455919436886
noninteger_bin_demo,6,42,0.025038269878544555,0.9871482764304848
noninteger_bin_demo,6,43,-0.37887498035557204,0.9051285471895462
noninteger_bin_demo,6,44,-0.7307476292526225,0.7447792843415244
noninteger_bin_demo,6,45,-0.9453478638307479,0.3461523461748092
noninteger_bin_demo,6,46,-0.9815971956249331,-0.06484077492590212
noninteger_bin_demo,6,47,-0.8414330826361563,-0.45016720623417683
noninteger_bin_demo,6,48,-0.6636247816607064,-0.824879782949403
noninteger_bin_demo,6,49,-0.30522440966321357,-1.0190644796258035
noninteger_bin_demo,6,50,0.06960080268587773,-0.9966069051088048
noninteger_bin_demo,6,51,0.5324237424619114,-0.8247000801131957
noninteger_bin_demo,6,52,0.8623022311360147,-0.5720757715549429
noninteger_bin_demo,6,53,0.9624685522621493,-0.3104926545173878
noninteger_bin_demo,6,54,0.9907732879540702,0.1898716053410409
noninteger_bin_demo,6,55,0.8473420827066913,0.5719712093771548
noninteger_bin_demo,6,56,0.5450850833519302,0.8051441778881152
noninteger_bin_demo,6,57,0.19136508016439552,0.9892210965086567
noninteger_bin_demo,6,58,-0.2610703761309078,0.9508280070997883
noninteger_bin_demo,6,59,-0.5729139840793093,0.8326152442813951
noninteger_bin_demo,6,60,-0.8647769486753211,0.5084979089831954
noninteger_bin_demo,6,61,-1.0243490003504705,0.11610549053523012
noninteger_bin_demo,6,62,-0.8962272272038273,-0.30551616866299647
noninteger_bin_demo,6,63,-0.7663496174144292,-0.7044093217494183
noninteger_bin_demo,6,64,-0.4708899155924757,-0.9141466936957096
noninteger_bin_demo,6,65,-0.07606440654493844,-0.9987144657752685
noninteger_bin_demo,6,66,0.4153776091065378,-0.9512113204286331
noninteger_bin_demo,6,67,0.7295596543480498,-0.7151927947852288
noninteger_bin_demo,6,68,0.9724028789307095,-0.37518692759936345
noninteger_bin_demo,6,69,1.0231462592380598,0.10554166038897633
noninteger_bin_demo,6,70,0.8746144234761366,0.4127667657692253
noninteger_bin_demo,6,71,0.6211336078067322,0.7451166523042934
noninteger_bin_demo,6,72,0.25800016494439665,0.9838146236898927
noninteger_bin_demo,6,73,-0.12515250491157806,0.9884716063895128
noninteger_bin_demo,6,74,-0.5404780023592801,0.8419390018243981
noninteger_bin_demo,6,75,-0.8025293693729677,0.5714168761341942
noninteger_bin_demo,6,76,-1.0047489228709034,0.2357891549935315
noninteger_bin_demo,6,77,-0.9483126886597789,-0.24276927518657943
noninteger_bin_demo,6,78,-0.807671982123704,-0.5886857922964475
noninteger_bin_demo,6,79,-0.5597730046336077,-0.9138551886795491
noninteger_bin_demo,6,80,-0.16942221443840513,-0.988903135228138
noninteger_bin_demo,6,81,0.2591493184502084,-1.0610266581906886
noninteger_bin_demo,6,82,0.5531612329816924,-0.8026893940287742
noninteger_bin_demo,6,83,0.8618477142317064,-0.4598071341013229
noninteger_bin_demo,6,84,0.9897916182747176,-0.05405889377573801
noninteger_bin_demo,6,85,0.9769487491622457,0.31317351324249637
noninteger_bin_demo,6,86,0.7507880689138415,0.654636461943618
noninteger_bin_demo,6,87,0.40184270386571247,0.9281438908119725
noninteger_bin_demo,6,88,0.01930525220517992,1.0531306355705348
noninteger_bin_demo,6,89,-0.3906911289853598,0.9015106724247512
noninteger_bin_demo,6,90,-0.7037347227299061,0.6726280319283295
noninteger_bin_demo,6,91,-0.947496694240118,0.27540199113790625
noninteger_bin_demo,6,92,-0.9931678041767562,-0.06811751822645333
noninteger_bin_demo,6,93,-0.8887755317918168,-0.45742554936176
noninteger_bin_demo,6,94,-0.6104836016783383,-0.7825771260667587
noninteger_bin_demo,6,95,-0.33331558851066717,-1.0090321665837907
noninteger_bin_demo,6,96,0.16622848160313353,-1.011857140135144
noninteger_bin_demo,6,97,0.4750088391333844,-0.854508724699116
noninteger_bin_demo,6,98,0.8424142202787495,-0.5686796891250441
noninteger_bin_demo,6,99,0.9577195019293341,-0.18570143617957255
noninteger_bin_demo,6,100,1.0151034096691738,0.15202832528574586
noninteger_bin_demo,6,101,0.8340507404231059,0.604906058509796
noninteger_bin_demo,6,102,0.5624671273852854,0.8674652977760898
noninteger_bin_demo,6,103,0.21442971659169766,1.0243291067231757
noninteger_bin_demo,6,104,-0.251462458410201,0.9244167595076869
noninteger_bin_demo,6,105,-0.5923706892041426,0.8298811746072142
noninteger_bin_demo,6,106,-0.921565021504578,0.48959337517475376
noninteger_bin_demo,6,107,-0.9554888514776944,0.05830862432993529
noninteger_bin_demo,6,108,-0.94169443519931,-0.30334247685603427
noninteger_bin_demo,6,109,-0.7326461190933651,-0.685197438533259
noninteger_bin_demo,6,110,-0.4370249625531185,-0.9371913275067536
noninteger_bin_demo,6,111,0.00762011601571988,-0.9853653978920973
noninteger_bin_demo,6,112,0.37435385051021486,-0.8457904676478982
noninteger_bin_demo,6,113,0.7179977921329485,-0.6877372462676794
noninteger_bin_demo,6,114,0.9312686468122692,-0.38004244533673126
noninteger_bin_demo,6,115,1.0426095164946232,0.04007354123719558
noninteger_bin_demo,6,116,0.8840671006995208,0.4810788459272594
noninteger_bin_demo,6,117,0.6428352686547788,0.7252501524434588
noninteger_bin_demo,6,118,0.267189997892465,0.9597697702922177
noninteger_bin_demo,6,119,-0.16057389629466004,0.9747414071760231
noninteger_bin_demo,6,120,-0.4943582543322229,0.9303799712272501
noninteger_bin_demo,6,121,-0.7993575521408635,0.5942312275600369
noninteger_bin_demo,6,122,-0.979471939666912,0.26444764894511985
noninteger_bin_demo,6,123,-1.020263368853649,-0.19260554809459365
noninteger_bin_demo,6,124,-0.8219765818962044,-0.5628457415552974
noninteger_bin_demo,6,125,-0.5114480209507118,-0.8085721229621877
noninteger_bin_demo,6,126,-0.10822290572348015,-0.9716764341545765
noninteger_bin_demo,6,127,0.2835211235331363,-1.0134585063383186
noninteger_bin_demo,7,0,-0.8272212463047409,-0.5120810512509091
noninteger_bin_demo,7,1,-0.5375241292432702,-0.8240660490499385
noninteger_bin_demo,7,2,-0.18468583399726782,-0.9372972727609712
noninteger_bin_demo,7,3,0.2296758937670003,-0.9743945030982429
noninteger_bin_demo,7,4,0.5652968727533372,-0.8061078996637608
noninteger_bin_demo,7,5,0.9042249723508838,-0.4667756331397022
noninteger_bin_demo,7,6,1.0006618662453712,-0.12125147997585575
noninteger_bin_demo,7,7,0.9749255839418384,0.30481587382936576
noninteger_bin_demo,7,8,0.7130761199674732,0.6445534200113987
noninteger_bin_demo,7,9,0.3922714015067539,0.8620432594595957
noninteger_bin_demo,7,10,0.06417763492804124,0.988258895464688
noninteger_bin_demo,7,11,-0.3055120123982244,0.9558114389490052
noninteger_bin_demo,7,12,-0.7276109100147945,0.7507787570035676
noninteger_bin_demo,7,13,-0.8905709632023432,0.40201333675654255
noninteger_bin_demo,7,14,-0.9630698954384986,-0.07334365829567416
noninteger_bin_demo,7,15,-0.9192620049900349,-0.39840501394624067
noninteger_bin_demo,7,16,-0.6871921550360908,-0.7063852568345291
noninteger_bin_demo,7,17,-0.33571933852830743,-0.9715350834246196
noninteger_bin_demo,7,18,0.10674583641949775,-0.9801821885747681
noninteger_bin_demo,7,19,0.4789630751000886,-0.9057631783093102
noninteger_bin_demo,7,20,0.7556008577433446,-0.6652183879881699
noninteger_bin_demo,7,21,0.9951126127912814,-0.2856685442618463
noninteger_bin_demo,7,22,0.977487911703284,0.23240226797446878
noninteger_bin_demo,7,23,0.7549692013382371,0.5060418596911511
noninteger_bin_demo,7,24,0.5939235025660764,0.8073342644920334
noninteger_bin_demo,7,25,0.2187682332685359,0.9711723046331953
noninteger_bin_demo,7,26,-0.22523828253120087,0.9585171780121635
noninteger_bin_demo,7,27,-0.5640087406174099,0.8105053611591737
noninteger_bin_demo,7,28,-0.9167786848295569,0.497141202318851
noninteger_bin_demo,7,29,-0.9830257904650825,0.09994828977492623
noninteger_bin_demo,7,30,-0.9862346236304034,-0.27943110965443724
noninteger_bin_demo,7,31,-0.7493024370614993,-0.6652313997334808
noninteger_bin_demo,7,32,-0.4520970062417275,-0.9029669510957185
noninteger_bin_demo,7,33,-0.025375702256821446,-1.0051780772753622
noninteger_bin_demo,7,34,0.39567427324875437,-0.9178125467168424
noninteger_bin_demo,7,35,0.7278209565170682,-0.7141927994288585
noninteger_bin_demo,7,36,0.9620824824479491,-0.41232545433534534
noninteger_bin_demo,7,37,1.0365682856241742,0.024644706548193965
noninteger_bin_demo,7,38,0.8507981417452773,0.439971168103736
noninteger_bin_demo,7,39,0.6880708432283451,0.6916300650984196
noninteger_bin_demo,7,40,0.3020895733412539,0.879878045527075
noninteger_bin_demo,7,41,-0.0863586175617428,0.9679527032173003
noninteger_bin_demo,7,42,-0.5134158108455188,0.8992575226557127
noninteger_bin_demo,7,43,-0.845634082478442,0.5914164451323868
noninteger_bin_demo,7,44,-0.9718993982521028,0.2244018096874756
noninteger_bin_demo,7,45,-0.958650506157379,-0.15514588012499278
noninteger_bin_demo,7,46,-0.7917085270884388,-0.5898922065493795
noninteger_bin_demo,7,47,-0.489713636193579,-0.8363947469281421
noninteger_bin_demo,7,48,-0.1994336416352486,-1.0278233825557919
noninteger_bin_demo,7,49,0.2727145936354442,-0.9723925723706641
noninteger_bin_demo,7,50,0.6351376229648965,-0.7680624720537075
noninteger_bin_demo,7,51,0.8383455286080918,-0.5161134978077652
noninteger_bin_demo,7,52,1.0094437565886665,-0.11743606450509629
noninteger_bin_demo,7,53,0.9903332023164959,0.35847296550222174
noninteger_bin_demo,7,54,0.7185222899178597,0.6718895363378629
noninteger_bin_demo,7,55,0.4415276767996524,0.8901225675928539
noninteger_bin_demo,7,56,0.04849442109043866,0.9830276587666177
noninteger_bin_demo,7,57,-0.32010806441162964,0.8975106270146804
noninteger_bin_demo,7,58,-0.6913342303022117,0.6862909368376879
noninteger_bin_demo,7,59,-0.972939538133577,0.40003178175839366
noninteger_bin_demo,7,60,-0.956935315749049,-0.010925306276848217
noninteger_bin_demo,7,61,-0.9332449295454623,-0.42126242334620945
noninteger_bin_demo,7,62,-0.6639463994592376,-0.7326958645472688
noninteger_bin_demo,7,63,-0.32156599051121487,-0.963750186288999
noninteger_bin_demo,7,64,0.11684108596646892,-1.0287333185078018
noninteger_bin_demo,7,65,0.5395398202935072,-0.8655645605492679
noninteger_bin_demo,7,66,0.8392331323355647,-0.6038221435293298
noninteger_bin_demo,7,67,0.9803362594078653,-0.22384539374141638
noninteger_bin_demo,7,68,1.0208386712697295,0.14211575326806458
noninteger_bin_demo,7,69,0.877776864344185,0.5704630579548332
noninteger_bin_demo,7,70,0.5872098966262446,0.8626840060866812
noninteger_bin_demo,7,71,0.17787609247729305,0.9557551706088655
noninteger_bin_demo,7,72,-0.22639974374531258,0.9492168623370233
noninteger_bin_demo,7,73,-0.6099683731381158,0.8163221010835789
noninteger_bin_demo,7,74,-0.8486823839444015,0.47418269989137185
noninteger_bin_demo,7,75,-0.9761652190581969,0.06191206806929414
noninteger_bin_demo,7,76,-0.971409133941869,-0.33387168960014446
noninteger_bin_demo,7,77,-0.7332207520223831,-0.7052575645108425
noninteger_bin_demo,7,78,-0.3959523909963401,-0.8701294191455706
noninteger_bin_demo,7,79,-0.02948097540883599,-0.9813096570023224
noninteger_bin_demo,7,80,0.3498457804537819,-0.9113633360337158
noninteger_bin_demo,7,81,0.6868380089864969,-0.7053824183927926
noninteger_bin_demo,7,82,0.9495911616935586,-0.35762527988024334
noninteger_bin_demo,7,83,0.9715139790288874,0.05282840619287289
noninteger_bin_demo,7,84,0.9185872666831927,0.42409214865536216
noninteger_bin_demo,7,85,0.6707155602266854,0.7666243015128393
noninteger_bin_demo,7,86,0.3159353464376743,0.954316455192461
noninteger_bin_demo,7,87,-0.15037369733058695,1.0116212808713674
noninteger_bin_demo,7,88,-0.4973549841106471,0.8230174492189254
noninteger_bin_demo,7,89,-0.8065747330555066,0.5860591264080242
noninteger_bin_demo,7,90,-0.9402222359347275,0.18694506986655912
noninteger_bin_demo,7,91,-0.9547473124933626,-0.1779661854997555
noninteger_bin_demo,7,92,-0.8568673818218072,-0.5318980518397786
noninteger_bin_demo,7,93,-0.5303574847922944,-0.8763304815619819
noninteger_bin_demo,7,94,-0.13831132902810195,-0.9393004307643691
noninteger_bin_demo,7,95,0.23155771928189772,-0.9545843281690023
noninteger_bin_demo,7,96,0.5860563778699563,-0.8060683458392657
noninteger_bin_demo,7,97,0.883043295895597,-0.4247660824807301
noninteger_bin_demo,7,98,0.9677246761411419,-0.09290710366003052
noninteger_bin_demo,7,99,0.9919010794727852,0.2932085175134245
noninteger_bin_demo,7,100,0.7635299064017032,0.6587549845542885
noninteger_bin_demo,7,101,0.4252154885897979,0.8502088206860191
noninteger_bin_demo,7,102,0.05718504296474425,0.9470572852291561
noninteger_bin_demo,7,103,-0.38109017640058673,0.9254569396041239
noninteger_bin_demo,7,104,-0.6534696473262723,0.6977347811205361
noninteger_bin_demo,7,105,-0.9307456455386807,0.4049105939172598
noninteger_bin_demo,7,106,-0.9592984947403603,-0.08003926292976435
noninteger_bin_demo,7,107,-0.9380508982295527,-0.3867695138360037
noninteger_bin_demo,7,108,-0.562035169850142,-0.7748164702802971
noninteger_bin_demo,7,109,-0.36768188001227353,-0.9333418861851521
noninteger_bin_demo,7,110,0.13280883261851822,-1.0013408911794899
noninteger_bin_demo,7,111,0.4859863139973154,-0.8096853836227534
noninteger_bin_demo,7,112,0.8037908871902429,-0.6045814003891412
noninteger_bin_demo,7,113,0.9560728510942221,-0.25602629370960367
noninteger_bin_demo,7,114,0.9933682544622667,0.1786091966662407
noninteger_bin_demo,7,115,0.8023265109562366,0.5486698301532686
noninteger_bin_demo,7,116,0.4986554806600583,0.8675171948366567
noninteger_bin_demo,7,117,0.12213381755370639,1.025500337347752
noninteger_bin_demo,7,118,-0.28028393048602596,0.9365000816993974
noninteger_bin_demo,7,119,-0.6448992406889953,0.8642549131511711
noninteger_bin_demo,7,120,-0.845456635359879,0.4727620241759255
noninteger_bin_demo,7,121,-1.003024930266096,0.08435405304345767
noninteger_bin_demo,7,122,-0.914228599063515,-0.30745183878250565
noninteger_bin_demo,7,123,-0.7710813244795195,-0.6733208706225263
noninteger_bin_demo,7,124,-0.3743969663579319,-0.8814979001225633
noninteger_bin_demo,7,125,-0.0732232174420957,-0.9838904166487016
noninteger_bin_demo,7,126,0.3924940370815016,-0.9414646360121623
noninteger_bin_demo,7,127,0.7023989799290252,-0.6997047825750029
noninteger_bin_demo,8,0,-0.4380385303851407,-0.9116923012673123
noninteger_bin_demo,8,1,-0.0642403353958984,-0.9652588438988877
noninteger_bin_demo,8,2,0.3507055393417376,-0.8907145018557131
noninteger_bin_demo,8,3,0.71264587125553,-0.7475705245598837
noninteger_bin_demo,8,4,0.8995868921833651,-0.34483537014623544
noninteger_bin_demo,8,5,1.0157805040122119,0.008295498819097276
noninteger_bin_demo,8,6,0.864408559770724,0.3678780950717991
noninteger_bin_demo,8,7,0.7185553834604426,0.695165831246145
noninteger_bin_demo,8,8,0.33253357780723247,0.9697592198587481
noninteger_bin_demo,8,9,-0.08967058018214835,0.9987095661864478
noninteger_bin_demo,8,10,-0.4379918545372231,0.8715692804184074
noninteger_bin_demo,8,11,-0.7681225177760898,0.6488831197924833
noninteger_bin_demo,8,12,-0.9630206712193119,0.2638186617116941
noninteger_bin_demo,8,13,-0.9925284761887374,-0.1847053373811381
noninteger_bin_demo,8,14,-0.8619708918823676,-0.5783977079666462
noninteger_bin_demo,8,15,-0.5904550483659351,-0.813389189466574
noninteger_bin_demo,8,16,-0.20993232355477007,-0.9698915159177882
noninteger_bin_demo,8,17,0.13489491686517027,-0.971389040886281
noninteger_bin_demo,8,18,0.5632808375609704,-0.8357623016532292
noninteger_bin_demo,8,19,0.8322740322252145,-0.5170414896695703
noninteger_bin_demo,8,20,0.9747829391474769,-0.10396025537521164
noninteger_bin_demo,8,21,0.9636477575094006,0.2808332495337122
noninteger_bin_demo,8,22,0.7166517969660109,0.6225551346214757
noninteger_bin_demo,8,23,0.48024921356171135,0.854681638825902
noninteger_bin_demo,8,24,0.08497015034715849,1.0185851242198984
noninteger_bin_demo,8,25,-0.35968795153593136,0.9174318816677127
noninteger_bin_demo,8,26,-0.7202929180199077,0.7232930242119007
noninteger_bin_demo,8,27,-0.9449165488835694,0.35017502851120685
noninteger_bin_demo,8,28,-1.016290536187414,-0.002014732039208012
noninteger_bin_demo,8,29,-0.9261963403665924,-0.41745385152226555
noninteger_bin_demo,8,30,-0.6586949367193512,-0.7614529762579877
noninteger_bin_demo,8,31,-0.30477108050196633,-0.9559098585380976
noninteger_bin_demo,8,32,0.11909921524782247,-0.9929800828897937
noninteger_bin_demo,8,33,0.49569554881749756,-0.8536138298308823
noninteger_bin_demo,8,34,0.7823971846241377,-0.6286780743866781
noninteger_bin_demo,8,35,0.9614214169025508,-0.260247316525901
noninteger_bin_demo,8,36,1.009405316844418,0.08532475614642882
noninteger_bin_demo,8,37,0.8399634681791076,0.5082912016394231
noninteger_bin_demo,8,38,0.5827409493563956,0.8307798380265505
noninteger_bin_demo,8,39,0.18935298229115538,1.0172604010467359
noninteger_bin_demo,8,40,-0.21189063746712847,1.043842212796501
noninteger_bin_demo,8,41,-0.5550261609779329,0.829447698431377
noninteger_bin_demo,8,42,-0.8765612213067326,0.5108350096282154
noninteger_bin_demo,8,43,-0.9974713353775517,0.12910280453354178
noninteger_bin_demo,8,44,-0.9225632278800128,-0.2705267092105053
noninteger_bin_demo,8,45,-0.7717593095491336,-0.6125671397597996
noninteger_bin_demo,8,46,-0.41067978851594383,-0.9198587436867551
noninteger_bin_demo,8,47,-0.02944204557847572,-1.0057719655785116
noninteger_bin_demo,8,48,0.35249216712731324,-0.9651929946316258
noninteger_bin_demo,8,49,0.613581747798894,-0.7530288468578418
noninteger_bin_demo,8,50,0.8837164717043701,-0.38431538895465117
noninteger_bin_demo,8,51,0.9792552949401052,0.05379835393543796
noninteger_bin_demo,8,52,0.9569323437416699,0.43169586953653655
noninteger_bin_demo,8,53,0.6285645208712936,0.7761365406946168
noninteger_bin_demo,8,54,0.3151967392897964,0.9446155747905107
noninteger_bin_demo,8,55,-0.07759679919626755,1.0011221907137213
noninteger_bin_demo,8,56,-0.5141003204082498,0.8479738303000518
noninteger_bin_demo,8,57,-0.7765376834696477,0.6179644209315701
noninteger_bin_demo,8,58,-0.9270908570564628,0.26439235332801153
noninteger_bin_demo,8,59,-0.9660051635431592,-0.19204030289229765
noninteger_bin_demo,8,60,-0.857828031470619,-0.5067782225302895
noninteger_bin_demo,8,61,-0.5468534973300233,-0.8236620901720327
noninteger_bin_demo,8,62,-0.19132697386006847,-0.9394128196909524
noninteger_bin_demo,8,63,0.24274922868945298,-0.9916230011004569
noninteger_bin_demo,8,64,0.5615823437546976,-0.8028520848261907
noninteger_bin_demo,8,65,0.8805237491113608,-0.5183965000085686
noninteger_bin_demo,8,66,0.9976984988347298,-0.12192459209516884
noninteger_bin_demo,8,67,0.9610615270713018,0.25275619084302287
noninteger_bin_demo,8,68,0.8030660866812375,0.6147571585038503
noninteger_bin_demo,8,69,0.49814848911367565,0.894732790604442
noninteger_bin_demo,8,70,0.039695495208583016,1.0064590372188076
noninteger_bin_demo,8,71,-0.32247975562719355,0.9016678357206971
noninteger_bin_demo,8,72,-0.6670030349591279,0.7584630539938493
noninteger_bin_demo,8,73,-0.916336781679575,0.38603694439703284
noninteger_bin_demo,8,74,-0.9698800748808364,-0.0021179358650262343
noninteger_bin_demo,8,75,-0.8949340550099036,-0.37711875879027756
noninteger_bin_demo,8,76,-0.6503263980768603,-0.7136747217157161
noninteger_bin_demo,8,77,-0.3585392384664036,-0.9051587784158932
noninteger_bin_demo,8,78,0.04023507844278711,-1.02602881160953
noninteger_bin_demo,8,79,0.5109246037535612,-0.9036272570642517
noninteger_bin_demo,8,80,0.7800035473256272,-0.6262108493917556
noninteger_bin_demo,8,81,1.0276417267395646,-0.232438741240625
noninteger_bin_demo,8,82,0.970294492117486,0.17575413727178837
noninteger_bin_demo,8,83,0.9094470003216363,0.5879445233374118
noninteger_bin_demo,8,84,0.5434459938171903,0.8599971857386874
noninteger_bin_demo,8,85,0.22154359891204764,0.9615444784975573
noninteger_bin_demo,8,86,-0.28720527424497677,0.9570106364356225
noninteger_bin_demo,8,87,-0.5983068452556319,0.78127280109564
noninteger_bin_demo,8,88,-0.8233843099118325,0.48759136139921067
noninteger_bin_demo,8,89,-0.9517020538336648,0.12261866905617579
noninteger_bin_demo,8,90,-0.8752438099350284,-0.23945964971516756
noninteger_bin_demo,8,91,-0.7820534648275167,-0.7126729542471112
noninteger_bin_demo,8,92,-0.48043650578433666,-0.9477256172091448
noninteger_bin_demo,8,93,-0.04428273256526689,-0.9788035232210599
noninteger_bin_demo,8,94,0.3348427233577428,-0.9115491018959988
noninteger_bin_demo,8,95,0.7069209818659971,-0.7014300552040285
noninteger_bin_demo,8,96,0.9010039450391234,-0.3634939713308598
noninteger_bin_demo,8,97,1.0129535475039937,0.002257612762358056
noninteger_bin_demo,8,98,0.9016144335170146,0.43897195900176345
noninteger_bin_demo,8,99,0.6689833555192309,0.7671014224413866
noninteger_bin_demo,8,100,0.31800073045375254,0.9560531167981986
noninteger_bin_demo,8,101,-0.07416670087693769,0.9702946987959645
noninteger_bin_demo,8,102,-0.5038599292085983,0.9272506559790383
noninteger_bin_demo,8,103,-0.7954633860109096,0.5572636274947957
noninteger_bin_demo,8,104,-1.0046302012296677,0.21553523851134068
noninteger_bin_demo,8,105,-0.9913998243853981,-0.11013685808794263
noninteger_bin_demo,8,106,-0.8365803638718639,-0.5078207679778062
noninteger_bin_demo,8,107,-0.5244387968394847,-0.8324899621450036
noninteger_bin_demo,8,108,-0.2142399841936592,-0.9734264606892887
noninteger_bin_demo,8,109,0.2313963725577742,-0.9681024441707073
noninteger_bin_demo,8,110,0.6317471112153582,-0.785140847666959
noninteger_bin_demo,8,111,0.8506306276163518,-0.4907753914681248
noninteger_bin_demo,8,112,0.9720048440714721,-0.17602122450748647
noninteger_bin_demo,8,113,0.9930610464604099,0.2651339238978168
noninteger_bin_demo,8,114,0.7974754632834918,0.6329823303962661
noninteger_bin_demo,8,115,0.447267334817179,0.9055931446832542
noninteger_bin_demo,8,116,0.025026947360867552,1.0080935837377318
noninteger_bin_demo,8,117,-0.4001386314310219,0.927143339316791
noninteger_bin_demo,8,118,-0.670680604386187,0.6789206226898378
noninteger_bin_demo,8,119,-0.8948987509858612,0.4003420744924169
noninteger_bin_demo,8,120,-1.0324750795760156,-0.06657334689066369
noninteger_bin_demo,8,121,-0.9250962140771585,-0.37522281686840586
noninteger_bin_demo,8,122,-0.6928866374134282,-0.6676202915764179
noninteger_bin_demo,8,123,-0.3114939544292934,-0.9673055037349299
noninteger_bin_demo,8,124,0.10117175219839919,-0.9488969980526899
noninteger_bin_demo,8,125,0.45052566866239246,-0.8738552293374193
noninteger_bin_demo,8,126,0.7944388304775936,-0.5592255217971188
noninteger_bin_demo,8,127,0.9835904863749363,-0.2209866804080623
noninteger_bin_demo,9,0,0.0954641214173909,-0.9907928252896209
noninteger_bin_demo,9,1,0.4463179268525155,-0.8388960027370365
noninteger_bin_demo,9,2,0.7510393593164228,-0.6281381370058339
noninteger_bin_demo,9,3,0.973954608518969,-0.3285833085189305
noninteger_bin_demo,9,4,1.0404630370337207,0.1468699325627076
noninteger_bin_demo,9,5,0.8367175130856634,0.5341474645261656
noninteger_bin_demo,9,6,0.5541575666136533,0.8344228303579877
noninteger_bin_demo,9,7,0.19180752913125848,0.9472140944508138
noninteger_bin_demo,9,8,-0.14043661769803334,0.9190723871068642
noninteger_bin_demo,9,9,-0.5590702345982046,0.8682841839054651
noninteger_bin_demo,9,10,-0.8457157594572418,0.5480908026814023
noninteger_bin_demo,9,11,-1.0418681962698972,0.16001275908511717
noninteger_bin_demo,9,12,-0.9518289249590021,-0.28701430752980706
noninteger_bin_demo,9,13,-0.8186338083292077,-0.6442058648092676
noninteger_bin_demo,9,14,-0.4667038168850371,-0.869736185801779
noninteger_bin_demo,9,15,-0.0585621695331849,-0.9990977912108348
noninteger_bin_demo,9,16,0.3020899626646288,-0.9773734160297047
noninteger_bin_demo,9,17,0.627446020115328,-0.7089445927842406
noninteger_bin_demo,9,18,0.8583546633815333,-0.4549946244703662
noninteger_bin_demo,9,19,0.9843143423323965,0.04671233997732009
noninteger_bin_demo,9,20,0.9246392520746531,0.4089471379909909
noninteger_bin_demo,9,21,0.6572095298373877,0.7648464075896909
noninteger_bin_demo,9,22,0.38426269935949087,0.9348756367742871
noninteger_bin_demo,9,23,-0.08308019691850975,1.0336304604016295
noninteger_bin_demo,9,24,-0.4440003669909155,0.8994505776654308
noninteger_bin_demo,9,25,-0.7401648724905459,0.6229838064405012
noninteger_bin_demo,9,26,-0.958127175582819,0.2692299277192197
noninteger_bin_demo,9,27,-0.9956310284287674,-0.041166925369374996
noninteger_bin_demo,9,28,-0.7982747114868884,-0.5078982319535783
noninteger_bin_demo,9,29,-0.5768428453730343,-0.8564652099048903
noninteger_bin_demo,9,30,-0.20376899576018506,-0.9818351271624799
noninteger_bin_demo,9,31,0.166442125691376,-1.0030077742118193
noninteger_bin_demo,9,32,0.6121387185427564,-0.8119831601344338
noninteger_bin_demo,9,33,0.7825485037047993,-0.5881937838051166
noninteger_bin_demo,9,34,0.9868306913486532,-0.11261416824190856
noninteger_bin_demo,9,35,1.0196060810573606,0.3023861651716762
noninteger_bin_demo,9,36,0.7422886123596567,0.6338485682003596
noninteger_bin_demo,9,37,0.4614749541217117,0.9001983816038409
noninteger_bin_demo,9,38,0.05886672441482416,0.9925546457330889
noninteger_bin_demo,9,39,-0.2795416810893337,0.9811235782694362
noninteger_bin_demo,9,40,-0.6408683342786737,0.6876324358378372
noninteger_bin_demo,9,41,-0.9278107943364204,0.4434274322583695
noninteger_bin_demo,9,42,-1.003952005151995,0.003501740916233377
noninteger_bin_demo,9,43,-0.9315021035922186,-0.4267025924302145
noninteger_bin_demo,9,44,-0.6974176221435606,-0.740184578471904
noninteger_bin_demo,9,45,-0.35741429764612687,-0.9258169718667593
noninteger_bin_demo,9,46,0.06615245856026009,-1.0173807544167823
noninteger_bin_demo,9,47,0.48028606276509817,-0.881110594685383
noninteger_bin_demo,9,48,0.7796403149653673,-0.6362105601633969
noninteger_bin_demo,9,49,0.9520942512829226,-0.2730151098147326
noninteger_bin_demo,9,50,1.0281615667857475,0.15445265041015682
noninteger_bin_demo,9,51,0.8188954712188802,0.5218815008049756
noninteger_bin_demo,9,52,0.6090211697343783,0.8519133510228324
noninteger_bin_demo,9,53,0.2296179819476239,1.03109767363798
noninteger_bin_demo,9,54,-0.22524382222253267,0.9735018986980082
noninteger_bin_demo,9,55,-0.5284170298444124,0.7752618705087683
noninteger_bin_demo,9,56,-0.8691689185323264,0.5422974857326727
noninteger_bin_demo,9,57,-0.9866448363638685,0.09500913499525843
noninteger_bin_demo,9,58,-1.0167958480087944,-0.2315357323103117
noninteger_bin_demo,9,59,-0.7909485704985039,-0.5894660727900021
noninteger_bin_demo,9,60,-0.3980977495463227,-0.9374075048066508
noninteger_bin_demo,9,61,-0.0511222984878965,-1.011381635885681
noninteger_bin_demo,9,62,0.29280133507094597,-0.9797715296395404
noninteger_bin_demo,9,63,0.6871977589380021,-0.6770271148334774
noninteger_bin_demo,9,64,0.9432830651172603,-0.39313888143053805
noninteger_bin_demo,9,65,1.005458239001794,-0.022597615466780296
noninteger_bin_demo,9,66,0.8917681041465428,0.4304731621817658
noninteger_bin_demo,9,67,0.6857689775635226,0.7492180530889828
noninteger_bin_demo,9,68,0.3054062701555287,0.9447211735829968
noninteger_bin_demo,9,69,-0.028531498520015595,0.9714522392482831
noninteger_bin_demo,9,70,-0.46202782540293746,0.8443374825459105
noninteger_bin_demo,9,71,-0.7952096234261419,0.6236051098400756
noninteger_bin_demo,9,72,-0.9416783598229647,0.28591730808390814
noninteger_bin_demo,9,73,-0.9608661465039857,-0.13530883341007685
noninteger_bin_demo,9,74,-0.8712498683355591,-0.4812102529193902
noninteger_bin_demo,9,75,-0.5650642031034283,-0.8057842692089262
noninteger_bin_demo,9,76,-0.23939935983970748,-0.9676099363778291
noninteger_bin_demo,9,77,0.24313527164057458,-0.9696896683240583
noninteger_bin_demo,9,78,0.5933253811591471,-0.7987692412591116
noninteger_bin_demo,9,79,0.8151526231350386,-0.5894879299298167
noninteger_bin_demo,9,80,0.9730197154743744,-0.17811493006342766
noninteger_bin_demo,9,81,1.0063086770661807,0.3117253549807116
noninteger_bin_demo,9,82,0.7749107032735605,0.6630692501445375
noninteger_bin_demo,9,83,0.43805373583420604,0.8975089610380327
noninteger_bin_demo,9,84,0.04960793038568982,1.0376081747344192
noninteger_bin_demo,9,85,-0.32557122782919323,0.951333856516709
noninteger_bin_demo,9,86,-0.6849726199597002,0.7817879624537786
noninteger_bin_demo,9,87,-0.9400987043576879,0.43756602488122176
noninteger_bin_demo,9,88,-0.9919986274624986,0.015948926576508874
noninteger_bin_demo,9,89,-0.9229120854743081,-0.40738381421567227
noninteger_bin_demo,9,90,-0.6793980686217049,-0.7624278308702074
noninteger_bin_demo,9,91,-0.3296051440246269,-0.9088205408356169
noninteger_bin_demo,9,92,0.06683305097042404,-1.0362997054207352
noninteger_bin_demo,9,93,0.4962006905265124,-0.9042877055144072
noninteger_bin_demo,9,94,0.8225817937042699,-0.6099115773642885
noninteger_bin_demo,9,95,0.9913456151950418,-0.30428728515676834
noninteger_bin_demo,9,96,1.0747788517895678,0.15533702953943254
noninteger_bin_demo,9,97,0.8376906844241461,0.4538139359170614
noninteger_bin_demo,9,98,0.5848605082154119,0.79356395570488
noninteger_bin_demo,9,99,0.15401763970771454,0.971527577018576
noninteger_bin_demo,9,100,-0.16775538697724554,0.9781584268917999
noninteger_bin_demo,9,101,-0.6353061450162002,0.8323798570495392
noninteger_bin_demo,9,102,-0.8718747580096952,0.5053633163020936
noninteger_bin_demo,9,103,-0.9626955467757848,0.07336987507686937
noninteger_bin_demo,9,104,-0.9379970029839959,-0.27566291921533215
noninteger_bin_demo,9,105,-0.7475034835407445,-0.6674140922869363
noninteger_bin_demo,9,106,-0.5003352495824065,-0.9065464644863304
noninteger_bin_demo,9,107,-0.08805357979503106,-1.0095267603380915
noninteger_bin_demo,9,108,0.3877074156869417,-0.9574791559539743
noninteger_bin_demo,9,109,0.6604408336880618,-0.6936612594339945
noninteger_bin_demo,9,110,0.9819112610329936,-0.3819220653719505
noninteger_bin_demo,9,111,1.035367070289663,-0.0161214869368319
noninteger_bin_demo,9,112,0.896538490962464,0.435440138250168
noninteger_bin_demo,9,113,0.6964269086003,0.7279748882720761
noninteger_bin_demo,9,114,0.3603144102610057,1.053103080927777
noninteger_bin_demo,9,115,-0.0627738650090423,0.9881487301307988
noninteger_bin_demo,9,116,-0.4882023094745941,0.8330646041255854
noninteger_bin_demo,9,117,-0.7523094007403046,0.6279292766953894
noninteger_bin_demo,9,118,-0.9262541747077675,0.20321574987474927
noninteger_bin_demo,9,119,-0.9384482174293267,-0.10362312622509384
noninteger_bin_demo,9,120,-0.8058377779573773,-0.5590863895364319
noninteger_bin_demo,9,121,-0.5856613056093558,-0.8127719203994216
noninteger_bin_demo,9,122,-0.17515992824913956,-1.00188500820187
noninteger_bin_demo,9,123,0.19465917320723786,-0.9556073043654143
noninteger_bin_demo,9,124,0.583809995404446,-0.8309549989681936
noninteger_bin_demo,9,125,0.8334507116852261,-0.5362914321452305
noninteger_bin_demo,9,126,0.97720331027477,-0.13461812925968514
noninteger_bin_demo,9,127,0.9401595054433661,0.26771070106657247
noninteger_bin_demo,10,0,0.5272511671017395,-0.8502904083521713
noninteger_bin_demo,10,1,0.874521362456051,-0.551509830313526
noninteger_bin_demo,10,2,0.9707939724219197,-0.12015141547443019
noninteger_bin_demo,10,3,1.002477131987644,0.25268463790163836
noninteger_bin_demo,10,4,0.7869280733620261,0.6674237408914068
noninteger_bin_demo,10,5,0.49237114955107525,0.8999084195333402
noninteger_bin_demo,10,6,0.16999792016253734,0.9986038473528224
noninteger_bin_demo,10,7,-0.34798147534027707,0.8757724950746533
noninteger_bin_demo,10,8,-0.6566799382924043,0.8032980914186774
noninteger_bin_demo,10,9,-0.925618411918093,0.42429653393498545
noninteger_bin_demo,10,10,-0.9880684171078249,0.07930007972672631
noninteger_bin_demo,10,11,-0.9712039085512038,-0.4305349502353908
noninteger_bin_demo,10,12,-0.7277569030758138,-0.6855117323084804
noninteger_bin_demo,10,13,-0.3047085225532324,-0.9122151133110541
noninteger_bin_demo,10,14,0.03856881866332998,-1.053757510994339
noninteger_bin_demo,10,15,0.40624938950723816,-0.9024040862898488
noninteger_bin_demo,10,16,0.7798460879576301,-0.653153772322904
noninteger_bin_demo,10,17,1.0122892689227296,-0.2665693431606075
noninteger_bin_demo,10,18,0.9249757140721039,0.10654107632691023
noninteger_bin_demo,10,19,0.8591553369741798,0.49464964551792734
noninteger_bin_demo,10,20,0.5866694966624775,0.8137560713854812
noninteger_bin_demo,10,21,0.18150538473375633,0.9346061305165474
noninteger_bin_demo,10,22,-0.22544974901491732,0.9521879483637915
noninteger_bin_demo,10,23,-0.5329588410332987,0.7812432620561058
noninteger_bin_demo,10,24,-0.7393566503428755,0.5536870291501047
noninteger_bin_demo,10,25,-1.012970601071435,0.2243368680657573
noninteger_bin_demo,10,26,-0.9798052605465768,-0.2527395566742407
noninteger_bin_demo,10,27,-0.7677130798122889,-0.5373056752937214
noninteger_bin_demo,10,28,-0.4885345651764841,-0.9167400024016974
noninteger_bin_demo,10,29,-0.14699423277189605,-1.0129866748490013
noninteger_bin_demo,10,30,0.3387681466520429,-0.9262276389815096
noninteger_bin_demo,10,31,0.6609565409781689,-0.7634035409906811
noninteger_bin_demo,10,32,0.9229206704351459,-0.43755138275741134
noninteger_bin_demo,10,33,1.0425336621557244,-0.020353371917718847
noninteger_bin_demo,10,34,0.9311266813468416,0.3685480711269669
noninteger_bin_demo,10,35,0.6877295757091004,0.7447930002271166
noninteger_bin_demo,10,36,0.29503584374680014,0.9316607489677465
noninteger_bin_demo,10,37,-0.06742979979685113,1.0166041597858921
noninteger_bin_demo,10,38,-0.4506663059571604,0.9298980537928693
noninteger_bin_demo,10,39,-0.7613492576016014,0.6662589772680066
noninteger_bin_demo,10,40,-0.95672301271419,0.3188871645364026
noninteger_bin_demo,10,41,-0.9784945399457234,-0.12983098460455697
noninteger_bin_demo,10,42,-0.8441489693097377,-0.5036675484844245
noninteger_bin_demo,10,43,-0.6204639017236058,-0.855752451830512
noninteger_bin_demo,10,44,-0.2388752540290663,-0.9576298207369796
noninteger_bin_demo,10,45,0.1788836851886569,-0.9914910908089049
noninteger_bin_demo,10,46,0.5954460731552058,-0.8441425906005696
noninteger_bin_demo,10,47,0.8293994191821822,-0.5624279064285819
noninteger_bin_demo,10,48,1.0161975881096497,-0.11875863927863153
noninteger_bin_demo,10,49,0.9453816860494121,0.26356970871316443
noninteger_bin_demo,10,50,0.7604694489347177,0.6016543915863405
noninteger_bin_demo,10,51,0.426939817926632,0.9024437746104431
noninteger_bin_demo,10,52,0.08510837449639175,0.9762653001833358
noninteger_bin_demo,10,53,-0.34860069072898464,0.941216810644241
noninteger_bin_demo,10,54,-0.6665451279243301,0.807303171493845
noninteger_bin_demo,10,55,-0.8707583570585007,0.4045802114346916
noninteger_bin_demo,10,56,-1.0453827294331908,0.036376667304000854
noninteger_bin_demo,10,57,-0.9155177256355216,-0.37586817535614453
noninteger_bin_demo,10,58,-0.6535765357184714,-0.7261376402763929
noninteger_bin_demo,10,59,-0.3787457848996748,-1.0007436765600208
noninteger_bin_demo,10,60,0.09386051490671143,-0.996308926054163
noninteger_bin_demo,10,61,0.48221650437376806,-0.8443140332748748
noninteger_bin_demo,10,62,0.7422353433200525,-0.6108045928906845
noninteger_bin_demo,10,63,0.9986489114100264,-0.29220087787278587
noninteger_bin_demo,10,64,1.0259320958031626,0.07269839892820879
noninteger_bin_demo,10,65,0.8982172840034415,0.4168000464574788
noninteger_bin_demo,10,66,0.650510995200224,0.7993020890600914
noninteger_bin_demo,10,67,0.2054042311971543,0.9578236523335647
noninteger_bin_demo,10,68,-0.17356969690975857,1.0001721951398037
noninteger_bin_demo,10,69,-0.5907035225104981,0.8401175945916936
noninteger_bin_demo,10,70,-0.7601483717078799,0.5198747859793352
noninteger_bin_demo,10,71,-0.9395514048819997,0.15739713951772621
noninteger_bin_demo,10,72,-0.9644873327246015,-0.22159485504985907
noninteger_bin_demo,10,73,-0.8561356511855246,-0.5325313113164181
noninteger_bin_demo,10,74,-0.5065018079645296,-0.9304609490315933
noninteger_bin_demo,10,75,-0.03884883773984717,-1.0281434286516382
noninteger_bin_demo,10,76,0.30788413385053237,-0.9163374454431811
noninteger_bin_demo,10,77,0.6644827521718141,-0.7571141455930656
noninteger_bin_demo,10,78,0.8833919931371598,-0.406421466151305
noninteger_bin_demo,10,79,0.9931469323500862,-0.08575939902291582
noninteger_bin_demo,10,80,0.9082099614011842,0.36080677218237184
noninteger_bin_demo,10,81,0.6964301191409761,0.6736556905667431
noninteger_bin_demo,10,82,0.3777118520394608,0.990679202164206
noninteger_bin_demo,10,83,-0.006967998613960288,0.9796129244572106
noninteger_bin_demo,10,84,-0.4863796538546992,0.8618935493711579
noninteger_bin_demo,10,85,-0.7317690403287311,0.6520082181635315
noninteger_bin_demo,10,86,-1.0419058586768504,0.2798499665163985
noninteger_bin_demo,10,87,-0.9535428871276309,-0.12221442831869944
noninteger_bin_demo,10,88,-0.8279459228804993,-0.5169696522999112
noninteger_bin_demo,10,89,-0.5717306163718714,-0.7803259833117743
noninteger_bin_demo,10,90,-0.1771749540625497,-0.9234612148605807
noninteger_bin_demo,10,91,0.21648015779265675,-0.9828951270145385
noninteger_bin_demo,10,92,0.5357193613107164,-0.8458411967668205
noninteger_bin_demo,10,93,0.8549222664555204,-0.550188836142051
noninteger_bin_demo,10,94,1.0235173599328573,-0.16737301081423106
noninteger_bin_demo,10,95,0.9378045564053838,0.280303483910336
noninteger_bin_demo,10,96,0.7229710997933019,0.6237783093369833
noninteger_bin_demo,10,97,0.4605387269429671,0.8651205528933215
noninteger_bin_demo,10,98,0.043921667450581604,1.0066139331992878
noninteger_bin_demo,10,99,-0.3122852774714201,0.9254963618268961
noninteger_bin_demo,10,100,-0.66648399780776,0.7655612299197362
noninteger_bin_demo,10,101,-0.8681251807189818,0.4032316673263824
noninteger_bin_demo,10,102,-0.9530874428981557,0.020187006221934454
noninteger_bin_demo,10,103,-0.899741899537113,-0.369852179056611
noninteger_bin_demo,10,104,-0.7075579235369752,-0.7658896267599774
noninteger_bin_demo,10,105,-0.38275585199429313,-0.9836120056390971
noninteger_bin_demo,10,106,0.07489172870669136,-1.0176661928229733
noninteger_bin_demo,10,107,0.45687465102181546,-0.8586526957423195
noninteger_bin_demo,10,108,0.7328378794205345,-0.6569105090784092
noninteger_bin_demo,10,109,0.9528645247391265,-0.255262565770707
noninteger_bin_demo,10,110,0.9670822688810619,0.12192732672636811
noninteger_bin_demo,10,111,0.8821714221931535,0.4968078173797478
noninteger_bin_demo,10,112,0.5666329310088446,0.787961354167795
noninteger_bin_demo,10,113,0.2360777827376245,0.9236281900218142
noninteger_bin_demo,10,114,-0.19882248982297182,0.9827973108202411
noninteger_bin_demo,10,115,-0.5871983927426521,0.8196024927211992
noninteger_bin_demo,10,116,-0.8616628591710788,0.5040815454901054
noninteger_bin_demo,10,117,-0.9868239332656337,0.13877767978529948
noninteger_bin_demo,10,118,-0.9840912584533285,-0.2829078913669252
noninteger_bin_demo,10,119,-0.7939175391719228,-0.6501335515317195
noninteger_bin_demo,10,120,-0.48327235950201325,-0.8820093550974267
noninteger_bin_demo,10,121,-0.0730835417898867,-0.9805538518241387
noninteger_bin_demo,10,122,0.3334459068311552,-0.9182697725217409
noninteger_bin_demo,10,123,0.632212314296261,-0.6820164106414508
noninteger_bin_demo,10,124,0.8982908314443449,-0.40561235949089236
noninteger_bin_demo,10,125,0.983713309164271,-0.027822874271655904
noninteger_bin_demo,10,126,0.9397470275522115,0.39965678289942275
noninteger_bin_demo,10,127,0.6773468397254483,0.7114822512827687
noninteger_bin_demo,11,0,0.8755175603198413,-0.4233562446440603
noninteger_bin_demo,11,1,1.0145888707747777,-0.059745428433023384
noninteger_bin_demo,11,2,0.9700257557285297,0.36571522547885654
noninteger_bin_demo,11,3,0.7318847351881785,0.7018717902801254
noninteger_bin_demo,11,4,0.3458525090231616,0.9953727955698596
noninteger_bin_demo,11,5,0.006981746422148365,0.97865501225812
noninteger_bin_demo,11,6,-0.35090671483158276,0.9172055427815826
noninteger_bin_demo,11,7,-0.7516063035992515,0.6791958377523001
noninteger_bin_demo,11,8,-0.9354127925909875,0.31261350978658303
noninteger_bin_demo,11,9,-1.010080325092399,-0.10872699692505218
noninteger_bin_demo,11,10,-0.9137659767211807,-0.43379398843251205
noninteger_bin_demo,11,11,-0.6226461777740212,-0.7870088414759773
noninteger_bin_demo,11,12,-0.2579258466781677,-0.9284247540768492
noninteger_bin_demo,11,13,0.13277605840083503,-1.0487508840758548
noninteger_bin_demo,11,14,0.547341389849689,-0.8192660455468714
noninteger_bin_demo,11,15,0.7731774537868307,-0.5477646191108637
noninteger_bin_demo,11,16,0.9894362831264755,-0.1948917465777892
noninteger_bin_demo,11,17,0.9574662401526322,0.26260741162274315
noninteger_bin_demo,11,18,0.7746161148199068,0.5727932141678319
noninteger_bin_demo,11,19,0.5333016274500949,0.8869014003233573
noninteger_bin_demo,11,20,0.14177346875350144,1.0485606713218367
noninteger_bin_demo,11,21,-0.3255801211554364,0.9580611794661349
noninteger_bin_demo,11,22,-0.6383614544635355,0.7352906211099658
noninteger_bin_demo,11,23,-0.9228187543764077,0.43870049314058934
noninteger_bin_demo,11,24,-1.0131333658178872,0.04174693278213317
noninteger_bin_demo,11,25,-0.9511772950073382,-0.3852806354043986
noninteger_bin_demo,11,26,-0.7090452990885813,-0.7215499286805785
noninteger_bin_demo,11,27,-0.372117449317676,-0.9134436278834643
noninteger_bin_demo,11,28,0.06583396599113643,-1.01061621285056
noninteger_bin_demo,11,29,0.452834773340154,-0.9150021540656199
noninteger_bin_demo,11,30,0.6990658234522417,-0.6220841289564203
noninteger_bin_demo,11,31,0.945432689471757,-0.28328444880087444
noninteger_bin_demo,11,32,0.9617296126463928,0.06276816585246885
noninteger_bin_demo,11,33,0.8613261587166949,0.49992612316135737
noninteger_bin_demo,11,34,0.6195660186407529,0.7988460706085128
noninteger_bin_demo,11,35,0.22910207448301673,0.9964225557841777
noninteger_bin_demo,11,36,-0.1348363748819347,0.9357832154171675
noninteger_bin_demo,11,37,-0.5315626300286993,0.8653388441303839
noninteger_bin_demo,11,38,-0.7761677788082045,0.544145759589238
noninteger_bin_demo,11,39,-0.9542970961749921,0.17378195139288766
noninteger_bin_demo,11,40,-0.9785206705800631,-0.27706883151454736
noninteger_bin_demo,11,41,-0.7839976835779894,-0.6750711868801691
noninteger_bin_demo,11,42,-0.5376885085508571,-0.8122745718596687
noninteger_bin_demo,11,43,-0.13951217056417553,-1.016203927080833
noninteger_bin_demo,11,44,0.3354599816936265,-0.9535462425612254
noninteger_bin_demo,11,45,0.6573271089584228,-0.7109968945525812
noninteger_bin_demo,11,46,0.8879497572409358,-0.42120613848886884
noninteger_bin_demo,11,47,1.026850328891608,0.03082141028415525
noninteger_bin_demo,11,48,0.9544451239612121,0.3600022307769318
noninteger_bin_demo,11,49,0.7066992670030322,0.7172475123638375
noninteger_bin_demo,11,50,0.3612681838201847,0.9306340256729085
noninteger_bin_demo,11,51,-0.023782927461101392,1.026503819144009
noninteger_bin_demo,11,52,-0.4466415786059209,0.9477834040407765
noninteger_bin_demo,11,53,-0.7564663098719494,0.6795813833405628
noninteger_bin_demo,11,54,-0.97557158631711,0.2851913930545351
noninteger_bin_demo,11,55,-1.007961216507857,-0.10387212531231228
noninteger_bin_demo,11,56,-0.8160074937947761,-0.5128461956264849
noninteger_bin_demo,11,57,-0.5844148505273773,-0.7828771580107267
noninteger_bin_demo,11,58,-0.24097660785209865,-0.998811740210421
noninteger_bin_demo,11,59,0.17542386723088374,-0.9702923494169327
noninteger_bin_demo,11,60,0.5308405596103579,-0.8350885601070319
noninteger_bin_demo,11,61,0.8746498568819427,-0.5269760037317875
noninteger_bin_demo,11,62,0.9415095846398498,-0.23504225414095342
noninteger_bin_demo,11,63,0.9767853877238682,0.24364569188490381
noninteger_bin_demo,11,64,0.8143058086554675,0.5494064273708933
noninteger_bin_demo,11,65,0.48137289698427255,0.9012125635371081
noninteger_bin_demo,11,66,0.0922339391832534,1.000869273947378
noninteger_bin_demo,11,67,-0.27611409047366314,0.9406396156051984
noninteger_bin_demo,11,68,-0.6451405521887655,0.7734323301671612
noninteger_bin_demo,11,69,-0.865218787381866,0.4541674288142587
noninteger_bin_demo,11,70,-0.9635915097862867,0.05838506866383725
noninteger_bin_demo,11,71,-0.9788801547305322,-0.39039515365396144
noninteger_bin_demo,11,72,-0.7692506609066658,-0.7389231894353732
noninteger_bin_demo,11,73,-0.4034464784730057,-0.9212912231414886
noninteger_bin_demo,11,74,0.01381146385570908,-0.9818860343246633
noninteger_bin_demo,11,75,0.42441598208313885,-0.9298138586377813
noninteger_bin_demo,11,76,0.7159069389293511,-0.6510605277516345
noninteger_bin_demo,11,77,0.9516219649349592,-0.2832182951329148
noninteger_bin_demo,11,78,0.9818074107986323,0.11526688007107094
noninteger_bin_demo,11,79,0.8294842190796239,0.49264506580441164
noninteger_bin_demo,11,80,0.5859795319875838,0.7708675420370166
noninteger_bin_demo,11,81,0.2620202340291923,0.9612997531097255
noninteger_bin_demo,11,82,-0.2103137544958031,0.9616639218754568
noninteger_bin_demo,11,83,-0.5114330711411258,0.8242287807498423
noninteger_bin_demo,11,84,-0.8996337906010698,0.5670574150927064
noninteger_bin_demo,11,85,-1.0519772298290002,0.154590797107619
noninteger_bin_demo,11,86,-0.9751221064489622,-0.18931273836565482
noninteger_bin_demo,11,87,-0.797070952529221,-0.5921344064443934
noninteger_bin_demo,11,88,-0.4837982472384651,-0.9230444550503321
noninteger_bin_demo,11,89,-0.0704573067492314,-0.9629913374632063
noninteger_bin_demo,11,90,0.32574469594699756,-0.9361135298181371
noninteger_bin_demo,11,91,0.6232253690141024,-0.7562309995326244
noninteger_bin_demo,11,92,0.8925392642522654,-0.4258701112451669
noninteger_bin_demo,11,93,0.964916269034061,-0.045353110903039666
noninteger_bin_demo,11,94,0.9216201722662424,0.34564361845806635
noninteger_bin_demo,11,95,0.669722950395686,0.7606246646743997
noninteger_bin_demo,11,96,0.3888412364175955,0.9683439981876479
noninteger_bin_demo,11,97,-0.05504249646184227,0.954629692696996
noninteger_bin_demo,11,98,-0.4119851630289545,0.913999220422732
noninteger_bin_demo,11,99,-0.7181489233482707,0.6495802413116308
noninteger_bin_demo,11,100,-0.9095628654842781,0.29275234601909345
noninteger_bin_demo,11,101,-1.0326389998577814,-0.09197442082885823
noninteger_bin_demo,11,102,-0.8521315288981867,-0.4686373641408798
noninteger_bin_demo,11,103,-0.6024867392029578,-0.7920808569196286
noninteger_bin_demo,11,104,-0.25448099139989033,-0.9935226741313234
noninteger_bin_demo,11,105,0.08959403770114717,-0.9999405391556013
noninteger_bin_demo,11,106,0.5230934424768915,-0.813509956237223
noninteger_bin_demo,11,107,0.8155118226565412,-0.575608785512255
noninteger_bin_demo,11,108,1.035782337247521,-0.15212345526092688
noninteger_bin_demo,11,109,0.916648850180398,0.2818456359354549
noninteger_bin_demo,11,110,0.7958148737003422,0.5814685074493695
noninteger_bin_demo,11,111,0.4479793252503139,0.8432604317498621
noninteger_bin_demo,11,112,0.09183471499917684,1.030149209302321
noninteger_bin_demo,11,113,-0.29537885995456103,0.9575573848153925
noninteger_bin_demo,11,114,-0.6589521158266614,0.7126108857469748
noninteger_bin_demo,11,115,-0.8758703238900194,0.4682671156730688
noninteger_bin_demo,11,116,-1.0441578989872766,0.06380321886425969
noninteger_bin_demo,11,117,-0.8659234677631525,-0.3590701281891141
noninteger_bin_demo,11,118,-0.7042692910067406,-0.7390031911636177
noninteger_bin_demo,11,119,-0.3431589925889405,-0.9349563790471896
noninteger_bin_demo,11,120,0.027202788221102905,-1.033361041243166
noninteger_bin_demo,11,121,0.42305460386757854,-0.9145655911704541
noninteger_bin_demo,11,122,0.7971090312010684,-0.6404781217276042
noninteger_bin_demo,11,123,0.9129493150912894,-0.31041949557945536
noninteger_bin_demo,11,124,0.980719714883212,0.115059474441509
noninteger_bin_demo,11,125,0.8652103778758606,0.5083543101633864
noninteger_bin_demo,11,126,0.6073078219404301,0.7884603185600884
noninteger_bin_demo,11,127,0.24489013755644154,0.9862650058573293
noninteger_bin_demo,12,0,0.9947803593492779,0.015551343045214605
noninteger_bin_demo,12,1,0.8354425595929833,0.4643042017847184
noninteger_bin_demo,12,2,0.605835052640029,0.7578536951523694
noninteger_bin_demo,12,3,0.3027252101423655,0.9300721365983988
noninteger_bin_demo,12,4,-0.1392383453106836,1.0249763477676672
noninteger_bin_demo,12,5,-0.5167610103323138,0.8795867213938586
noninteger_bin_demo,12,6,-0.8227790462025177,0.5404933318825209
noninteger_bin_demo,12,7,-0.9776842577777402,0.1623728762191977
noninteger_bin_demo,12,8,-0.954596410573409,-0.21572099169324058
noninteger_bin_demo,12,9,-0.8114937035734578,-0.5927144863625848
noninteger_bin_demo,12,10,-0.41438244985712563,-0.8506867666349537
noninteger_bin_demo,12,11,-0.11810743196673387,-0.9517999041725863
noninteger_bin_demo,12,12,0.2724814304655534,-0.9870611648266453
noninteger_bin_demo,12,13,0.5858480051158819,-0.7574546244284662
noninteger_bin_demo,12,14,0.8801876335993761,-0.47331349316022
noninteger_bin_demo,12,15,1.0004743885236858,-0.039363670884133915
noninteger_bin_demo,12,16,0.9429704252057645,0.3007857374222423
noninteger_bin_demo,12,17,0.658157577682861,0.6488977913298206
noninteger_bin_demo,12,18,0.4139438940000318,0.9178121531727059
noninteger_bin_demo,12,19,0.02464275824264751,0.920859109168864
noninteger_bin_demo,12,20,-0.41707211822513474,0.9081269536347643
noninteger_bin_demo,12,21,-0.7332021513009963,0.6574220040572349
noninteger_bin_demo,12,22,-0.9412213185520139,0.2951749182807468
noninteger_bin_demo,12,23,-1.0017693400832797,-0.0974840684185596
noninteger_bin_demo,12,24,-0.8640371585918092,-0.45981555064344204
noninteger_bin_demo,12,25,-0.6021975777389305,-0.8178965636694575
noninteger_bin_demo,12,26,-0.3157182842079726,-0.9641206952460729
noninteger_bin_demo,12,27,0.16941682429606927,-0.9850496610310739
noninteger_bin_demo,12,28,0.5111228713507256,-0.8888527009414156
noninteger_bin_demo,12,29,0.8259312385114772,-0.5441676240820531
noninteger_bin_demo,12,30,0.9603074770524321,-0.2162423500754439
noninteger_bin_demo,12,31,0.9382608333808855,0.2072135669774604
noninteger_bin_demo,12,32,0.8702851926130049,0.5980828613008268
noninteger_bin_demo,12,33,0.5167542495117667,0.8518468596993971
noninteger_bin_demo,12,34,0.14506242148726192,1.005300337271079
noninteger_bin_demo,12,35,-0.2994978500000855,0.9659834905015289
noninteger_bin_demo,12,36,-0.6076927019901405,0.7806456729721591
noninteger_bin_demo,12,37,-0.8533899268077078,0.4597263276487161
noninteger_bin_demo,12,38,-0.973868107288502,0.019475236492044287
noninteger_bin_demo,12,39,-0.9542342590072267,-0.3785126683162591
noninteger_bin_demo,12,40,-0.7035836450156735,-0.6466859700437525
noninteger_bin_demo,12,41,-0.429695096765154,-0.9439587954228843
noninteger_bin_demo,12,42,0.04232310050225556,-0.9865179695108424
noninteger_bin_demo,12,43,0.37417762415473865,-0.8918709814592594
noninteger_bin_demo,12,44,0.758706574563706,-0.6548426472376745
noninteger_bin_demo,12,45,0.9826944875040591,-0.3627026574337871
noninteger_bin_demo,12,46,1.0350959314373238,0.04191319591997973
noninteger_bin_demo,12,47,0.8285849376097945,0.5058466602305133
noninteger_bin_demo,12,48,0.640355036472595,0.7593995732877905
noninteger_bin_demo,12,49,0.2952389942259349,0.9121235366839664
noninteger_bin_demo,12,50,-0.16366818800423044,1.0168848513838604
noninteger_bin_demo,12,51,-0.49651445894410595,0.8783047533289515
noninteger_bin_demo,12,52,-0.8426284238118373,0.5295417544768896
noninteger_bin_demo,12,53,-1.0173041930965634,0.18300520102111667
noninteger_bin_demo,12,54,-0.9178848714033818,-0.1968902809761165
noninteger_bin_demo,12,55,-0.8063362676037527,-0.6026788084294884
noninteger_bin_demo,12,56,-0.5109766791264032,-0.875867814798062
noninteger_bin_demo,12,57,-0.09504674885973047,-0.9689480530348077
noninteger_bin_demo,12,58,0.2986365253075623,-0.9857528181999252
noninteger_bin_demo,12,59,0.6832748335064277,-0.7448325918821757
noninteger_bin_demo,12,60,0.8655157396525114,-0.4353825879555671
noninteger_bin_demo,12,61,1.0761886465211912,-0.06159043846056615
noninteger_bin_demo,12,62,0.9570667242535043,0.29702958860877954
noninteger_bin_demo,12,63,0.7305131311038868,0.6748926721388695
noninteger_bin_demo,12,64,0.42299524839660496,0.9208515496244289
noninteger_bin_demo,12,65,-0.07413849357918165,1.040559632106231
noninteger_bin_demo,12,66,-0.44564741925832946,0.8998498195732196
noninteger_bin_demo,12,67,-0.7198218653052841,0.7111104629107996
noninteger_bin_demo,12,68,-0.9637168955485742,0.3289595637237689
noninteger_bin_demo,12,69,-0.9834110057171882,-0.10734347361735513
noninteger_bin_demo,12,70,-0.817198120603191,-0.4612338414868258
noninteger_bin_demo,12,71,-0.6234363571695902,-0.7993327313379481
noninteger_bin_demo,12,72,-0.2353924921612135,-1.031941645333585
noninteger_bin_demo,12,73,0.14515168320770444,-1.0063351616439213
noninteger_bin_demo,12,74,0.4819290824434869,-0.8303503412721305
noninteger_bin_demo,12,75,0.8381608468699021,-0.589002816605528
noninteger_bin_demo,12,76,0.9927295845921742,-0.14402374505383583
noninteger_bin_demo,12,77,0.9192306747930149,0.22476365153912864
noninteger_bin_demo,12,78,0.845005786321808,0.6139311993372772
noninteger_bin_demo,12,79,0.5217588186319045,0.8416959212313067
noninteger_bin_demo,12,80,0.12890395423596013,1.0195517553199902
noninteger_bin_demo,12,81,-0.27751451070245187,0.9539345537275683
noninteger_bin_demo,12,82,-0.6946619056208598,0.7321973840022824
noninteger_bin_demo,12,83,-0.8748418144502829,0.4307301530596275
noninteger_bin_demo,12,84,-1.0092734879131473,-0.006811907933946683
noninteger_bin_demo,12,85,-0.8930307075511661,-0.3380930989777283
noninteger_bin_demo,12,86,-0.7486739547771817,-0.7091359601665499
noninteger_bin_demo,12,87,-0.35674963030309564,-0.9092015666462285
noninteger_bin_demo,12,88,0.0476948785203906,-0.9981696955064376
noninteger_bin_demo,12,89,0.4339287722800583,-0.9088837505826647
noninteger_bin_demo,12,90,0.7996537500499215,-0.7153262527983882
noninteger_bin_demo,12,91,0.965650474098475,-0.2934835461952889
noninteger_bin_demo,12,92,0.9877409296205164,0.059191574203594506
noninteger_bin_demo,12,93,0.8815933770340549,0.4667119098661231
noninteger_bin_demo,12,94,0.5799430144266992,0.812095239820163
noninteger_bin_demo,12,95,0.30419303171319995,0.9712541615120275
noninteger_bin_demo,12,96,-0.14810975279061078,1.0015652421897143
noninteger_bin_demo,12,97,-0.5785291510789965,0.8664043061750782
noninteger_bin_demo,12,98,-0.8218706556439921,0.5135591123302209
noninteger_bin_demo,12,99,-1.0062275355859591,0.13265728499495455
noninteger_bin_demo,12,100,-0.9120141457146221,-0.2603222182275776
noninteger_bin_demo,12,101,-0.8044147545313457,-0.5765586998825606
noninteger_bin_demo,12,102,-0.4980748468577886,-0.8825918098525577
noninteger_bin_demo,12,103,-0.09063893951521326,-1.0187277749548518
noninteger_bin_demo,12,104,0.2834112292208106,-0.9505607091300594
noninteger_bin_demo,12,105,0.6558468845134124,-0.7481337373892036
noninteger_bin_demo,12,106,0.8678871820581443,-0.4251623153652859
noninteger_bin_demo,12,107,1.0005291595049859,-0.06381494425983006
noninteger_bin_demo,12,108,0.9215788402884166,0.3789670401116847
noninteger_bin_demo,12,109,0.6702235018574236,0.6669464511059601
noninteger_bin_demo,12,110,0.363303668777547,0.8962995217112063
noninteger_bin_demo,12,111,0.02392093751760496,1.0551411807234319
noninteger_bin_demo,12,112,-0.41869605501685686,0.9060933180492725
noninteger_bin_demo,12,113,-0.7504467479117294,0.6897524113960316
noninteger_bin_demo,12,114,-0.969911364825411,0.3148904712652634
noninteger_bin_demo,12,115,-1.0168112869653296,-0.11007705064728196
noninteger_bin_demo,12,116,-0.9173168843280806,-0.3994350156503972
noninteger_bin_demo,12,117,-0.6315426375915338,-0.8122262923068336
noninteger_bin_demo,12,118,-0.29558853065256646,-0.9774651487428179
noninteger_bin_demo,12,119,0.21586325243139742,-0.9970223709869848
noninteger_bin_demo,12,120,0.5856375202978796,-0.8114694365197107
noninteger_bin_demo,12,121,0.8642229063399551,-0.5045417766496524
noninteger_bin_demo,12,122,0.9519843557863839,-0.18329991606568086
noninteger_bin_demo,12,123,0.9631975840373278,0.28777163984493564
noninteger_bin_demo,12,124,0.8117269979356185,0.5974800753728421
noninteger_bin_demo,12,125,0.5020432545200227,0.9201391773401308
noninteger_bin_demo,12,126,0.12495445733938387,1.0248076961408374
noninteger_bin_demo,12,127,-0.3140507543524883,0.9715377893586562
noninteger_bin_demo,13,0,0.7953719733212142,0.567544004739288
noninteger_bin_demo,13,1,0.5230772560287229,0.8814394794905158
noninteger_bin_demo,13,2,0.1737230261230382,1.0217447593090183
noninteger_bin_demo,13,3,-0.24228050830370315,0.9561878638590033
noninteger_bin_demo,13,4,-0.6327035605462082,0.7953740923897993
noninteger_bin_demo,13,5,-0.8444196813323818,0.3818272147270156
noninteger_bin_demo,13,6,-1.023679509420031,0.09119356725895125
noninteger_bin_demo,13,7,-0.9683468014217377,-0.3259256605428327
noninteger_bin_demo,13,8,-0.7304264211679006,-0.7242589894709686
noninteger_bin_demo,13,9,-0.39825204993666036,-0.886182483945928
noninteger_bin_demo,13,10,0.012268382937561639,-1.0557218499131804
noninteger_bin_demo,13,11,0.45991270716924615,-0.9838453515201198
noninteger_bin_demo,13,12,0.7727704766249782,-0.6266564531804352
noninteger_bin_demo,13,13,0.8923917076927967,-0.35166000715459816
noninteger_bin_demo,13,14,0.9721162565928066,0.038382557261952485
noninteger_bin_demo,13,15,0.8882241464276318,0.45881791984196024
noninteger_bin_demo,13,16,0.6174182276962812,0.7882707685729311
noninteger_bin_demo,13,17,0.28051603631304417,0.9872885992512
noninteger_bin_demo,13,18,-0.12162463516740951,0.9875506639303657
noninteger_bin_demo,13,19,-0.47976809387829256,0.8454859265000885
noninteger_bin_demo,13,20,-0.855669890503363,0.5796953840464532
noninteger_bin_demo,13,21,-0.980497385226019,0.21621666355202165
noninteger_bin_demo,13,22,-1.045873027459095,-0.16049502707820854
noninteger_bin_demo,13,23,-0.8894603211087393,-0.5867115627115647
noninteger_bin_demo,13,24,-0.543473727811401,-0.8506936255167038
noninteger_bin_demo,13,25,-0.1406601097222372,-0.9889111172755963
noninteger_bin_demo,13,26,0.25433434856878,-0.9775301325375442
noninteger_bin_demo,13,27,0.5795214072303986,-0.7939690587717046
noninteger_bin_demo,13,28,0.9302609329925488,-0.4987584104440724
noninteger_bin_demo,13,29,0.9815054340765228,-0.06917562818624261
noninteger_bin_demo,13,30,0.9113321910614532,0.33737852614376446
noninteger_bin_demo,13,31,0.7110580966550784,0.7073155962308592
noninteger_bin_demo,13,32,0.45908099050816764,0.8939787658290782
noninteger_bin_demo,13,33,0.032446580352688686,0.9790670621223724
noninteger_bin_demo,13,34,-0.45007508081233244,0.9306674678310457
noninteger_bin_demo,13,35,-0.7299418506531492,0.6946304451702442
noninteger_bin_demo,13,36,-0.9376277039877907,0.32388805069525095
noninteger_bin_demo,13,37,-1.0065387297038808,-0.016013397430553418
noninteger_bin_demo,13,38,-0.8484995549966796,-0.42193156710347074
noninteger_bin_demo,13,39,-0.6400308862000743,-0.8034310161857114
noninteger_bin_demo,13,40,-0.3234137513479686,-0.9560325945129841
noninteger_bin_demo,13,41,0.1353594980226866,-0.9758717457628338
noninteger_bin_demo,13,42,0.5624824493999898,-0.8503072979794767
noninteger_bin_demo,13,43,0.8286047177837559,-0.584032399805287
noninteger_bin_demo,13,44,1.0262509497491152,-0.24695840168821226
noninteger_bin_demo,13,45,1.0694318829110165,0.19201712497182255
noninteger_bin_demo,13,46,0.8450031568109136,0.5701815225924365
noninteger_bin_demo,13,47,0.5004923504209099,0.8330582637799598
noninteger_bin_demo,13,48,0.13656262144244083,0.9712009757474859
noninteger_bin_demo,13,49,-0.24722137913054437,0.9716312173493147
noninteger_bin_demo,13,50,-0.6133355400935288,0.740302422098765
noninteger_bin_demo,13,51,-0.8406592260905965,0.43418761411399986
noninteger_bin_demo,13,52,-1.0118121869895476,0.07954950467323126
noninteger_bin_demo,13,53,-0.9018468404561839,-0.37626462125073856
noninteger_bin_demo,13,54,-0.7002956507417584,-0.6721840956361449
noninteger_bin_demo,13,55,-0.38227173091955563,-0.9405205167832744
noninteger_bin_demo,13,56,-0.02847839912567225,-0.9870492126203734
noninteger_bin_demo,13,57,0.438102062183743,-0.9182608083065542
noninteger_bin_demo,13,58,0.777608108856653,-0.6976436839734552
noninteger_bin_demo,13,59,0.9044159081555891,-0.3107599711476904
noninteger_bin_demo,13,60,1.0058627710858876,0.027609887492267962
noninteger_bin_demo,13,61,0.9158929229596731,0.43080579284505766
noninteger_bin_demo,13,62,0.6245114020393109,0.7731983152066937
noninteger_bin_demo,13,63,0.3201615819849783,0.9804940143318075
noninteger_bin_demo,13,64,-0.1138928398544991,0.9860492210265409
noninteger_bin_demo,13,65,-0.5292872596337163,0.8199967338374096
noninteger_bin_demo,13,66,-0.860211204657527,0.544939191398536
noninteger_bin_demo,13,67,-0.9540682841611583,0.24491429385095123
noninteger_bin_demo,13,68,-0.9601853456759498,-0.21174808569015188
noninteger_bin_demo,13,69,-0.8153473215665805,-0.6235961815959546
noninteger_bin_demo,13,70,-0.540591660553081,-0.8993039315902969
noninteger_bin_demo,13,71,-0.15742755986529092,-0.9629763479176613
noninteger_bin_demo,13,72,0.2923032864592462,-0.9426984674078471
noninteger_bin_demo,13,73,0.6653255875580171,-0.7543368295581003
noninteger_bin_demo,13,74,0.8698936671057839,-0.45820455915491604
noninteger_bin_demo,13,75,0.9482869495173242,-0.07667422358018769
noninteger_bin_demo,13,76,0.9165416084709926,0.37789731531519655
noninteger_bin_demo,13,77,0.7620252343320806,0.7266896678415743
noninteger_bin_demo,13,78,0.4205908498307392,0.9692244584543149
noninteger_bin_demo,13,79,0.004364745180830668,0.9188116850656495
noninteger_bin_demo,13,80,-0.40244895795805957,0.884434382881375
noninteger_bin_demo,13,81,-0.7675407636269325,0.6530450738152778
noninteger_bin_demo,13,82,-0.9027076307496003,0.3527478769659946
noninteger_bin_demo,13,83,-0.9596556925723594,-0.10084279017553621
noninteger_bin_demo,13,84,-0.9215710927751206,-0.4294956203711591
noninteger_bin_demo,13,85,-0.5683438309019928,-0.7774687273458326
noninteger_bin_demo,13,86,-0.2935616749448233,-0.9679520349383637
noninteger_bin_demo,13,87,0.16733012803166852,-0.9653649038076128
noninteger_bin_demo,13,88,0.5678635173694769,-0.8711743415510834
noninteger_bin_demo,13,89,0.7817688949668825,-0.5780184002804517
noninteger_bin_demo,13,90,0.956431288342781,-0.2234368317096814
noninteger_bin_demo,13,91,0.9467904002056299,0.19791675943606418
noninteger_bin_demo,13,92,0.8716283962972983,0.5347966144937051
noninteger_bin_demo,13,93,0.5162410698578468,0.8703356716204228
noninteger_bin_demo,13,94,0.1723272950545411,1.0401687310221666
noninteger_bin_demo,13,95,-0.2959234245715013,0.9698351901525719
noninteger_bin_demo,13,96,-0.6545281269509526,0.8242844088825303
noninteger_bin_demo,13,97,-0.8925911315208575,0.46437920163901714
noninteger_bin_demo,13,98,-1.055522898697252,0.07976447117787738
noninteger_bin_demo,13,99,-0.9648668185165005,-0.2947226074096284
noninteger_bin_demo,13,100,-0.6872226441854044,-0.737684172842303
noninteger_bin_demo,13,101,-0.3501905986029401,-0.8761637867807082
noninteger_bin_demo,13,102,0.03886676147840781,-0.9542776460653843
noninteger_bin_demo,13,103,0.4081197340009452,-0.9203549858942387
noninteger_bin_demo,13,104,0.7400701505334045,-0.7507796649467074
noninteger_bin_demo,13,105,0.9536877090278668,-0.31291582435329035
noninteger_bin_demo,13,106,0.9878072388086571,0.05758991134102622
noninteger_bin_demo,13,107,0.8648772148903588,0.5087195610204527
noninteger_bin_demo,13,108,0.552089174246145,0.7608674279178096
noninteger_bin_demo,13,109,0.23011665451513522,0.900256421943101
noninteger_bin_demo,13,110,-0.14901366016335474,0.9774870380899074
noninteger_bin_demo,13,111,-0.503913031031321,0.8633068097562523
noninteger_bin_demo,13,112,-0.8044760111886734,0.5128730899867177
noninteger_bin_demo,13,113,-0.9398848061150656,0.20244336682620295
noninteger_bin_demo,13,114,-0.9804919953417225,-0.2315037939297113
noninteger_bin_demo,13,115,-0.7716611919361631,-0.6487881003209744
noninteger_bin_demo,13,116,-0.4845970274834649,-0.83908573716934
noninteger_bin_demo,13,117,-0.13537973739000617,-1.0694902726049567
noninteger_bin_demo,13,118,0.3126519603294039,-0.95645166725849
noninteger_bin_demo,13,119,0.6563363667560904,-0.7537810480933874
noninteger_bin_demo,13,120,0.8391595411438107,-0.44284173699579105
noninteger_bin_demo,13,121,1.019718809055053,-0.08679022790644472
noninteger_bin_demo,13,122,0.9338030598665857,0.35141691439274836
noninteger_bin_demo,13,123,0.6957693612527881,0.6675707877036535
noninteger_bin_demo,13,124,0.36172230488079626,0.9334960902539166
noninteger_bin_demo,13,125,-0.04950679704887204,0.969041789456953
noninteger_bin_demo,13,126,-0.3902392562794017,0.8815248387013234
noninteger_bin_demo,13,127,-0.7117604224597867,0.6710641176628127
noninteger_bin_demo,14,0,0.3748168083154661,0.9589841826352586
noninteger_bin_demo,14,1,0.026057820307384315,1.0028518846323362
noninteger_bin_demo,14,2,-0.3896233867914536,0.8820597450341413
noninteger_bin_demo,14,3,-0.7299334042916371,0.6652083524421537
noninteger_bin_demo,14,4,-0.9017553750301806,0.351543764134992
noninteger_bin_demo,14,5,-0.9501666350225039,-0.05304908053422156
noninteger_bin_demo,14,6,-0.9015422841885995,-0.47790240811217505
noninteger_bin_demo,14,7,-0.608844934815721,-0.7509539004354583
noninteger_bin_demo,14,8,-0.2796545233267571,-1.0026863109068083
noninteger_bin_demo,14,9,0.12382397853816417,-0.9827491960772545
noninteger_bin_demo,14,10,0.5160178458354567,-0.9384340718762167
noninteger_bin_demo,14,11,0.7796177392198533,-0.59847008584735
noninteger_bin_demo,14,12,0.9730906066237532,-0.21240276851696366
noninteger_bin_demo,14,13,0.9692519719187562,0.15265509658018692
noninteger_bin_demo,14,14,0.8335710356471945,0.5772550411016235
noninteger_bin_demo,14,15,0.5632658465904341,0.8654983324971873
noninteger_bin_demo,14,16,0.18282517938448611,1.0210047849415032
noninteger_bin_demo,14,17,-0.2741980098473885,0.9665572981575916
noninteger_bin_demo,14,18,-0.6531186897742589,0.8052070720761205
noninteger_bin_demo,14,19,-0.866962791225143,0.4556398275501217
noninteger_bin_demo,14,20,-1.0417857246791462,0.0661427082539908
noninteger_bin_demo,14,21,-0.946954465628158,-0.31017532237422135
noninteger_bin_demo,14,22,-0.7341750312311808,-0.658878442718252
noninteger_bin_demo,14,23,-0.445847201325079,-0.9695627935726292
noninteger_bin_demo,14,24,0.001135630710251325,-0.9816434928243488
noninteger_bin_demo,14,25,0.4250966039894102,-0.9443206227591462
noninteger_bin_demo,14,26,0.7216815810369174,-0.6742740761890738
noninteger_bin_demo,14,27,0.9282054264754939,-0.31883468767164463
noninteger_bin_demo,14,28,0.9905062209044573,0.05195824205352732
noninteger_bin_demo,14,29,0.8671853474830435,0.4728552673913788
noninteger_bin_demo,14,30,0.6697769455421585,0.8138695508256639
noninteger_bin_demo,14,31,0.28851885270339733,0.9485824046947436
noninteger_bin_demo,14,32,-0.15218790524898085,0.9789983552278781
noninteger_bin_demo,14,33,-0.47014277472087124,0.8366483230096426
noninteger_bin_demo,14,34,-0.8194553694661665,0.6145219968030045
noninteger_bin_demo,14,35,-0.9470227087997644,0.30270484543484993
noninteger_bin_demo,14,36,-0.9276376582042782,-0.18587464670633286
noninteger_bin_demo,14,37,-0.8623359701368788,-0.5517847646948228
noninteger_bin_demo,14,38,-0.5172015361275843,-0.8563725187452151
noninteger_bin_demo,14,39,-0.17159276271160046,-0.9740771741789536
noninteger_bin_demo,14,40,0.26369867842872946,-0.975219353974447
noninteger_bin_demo,14,41,0.6494324236228903,-0.7894725043391178
noninteger_bin_demo,14,42,0.8698345703828673,-0.45844978102580314
noninteger_bin_demo,14,43,1.0003139014481124,-0.10555243104963946
noninteger_bin_demo,14,44,0.938104266966858,0.2824800560397666
noninteger_bin_demo,14,45,0.7397652624680382,0.6102014327593355
noninteger_bin_demo,14,46,0.4259992942563812,0.8785076376232545
noninteger_bin_demo,14,47,0.02834884346650845,0.9854058512956341
noninteger_bin_demo,14,48,-0.3605079000860841,0.9316344206043192
noninteger_bin_demo,14,49,-0.7007305167359141,0.6694391663066023
noninteger_bin_demo,14,50,-0.9230593601863606,0.34128828860865323
noninteger_bin_demo,14,51,-1.022583827270772,-0.06855927811989188
noninteger_bin_demo,14,52,-0.8606297441152905,-0.4479784593353343
noninteger_bin_demo,14,53,-0.6621172141275004,-0.7459373202102478
noninteger_bin_demo,14,54,-0.2347763210838092,-0.9184428770622387
noninteger_bin_demo,14,55,0.12198109419641794,-1.0041402848021042
noninteger_bin_demo,14,56,0.5125711393290574,-0.815638593300877
noninteger_bin_demo,14,57,0.8189734265018014,-0.550475216224851
noninteger_bin_demo,14,58,0.9874601775568944,-0.14072756327283026
noninteger_bin_demo,14,59,1.0015840320177987,0.16979622830174634
noninteger_bin_demo,14,60,0.8347535205798166,0.5181229597435163
noninteger_bin_demo,14,61,0.56011433264147,0.8892387247167506
noninteger_bin_demo,14,62,0.18682649497935896,0.981088281723737
noninteger_bin_demo,14,63,-0.28541788764223325,0.9503762807696455
noninteger_bin_demo,14,64,-0.5944032809479457,0.8294946900002311
noninteger_bin_demo,14,65,-0.867993462879401,0.46247233031588564
noninteger_bin_demo,14,66,-0.994208193428294,0.07131287096961827
noninteger_bin_demo,14,67,-0.9083260888894464,-0.26872611333098617
noninteger_bin_demo,14,68,-0.7113242936382347,-0.6922591851822626
noninteger_bin_demo,14,69,-0.4570905482639027,-0.9287987486791502
noninteger_bin_demo,14,70,-0.015538746501260591,-0.977417063876783
noninteger_bin_demo,14,71,0.40468351771837807,-0.9406128040707933
noninteger_bin_demo,14,72,0.7001831502445441,-0.6960935740822399
noninteger_bin_demo,14,73,0.9030268530005281,-0.36901374341891313
noninteger_bin_demo,14,74,1.0469388952391407,0.044037006111140725
noninteger_bin_demo,14,75,0.8872264334833834,0.45716420266377067
noninteger_bin_demo,14,76,0.6807382003534839,0.8013802195053927
noninteger_bin_demo,14,77,0.3389388319271785,0.9849538568218436
noninteger_bin_demo,14,78,-0.14400437124943052,1.038481878109114
noninteger_bin_demo,14,79,-0.4798584285579869,0.8813141900354294
noninteger_bin_demo,14,80,-0.8104883210543145,0.5720900309380789
noninteger_bin_demo,14,81,-0.9557997578600124,0.19589072424447534
noninteger_bin_demo,14,82,-0.9881546050430244,-0.19142190124678143
noninteger_bin_demo,14,83,-0.859510863379461,-0.5336554600665485
noninteger_bin_demo,14,84,-0.5194663839142313,-0.8324070509652425
noninteger_bin_demo,14,85,-0.1767700915451787,-0.9392553924498716
noninteger_bin_demo,14,86,0.30221464770261397,-0.9464955095030136
noninteger_bin_demo,14,87,0.6964467697340291,-0.7818492382297557
noninteger_bin_demo,14,88,0.8625258929033608,-0.5216317234500769
noninteger_bin_demo,14,89,0.9832054373003087,-0.06906120148649768
noninteger_bin_demo,14,90,0.9365003985019988,0.31366734082463343
noninteger_bin_demo,14,91,0.7879460919953485,0.6155570222280143
noninteger_bin_demo,14,92,0.38165296661624926,0.9562697889816085
noninteger_bin_demo,14,93,0.002126576691311277,0.9746458766192837
noninteger_bin_demo,14,94,-0.3527178129220182,0.9349267363953911
noninteger_bin_demo,14,95,-0.7594934714898959,0.7093985893189284
noninteger_bin_demo,14,96,-0.9769625575930201,0.3249498552503076
noninteger_bin_demo,14,97,-0.9861522535622271,-0.12076357629416384
noninteger_bin_demo,14,98,-0.8581930834767924,-0.41664375351979754
noninteger_bin_demo,14,99,-0.627193070275287,-0.7570913639408043
noninteger_bin_demo,14,100,-0.2530282932760567,-0.9709199515177132
noninteger_bin_demo,14,101,0.07740685103143376,-0.9697734482396654
noninteger_bin_demo,14,102,0.4629197431394535,-0.8879817621668862
noninteger_bin_demo,14,103,0.8134480603715457,-0.5954050894351036
noninteger_bin_demo,14,104,0.9865084967224528,-0.26418934849924214
noninteger_bin_demo,14,105,1.0175224787358035,0.24781591918116072
noninteger_bin_demo,14,106,0.817656542171777,0.5688917239775995
noninteger_bin_demo,14,107,0.545520204209604,0.830231369324398
noninteger_bin_demo,14,108,0.1501574081617199,0.964572266047206
noninteger_bin_demo,14,109,-0.21254896409103163,0.9307792817787353
noninteger_bin_demo,14,110,-0.6276901323543267,0.7469444894248692
noninteger_bin_demo,14,111,-0.8915517819150443,0.4429616245381942
noninteger_bin_demo,14,112,-0.9684133553820166,0.08354959745457789
noninteger_bin_demo,14,113,-0.9754795956394822,-0.2977404001018269
noninteger_bin_demo,14,114,-0.7120340849843313,-0.690964962015494
noninteger_bin_demo,14,115,-0.3792856638244318,-0.9088457433921474
noninteger_bin_demo,14,116,-0.006641686903315954,-0.997741370718848
noninteger_bin_demo,14,117,0.40542559643199677,-0.9374962865812598
noninteger_bin_demo,14,118,0.7122279867776936,-0.7303849197190178
noninteger_bin_demo,14,119,0.9263205074516001,-0.30543797932027933
noninteger_bin_demo,14,120,1.0158618469707743,0.10746052853104554
noninteger_bin_demo,14,121,0.924271607876073,0.4879083229571427
noninteger_bin_demo,14,122,0.6569372964098298,0.8115569580272801
noninteger_bin_demo,14,123,0.3072798011195659,0.9716999521138847
noninteger_bin_demo,14,124,-0.11507194535288394,0.9556694460076994
noninteger_bin_demo,14,125,-0.5040438898665915,0.880017855202442
noninteger_bin_demo,14,126,-0.798161189336509,0.5762770413507688
noninteger_bin_demo,14,127,-1.0017615563186286,0.20051660404294996
noninteger_bin_demo,15,0,-0.12413595209276675,0.9903468381555772
noninteger_bin_demo,15,1,-0.44161558059402206,0.8850689669821041
noninteger_bin_demo,15,2,-0.7994710199787847,0.57264498511648
noninteger_bin_demo,15,3,-0.9808852990680447,0.25693783005428383
noninteger_bin_demo,15,4,-0.9969443846201697,-0.19281094651967892
noninteger_bin_demo,15,5,-0.8448516341951894,-0.5261044968072166
noninteger_bin_demo,15,6,-0.5813041873252828,-0.8280313666000217
noninteger_bin_demo,15,7,-0.16690998450908895,-1.0364048675008175
noninteger_bin_demo,15,8,0.18766673299193196,-0.9615282490079633
noninteger_bin_demo,15,9,0.5942122561725883,-0.7596144770778672
noninteger_bin_demo,15,10,0.8880149552046125,-0.5037737394031592
noninteger_bin_demo,15,11,1.0167829844309277,-0.10777628802329331
noninteger_bin_demo,15,12,0.9379455490633416,0.32007802562842397
noninteger_bin_demo,15,13,0.717615488844138,0.5813319165721992
noninteger_bin_demo,15,14,0.4178412202210931,0.9587560387288616
noninteger_bin_demo,15,15,0.012531719727915374,0.9876655350366274
noninteger_bin_demo,15,16,-0.4033537948877973,0.9167662395721375
noninteger_bin_demo,15,17,-0.7213184500981289,0.6613615578950264
noninteger_bin_demo,15,18,-0.8871544586126958,0.4054931422926418
noninteger_bin_demo,15,19,-1.0447749833518802,-0.0474390099338109
noninteger_bin_demo,15,20,-0.9055473622955594,-0.44108968203177346
noninteger_bin_demo,15,21,-0.7052411482450279,-0.7630140727786733
noninteger_bin_demo,15,22,-0.3040767727065868,-0.8987916181359893
noninteger_bin_demo,15,23,0.08837216115843015,-0.9237306304772889
noninteger_bin_demo,15,24,0.5557033175219848,-0.897354117115534
noninteger_bin_demo,15,25,0.7964231090621382,-0.6158085915643151
noninteger_bin_demo,15,26,1.0072866775410039,-0.243535412569701
noninteger_bin_demo,15,27,1.0018017605564418,0.16302436562087466
noninteger_bin_demo,15,28,0.8227546194047732,0.5059650496384647
noninteger_bin_demo,15,29,0.530795140770933,0.8346284418666731
noninteger_bin_demo,15,30,0.2266155878277354,0.9936418893358937
noninteger_bin_demo,15,31,-0.2642081035432532,0.9959716747267572
noninteger_bin_demo,15,32,-0.595717205051059,0.8030619086415531
noninteger_bin_demo,15,33,-0.8670926150083851,0.4398291553302722
noninteger_bin_demo,15,34,-1.0935666710050114,0.12853481443652082
noninteger_bin_demo,15,35,-0.9684266359495416,-0.32929854611264114
noninteger_bin_demo,15,36,-0.7642879578104436,-0.5972552147550604
noninteger_bin_demo,15,37,-0.44893996303431716,-0.8700274256650362
noninteger_bin_demo,15,38,-0.028297201406663038,-1.0206839686957232
noninteger_bin_demo,15,39,0.3655038072182277,-0.9427689429081904
noninteger_bin_demo,15,40,0.65400334159825,-0.6647041381125355
noninteger_bin_demo,15,41,0.9682831993186076,-0.3745441107658657
noninteger_bin_demo,15,42,1.0460366128658767,-0.00807614675661545
noninteger_bin_demo,15,43,0.9075020656333351,0.41680685053942823
noninteger_bin_demo,15,44,0.658042353377959,0.7335301356022438
noninteger_bin_demo,15,45,0.33141594265242164,0.9697763988837739
noninteger_bin_demo,15,46,-0.10074624228706557,1.0215294711252425
noninteger_bin_demo,15,47,-0.5584746499840122,0.8515844474620032
noninteger_bin_demo,15,48,-0.7864061952903747,0.6204251669122129
noninteger_bin_demo,15,49,-0.9652593329447599,0.17836772615015428
noninteger_bin_demo,15,50,-0.9881220893300748,-0.16001235450636517
noninteger_bin_demo,15,51,-0.8292056976030479,-0.5329347177639029
noninteger_bin_demo,15,52,-0.5437460419257508,-0.8295033532647001
noninteger_bin_demo,15,53,-0.2030234092237152,-1.0117692846945916
noninteger_bin_demo,15,54,0.2338630793224843,-0.9667966918450245
noninteger_bin_demo,15,55,0.6079124525465518,-0.7935172557086545
noninteger_bin_demo,15,56,0.8634079696243598,-0.4678581545521526
noninteger_bin_demo,15,57,0.946131177286649,-0.1036668904305675
noninteger_bin_demo,15,58,0.9552755509703841,0.22353797683602333
noninteger_bin_demo,15,59,0.7086525062492897,0.6655431591490784
noninteger_bin_demo,15,60,0.4258239448878138,0.9238660567682645
noninteger_bin_demo,15,61,0.014507602784029155,1.0360423021765475
noninteger_bin_demo,15,62,-0.35160740064569895,0.8895371771350641
noninteger_bin_demo,15,63,-0.6664250059447031,0.712553194306189
noninteger_bin_demo,15,64,-0.9165899270329293,0.33612307799718855
noninteger_bin_demo,15,65,-1.012118525003863,-0.01719513977037075
noninteger_bin_demo,15,66,-0.9055750328775977,-0.4222049219282431
noninteger_bin_demo,15,67,-0.7429667826578705,-0.8017225362521295
noninteger_bin_demo,15,68,-0.25754115655791276,-0.9656572443965457
noninteger_bin_demo,15,69,0.1165614900780512,-0.9577950989382724
noninteger_bin_demo,15,70,0.4692767322852423,-0.878880004599186
noninteger_bin_demo,15,71,0.8002801283843068,-0.6585544697854279
noninteger_bin_demo,15,72,0.9469923521571904,-0.19997018793889368
noninteger_bin_demo,15,73,1.0083297795767698,0.09773002815515942
noninteger_bin_demo,15,74,0.836395156812225,0.5796839176478545
noninteger_bin_demo,15,75,0.5249705202634423,0.8327980364818477
noninteger_bin_demo,15,76,0.18729065038028075,0.9852946870302574
noninteger_bin_demo,15,77,-0.24265293564273702,1.0170354535533181
noninteger_bin_demo,15,78,-0.5936706720771471,0.7664176532036853
noninteger_bin_demo,15,79,-0.8398288712479813,0.4728668532349626
noninteger_bin_demo,15,80,-1.0101784371269746,0.18952743507498998
noninteger_bin_demo,15,81,-0.922425182203195,-0.2743937549135444
noninteger_bin_demo,15,82,-0.7930333689320167,-0.6947588921101684
noninteger_bin_demo,15,83,-0.4473168461940645,-0.8791049809919983
noninteger_bin_demo,15,84,-0.05089440579822577,-1.0189039462575227
noninteger_bin_demo,15,85,0.35152687232621693,-0.9344166163670999
noninteger_bin_demo,15,86,0.7369072035074904,-0.6852230279723577
noninteger_bin_demo,15,87,0.9120258567393774,-0.37206151912931495
noninteger_bin_demo,15,88,1.0013450105853356,0.019386325149202015
noninteger_bin_demo,15,89,0.9084485537686158,0.4429915339949885
noninteger_bin_demo,15,90,0.6019998919088243,0.7611944806330055
noninteger_bin_demo,15,91,0.2399484717301092,0.9584823772671639
noninteger_bin_demo,15,92,-0.05914361209753931,0.9511025206252882
noninteger_bin_demo,15,93,-0.42122200295750445,0.8945366767653568
noninteger_bin_demo,15,94,-0.8321030380894027,0.6062298525108608
noninteger_bin_demo,15,95,-0.9495541653330064,0.2311789117448899
noninteger_bin_demo,15,96,-0.9682034270763549,-0.10978398861265945
noninteger_bin_demo,15,97,-0.7965440113327967,-0.5170702525159238
noninteger_bin_demo,15,98,-0.5415195080647611,-0.8723532219657095
noninteger_bin_demo,15,99,-0.1941798761892352,-1.0103004311440933
noninteger_bin_demo,15,100,0.2512808308124245,-0.9940055744377984
noninteger_bin_demo,15,101,0.6100263396430473,-0.7749568837730321
noninteger_bin_demo,15,102,0.8415465758891278,-0.4623039069799869
noninteger_bin_demo,15,103,0.9488736127767897,-0.10847407845336211
noninteger_bin_demo,15,104,0.8552463355961542,0.2997350910063901
noninteger_bin_demo,15,105,0.7696205839561835,0.7088225144692382
noninteger_bin_demo,15,106,0.4635607673931765,0.8550084811073457
noninteger_bin_demo,15,107,0.05314450538148898,0.9797431844334404
noninteger_bin_demo,15,108,-0.3852621326022676,0.9497731786089053
noninteger_bin_demo,15,109,-0.7550212631170522,0.6374377550318094
noninteger_bin_demo,15,110,-0.9045186398682283,0.3325347382358515
noninteger_bin_demo,15,111,-0.9801999472967157,-0.06361562571373187
noninteger_bin_demo,15,112,-0.9519294365074743,-0.4636331276928952
noninteger_bin_demo,15,113,-0.6137169578406974,-0.7477100691082729
noninteger_bin_demo,15,114,-0.3317806610884406,-0.9803899735104228
noninteger_bin_demo,15,115,0.12024974227587298,-0.9996410051727375
noninteger_bin_demo,15,116,0.46873702288177443,-0.8695788812061465
noninteger_bin_demo,15,117,0.7945683379597899,-0.6243039640481419
noninteger_bin_demo,15,118,0.9904177584364114,-0.22735093190186434
noninteger_bin_demo,15,119,0.9817188144293437,0.21346530808052225
noninteger_bin_demo,15,120,0.8715695106909568,0.5577956265414132
noninteger_bin_demo,15,121,0.5534994416380716,0.7809212126991393
noninteger_bin_demo,15,122,0.12762415202356991,0.9826040222427065
noninteger_bin_demo,15,123,-0.285883492246139,0.9865323143385947
noninteger_bin_demo,15,124,-0.5808798376220047,0.7694915594207405
noninteger_bin_demo,15,125,-0.895922618288194,0.4734236052781772
noninteger_bin_demo,15,126,-1.0115721232981285,0.09228936569046513
noninteger_bin_demo,15,127,-0.9980787918708149,-0.34684046774098753
noninteger_bin_demo,16,0,-0.6148425600719006,0.7965548258819222
noninteger_bin_demo,16,1,-0.8345189086329372,0.4684875722225773
noninteger_bin_demo,16,2,-1.0170827774178575,0.12054178754441452
noninteger_bin_demo,16,3,-0.9953002836573922,-0.2697135593092946
noninteger_bin_demo,16,4,-0.7926878618835638,-0.6652999948530643
noninteger_bin_demo,16,5,-0.46892819477179815,-0.8915197152697643
noninteger_bin_demo,16,6,-0.064714717074033,-0.9927177879916679
noninteger_bin_demo,16,7,0.3760337213694858,-0.9205513161782429
noninteger_bin_demo,16,8,0.6715460432365148,-0.7366467850489439
noninteger_bin_demo,16,9,0.9255505187459346,-0.37377688922661156
noninteger_bin_demo,16,10,1.0261060361994374,0.03829510229128144
noninteger_bin_demo,16,11,0.9190404862945591,0.40492028918656114
noninteger_bin_demo,16,12,0.6600530821967875,0.7824178410561947
noninteger_bin_demo,16,13,0.316016968204464,0.8826370447273889
noninteger_bin_demo,16,14,-0.09416256502264032,0.9615536333425181
noninteger_bin_demo,16,15,-0.458663063999334,0.9118116321102334
noninteger_bin_demo,16,16,-0.7746527958740311,0.6674533740145704
noninteger_bin_demo,16,17,-1.0206321318825458,0.20695344969846624
noninteger_bin_demo,16,18,-0.9623639531888113,-0.1975301832192013
noninteger_bin_demo,16,19,-0.8774221946755391,-0.502595121693961
noninteger_bin_demo,16,20,-0.5292565072710387,-0.7937299496004221
noninteger_bin_demo,16,21,-0.17323745441826716,-0.9623358389769532
noninteger_bin_demo,16,22,0.22874363478031012,-0.9873572154623425
noninteger_bin_demo,16,23,0.6192632413090435,-0.8408663817535884
noninteger_bin_demo,16,24,0.8814854235680021,-0.4791707279620022
noninteger_bin_demo,16,25,0.9909720750418816,-0.12227328748449572
noninteger_bin_demo,16,26,0.9226434037588894,0.2892166120430924
noninteger_bin_demo,16,27,0.7562141391231111,0.6508658360662225
noninteger_bin_demo,16,28,0.46842129609851596,0.8724925994439651
noninteger_bin_demo,16,29,0.011983034332283121,0.9916646561136824
noninteger_bin_demo,16,30,-0.3793958622543695,0.9473155959348888
noninteger_bin_demo,16,31,-0.7026696246832361,0.6866722048141946
noninteger_bin_demo,16,32,-0.9187099646729926,0.3133272770244212
noninteger_bin_demo,16,33,-1.009373888563316,-0.06549711332148213
noninteger_bin_demo,16,34,-0.8556256659130909,-0.41189594333327423
noninteger_bin_demo,16,35,-0.669863191981359,-0.7134222287337619
noninteger_bin_demo,16,36,-0.31133361314397584,-0.9938165335706638
noninteger_bin_demo,16,37,0.08043506617767508,-1.0149655178539867
noninteger_bin_demo,16,38,0.44568134240308144,-0.9338882884603117
noninteger_bin_demo,16,39,0.7389512202363585,-0.6440478300320287
noninteger_bin_demo,16,40,0.9788341580273416,-0.2632795735677832
noninteger_bin_demo,16,41,0.918787930491181,0.16721602522603257
noninteger_bin_demo,16,42,0.8528175770835994,0.5402104338499529
noninteger_bin_demo,16,43,0.5660593295280831,0.8087674786452066
noninteger_bin_demo,16,44,0.17828251659154776,0.9879165025598717
noninteger_bin_demo,16,45,-0.18829076911609613,1.0005299100865428
noninteger_bin_demo,16,46,-0.6194112231162896,0.7521033631621631
noninteger_bin_demo,16,47,-0.8877218577982583,0.4555560678900672
noninteger_bin_demo,16,48,-1.048783388016084,0.1608349787607949
noninteger_bin_demo,16,49,-1.0267453638362813,-0.2387897085580853
noninteger_bin_demo,16,50,-0.7857450953935101,-0.6517349461661912
noninteger_bin_demo,16,51,-0.5442299653333564,-0.8595285915344477
noninteger_bin_demo,16,52,-0.04750549733867642,-1.0105527094362152
noninteger_bin_demo,16,53,0.28877111873404837,-0.9328359864193891
noninteger_bin_demo,16,54,0.7020748732467825,-0.7335808608044956
noninteger_bin_demo,16,55,0.9403396340795642,-0.4436924735379678
noninteger_bin_demo,16,56,1.005058974233123,-0.001203041215683754
noninteger_bin_demo,16,57,0.8992782187621597,0.43303584991724414
noninteger_bin_demo,16,58,0.68419135799831,0.8002122416629335
noninteger_bin_demo,16,59,0.33402936195754546,0.9361743574032851
noninteger_bin_demo,16,60,-0.04401649027932344,0.9844868035504571
noninteger_bin_demo,16,61,-0.4631839055868224,0.9012676741364293
noninteger_bin_demo,16,62,-0.8059215608612563,0.6301817435238877
noninteger_bin_demo,16,63,-0.9441278465268047,0.2575205366914911
noninteger_bin_demo,16,64,-0.8999731371519412,-0.1224632900585054
noninteger_bin_demo,16,65,-0.8617324588312494,-0.5361466402558985
noninteger_bin_demo,16,66,-0.5851181669313743,-0.8460924442237918
noninteger_bin_demo,16,67,-0.17438105435719303,-0.9937048753355202
noninteger_bin_demo,16,68,0.27811503579801017,-0.9065862569246788
noninteger_bin_demo,16,69,0.5778783353315163,-0.8073427337371534
noninteger_bin_demo,16,70,0.8514059961609578,-0.49121970143246924
noninteger_bin_demo,16,71,0.9525668080894227,-0.12683547389675434
noninteger_bin_demo,16,72,0.9926608730225329,0.27890494414992584
noninteger_bin_demo,16,73,0.7857282009514915,0.6411219048727177
noninteger_bin_demo,16,74,0.43559917764876654,0.8923736726077381
noninteger_bin_demo,16,75,0.03977739979513004,1.0173418498265139
noninteger_bin_demo,16,76,-0.29652213431804775,0.9280886321335766
noninteger_bin_demo,16,77,-0.6877056094082854,0.6928832758973925
noninteger_bin_demo,16,78,-0.8900935792429939,0.3916228442760745
noninteger_bin_demo,16,79,-0.9856533349232287,-0.04637756607776983
noninteger_bin_demo,16,80,-0.8712841826439466,-0.4108179442259081
noninteger_bin_demo,16,81,-0.6787772849142186,-0.7836041980842833
noninteger_bin_demo,16,82,-0.2685138991760461,-0.9442022553438895
noninteger_bin_demo,16,83,0.1072705799184206,-1.0072504841455006
noninteger_bin_demo,16,84,0.44229436701263,-0.86909740830517
noninteger_bin_demo,16,85,0.8169508817417808,-0.6218798864831783
noninteger_bin_demo,16,86,0.9371515431327183,-0.17102596562834116
noninteger_bin_demo,16,87,0.9875308339258208,0.20361973914499903
noninteger_bin_demo,16,88,0.8725689370050353,0.5082121137756698
noninteger_bin_demo,16,89,0.5018846657682394,0.8533054721625167
noninteger_bin_demo,16,90,0.1573080996807287,0.9617675992381591
noninteger_bin_demo,16,91,-0.21563805620272908,1.025776432325941
noninteger_bin_demo,16,92,-0.5809866543341118,0.8114562405990965
noninteger_bin_demo,16,93,-0.8460586677017276,0.46475213314430597
noninteger_bin_demo,16,94,-0.9555276255299999,0.0847580919201946
noninteger_bin_demo,16,95,-0.9697870643550321,-0.25374842925992813
noninteger_bin_demo,16,96,-0.795257401875373,-0.6698515187761441
noninteger_bin_demo,16,97,-0.425623916667689,-0.8978596453871375
noninteger_bin_demo,16,98,-0.02720287924631176,-1.0394135937183762
noninteger_bin_demo,16,99,0.33955720230157566,-0.9154817563040071
noninteger_bin_demo,16,100,0.680568916543799,-0.7074983035311546
noninteger_bin_demo,16,101,0.9615863242415696,-0.3722644551758035
noninteger_bin_demo,16,102,0.965334794603172,0.05005520313760529
noninteger_bin_demo,16,103,0.8694155788742974,0.4548679945690978
noninteger_bin_demo,16,104,0.6432235211306147,0.7597757984204849
noninteger_bin_demo,16,105,0.30290840662771523,0.9250324585481838
noninteger_bin_demo,16,106,-0.08880999104355743,1.007271775521372
noninteger_bin_demo,16,107,-0.47231630645384826,0.856340656437993
noninteger_bin_demo,16,108,-0.8039338172567472,0.6205148972810657
noninteger_bin_demo,16,109,-0.93664157100525,0.2682778777599579
noninteger_bin_demo,16,110,-0.9778500926353213,-0.12362720381788064
noninteger_bin_demo,16,111,-0.8930385281127743,-0.5672878896943366
noninteger_bin_demo,16,112,-0.5864687121322562,-0.837939777683398
noninteger_bin_demo,16,113,-0.17602358137393637,-1.024599258938329
noninteger_bin_demo,16,114,0.2563656137037729,-0.9740363425981108
noninteger_bin_demo,16,115,0.5939310006539955,-0.7230913013979283
noninteger_bin_demo,16,116,0.861982882241299,-0.5160403185651531
noninteger_bin_demo,16,117,0.9728840145980415,-0.09381043905960826
noninteger_bin_demo,16,118,0.9291910085125736,0.29900309281798443
noninteger_bin_demo,16,119,0.7940142750226395,0.6789554204810594
noninteger_bin_demo,16,120,0.404602293913412,0.9274630832559354
noninteger_bin_demo,16,121,0.11126640654202408,1.031578633286606
noninteger_bin_demo,16,122,-0.3355615483662603,0.9315074758205025
noninteger_bin_demo,16,123,-0.7438268817989495,0.7173106660440783
noninteger_bin_demo,16,124,-0.9096455954654437,0.36651708595822824
noninteger_bin_demo,16,125,-0.9486038284406968,0.006234971536410148
noninteger_bin_demo,16,126,-0.9063422828502308,-0.41113639515457256
noninteger_bin_demo,16,127,-0.6284463333043387,-0.7187294337953186
noninteger_bin_demo,17,0,-0.8583568154570782,0.399935099593946
noninteger_bin_demo,17,1,-1.0069550042282795,-0.02556237734450311
noninteger_bin_demo,17,2,-0.8998787244224309,-0.3853942824613512
noninteger_bin_demo,17,3,-0.7298893881396563,-0.7197212956244069
noninteger_bin_demo,17,4,-0.3385193936571053,-0.9569151605015623
noninteger_bin_demo,17,5,0.044407337423411235,-0.9761567799609275
noninteger_bin_demo,17,6,0.4186254171490662,-0.8867065109973019
noninteger_bin_demo,17,7,0.8014894956386689,-0.6625293317295199
noninteger_bin_demo,17,8,0.9221901408588018,-0.2917904925428988
noninteger_bin_demo,17,9,1.0155549927683618,0.21882453673531926
noninteger_bin_demo,17,10,0.8304800238675115,0.5174852409190388
noninteger_bin_demo,17,11,0.5615178256702846,0.8157485901981747
noninteger_bin_demo,17,12,0.2271318391801393,0.9530711972992325
noninteger_bin_demo,17,13,-0.2457359584414611,1.0170365552127252
noninteger_bin_demo,17,14,-0.5937896703587866,0.7801445478064915
noninteger_bin_demo,17,15,-0.7979612646692164,0.5070247506037953
noninteger_bin_demo,17,16,-0.9782590845605647,0.13580233274234127
noninteger_bin_demo,17,17,-0.9743040734664714,-0.2568772135088887
noninteger_bin_demo,17,18,-0.8127498820537215,-0.6468703762168176
noninteger_bin_demo,17,19,-0.48248652585935387,-0.8635173808261661
noninteger_bin_demo,17,20,-0.08842749619701949,-0.9641122193596652
noninteger_bin_demo,17,21,0.34786928388892824,-0.9653610584665893
noninteger_bin_demo,17,22,0.6978460411590133,-0.7401534657089887
noninteger_bin_demo,17,23,0.9675533499729669,-0.37195125522091993
noninteger_bin_demo,17,24,0.9856574895033406,0.008500659554666163
noninteger_bin_demo,17,25,0.9466027140808427,0.36684973100881296
noninteger_bin_demo,17,26,0.7044855510359386,0.8130022739425617
noninteger_bin_demo,17,27,0.39700174054171566,0.9721013321974119
noninteger_bin_demo,17,28,-0.056909488442109205,1.0185526991328513
noninteger_bin_demo,17,29,-0.45257085501502864,0.8612925452705974
noninteger_bin_demo,17,30,-0.7882974300958099,0.603914533218956
noninteger_bin_demo,17,31,-0.9480696893062165,0.2564927177257539
noninteger_bin_demo,17,32,-0.973213986724905,-0.1258036327911882
noninteger_bin_demo,17,33,-0.8461604777710736,-0.5501160907315024
noninteger_bin_demo,17,34,-0.6477688336524113,-0.7853149324969649
noninteger_bin_demo,17,35,-0.202584124245929,-0.8852121555650849
noninteger_bin_demo,17,36,0.1910670368781935,-1.0134453601285727
noninteger_bin_demo,17,37,0.5687355049974238,-0.825752503082299
noninteger_bin_demo,17,38,0.8728204445427364,-0.49223830964454407
noninteger_bin_demo,17,39,0.9151406453000466,-0.11779784648716803
noninteger_bin_demo,17,40,0.94637193310478,0.31092605980064
noninteger_bin_demo,17,41,0.7565721113921897,0.6525816274817986
noninteger_bin_demo,17,42,0.48508838858346287,0.9097835633979398
noninteger_bin_demo,17,43,0.06729225231784777,1.0213525989850225
noninteger_bin_demo,17,44,-0.33551555754419743,0.9936702537701981
noninteger_bin_demo,17,45,-0.7193675293344862,0.7224309515448445
noninteger_bin_demo,17,46,-0.9584360460243938,0.4386141684880063
noninteger_bin_demo,17,47,-0.9734528668266151,0.005079859863002727
noninteger_bin_demo,17,48,-0.8617462725889483,-0.35366481858999504
noninteger_bin_demo,17,49,-0.7048895810589506,-0.7373494181238275
noninteger_bin_demo,17,50,-0.27639878798977413,-0.9740359196088876
noninteger_bin_demo,17,51,0.07512100115957554,-1.010441387903622
noninteger_bin_demo,17,52,0.4650737855628875,-0.8736160967303621
noninteger_bin_demo,17,53,0.7629643858461418,-0.6159114733857568
noninteger_bin_demo,17,54,1.0104454801918252,-0.3198445124081241
noninteger_bin_demo,17,55,1.0114085484167903,0.10733276397149377
noninteger_bin_demo,17,56,0.8346666362840767,0.5078914873988969
noninteger_bin_demo,17,57,0.59525840165497,0.8171982980529876
noninteger_bin_demo,17,58,0.22410927036547998,1.0364293235490025
noninteger_bin_demo,17,59,-0.18000697307467883,0.9532708958853789
noninteger_bin_demo,17,60,-0.5856825435590086,0.8452196121708228
noninteger_bin_demo,17,61,-0.8647524871765542,0.5262923882695897
noninteger_bin_demo,17,62,-0.9350037243957544,0.09595163392012958
noninteger_bin_demo,17,63,-0.9587986772564532,-0.3044348123995555
noninteger_bin_demo,17,64,-0.8352390037116577,-0.5940299242474653
noninteger_bin_demo,17,65,-0.4799790766069209,-0.8715020765573599
noninteger_bin_demo,17,66,-0.03366831336939129,-0.964358007894378
noninteger_bin_demo,17,67,0.35017142636528137,-0.9142488315153462
noninteger_bin_demo,17,68,0.7444202808874947,-0.720615552790084
noninteger_bin_demo,17,69,0.9490993762788764,-0.38941040006221106
noninteger_bin_demo,17,70,0.9940725070398687,0.001959601644612147
noninteger_bin_demo,17,71,0.9239422848255582,0.4335970813949099
noninteger_bin_demo,17,72,0.7040811704244437,0.7669549874242348
noninteger_bin_demo,17,73,0.3325903715036368,0.9468902370387404
noninteger_bin_demo,17,74,-0.0607684418092284,1.0497911414428407
noninteger_bin_demo,17,75,-0.46226327317887794,0.8366948245862073
noninteger_bin_demo,17,76,-0.7916461403174919,0.6679220456286348
noninteger_bin_demo,17,77,-0.9811072087857109,0.29684634131737647
noninteger_bin_demo,17,78,-0.9709885397505429,-0.17616249549928603
noninteger_bin_demo,17,79,-0.8799081460800742,-0.5379267021929681
noninteger_bin_demo,17,80,-0.5156477682816426,-0.7824823366346236
noninteger_bin_demo,17,81,-0.17075841905429898,-0.9756362284098041
noninteger_bin_demo,17,82,0.21172660746751445,-0.9591681385796078
noninteger_bin_demo,17,83,0.6106109115999392,-0.7887227644437808
noninteger_bin_demo,17,84,0.8211252201977877,-0.481167268199138
noninteger_bin_demo,17,85,1.036932140097338,-0.13360672701954485
noninteger_bin_demo,17,86,0.9725678621739738,0.27105544848023716
noninteger_bin_demo,17,87,0.755269372866087,0.6264509270234604
noninteger_bin_demo,17,88,0.44203581491558697,0.9287107007568567
noninteger_bin_demo,17,89,0.07907964081297181,1.0260228483272447
noninteger_bin_demo,17,90,-0.35352043554877743,0.890140307418342
noninteger_bin_demo,17,91,-0.7110343904009424,0.7247013666064025
noninteger_bin_demo,17,92,-0.9483182510392651,0.4058571083830429
noninteger_bin_demo,17,93,-1.0136128894465712,0.031044269149302004
noninteger_bin_demo,17,94,-0.9096468333773451,-0.4108683347724208
noninteger_bin_demo,17,95,-0.6758124072610393,-0.7587592179832631
noninteger_bin_demo,17,96,-0.3816183139175032,-0.9244448918620461
noninteger_bin_demo,17,97,0.03878307223243115,-1.0326215359459723
noninteger_bin_demo,17,98,0.4386883327095128,-0.8677589631229703
noninteger_bin_demo,17,99,0.7720159095527095,-0.5940762779594185
noninteger_bin_demo,17,100,1.000516039892768,-0.29584372750285926
noninteger_bin_demo,17,101,0.9697983639965821,0.1901723435302647
noninteger_bin_demo,17,102,0.876299745941365,0.5242650923298784
noninteger_bin_demo,17,103,0.6062222872937902,0.8249950139504213
noninteger_bin_demo,17,104,0.20041769326202816,0.9256730835735598
noninteger_bin_demo,17,105,-0.17553220816559345,1.0172797313914343
noninteger_bin_demo,17,106,-0.5838555787247134,0.8189361895963783
noninteger_bin_demo,17,107,-0.8483406366479805,0.5303152513602607
noninteger_bin_demo,17,108,-0.9638524080641704,0.15501580701992246
noninteger_bin_demo,17,109,-0.9757238884008296,-0.3272895494976145
noninteger_bin_demo,17,110,-0.7956584948469614,-0.6050197529578035
noninteger_bin_demo,17,111,-0.4907474629053244,-0.876561068863881
noninteger_bin_demo,17,112,-0.045370839793268745,-0.9701483222099301
noninteger_bin_demo,17,113,0.36939757950758795,-0.9674689090834178
noninteger_bin_demo,17,114,0.7223913017613847,-0.7230161398712144
noninteger_bin_demo,17,115,0.9001709665077003,-0.40531460475175984
noninteger_bin_demo,17,116,0.9443985813939125,-0.007714717112938236
noninteger_bin_demo,17,117,0.9226168191897262,0.41234887218420996
noninteger_bin_demo,17,118,0.6663104826219752,0.7236924467163199
noninteger_bin_demo,17,119,0.3391835134977041,0.9521231835872611
noninteger_bin_demo,17,120,-0.0068368244602789036,1.0729049872618732
noninteger_bin_demo,17,121,-0.4831410591829344,0.8335026498642084
noninteger_bin_demo,17,122,-0.783001559439426,0.6279401666781491
noninteger_bin_demo,17,123,-0.9784541282948672,0.2483501761615883
noninteger_bin_demo,17,124,-0.9529900341429836,-0.19723114518237006
noninteger_bin_demo,17,125,-0.8228078314506783,-0.5697414861929658
noninteger_bin_demo,17,126,-0.5507850931192921,-0.8298990221353655
noninteger_bin_demo,17,127,-0.18730852530789197,-0.9898052640618293
noninteger_bin_demo,18,0,-1.012163328501786,-0.14488371246390377
noninteger_bin_demo,18,1,-0.8139839671784961,-0.5097836761511649
noninteger_bin_demo,18,2,-0.6199628962233267,-0.8335005475532099
noninteger_bin_demo,18,3,-0.1978085386732501,-0.9029990388631826
noninteger_bin_demo,18,4,0.1056339143226343,-1.0362210750184053
noninteger_bin_demo,18,5,0.5326849211268175,-0.8389999443330244
noninteger_bin_demo,18,6,0.8072788721190549,-0.4979311567579353
noninteger_bin_demo,18,7,0.9803226160427553,-0.17488278670100335
noninteger_bin_demo,18,8,1.0113848442896203,0.2970077001107631
noninteger_bin_demo,18,9,0.802535704328969,0.6107672014773015
noninteger_bin_demo,18,10,0.5234849798162932,0.8815030185370819
noninteger_bin_demo,18,11,0.0973418891776169,1.0252341600226353
noninteger_bin_demo,18,12,-0.2960683479141497,0.9873005223386725
noninteger_bin_demo,18,13,-0.6672856236232797,0.7574945543920308
noninteger_bin_demo,18,14,-0.9059865911023643,0.40624399641454184
noninteger_bin_demo,18,15,-1.0129013056318503,0.00355747595458597
noninteger_bin_demo,18,16,-0.9429476225254556,-0.39050781273170376
noninteger_bin_demo,18,17,-0.6346215370826802,-0.7318785407607146
noninteger_bin_demo,18,18,-0.41426807693563944,-0.9399152459622934
noninteger_bin_demo,18,19,0.05732090893712245,-1.0282357362849295
noninteger_bin_demo,18,20,0.4045279443320686,-0.8527358339914313
noninteger_bin_demo,18,21,0.7586920844403727,-0.6390945341741228
noninteger_bin_demo,18,22,0.9809866314797229,-0.32712115844120737
noninteger_bin_demo,18,23,0.963475987053292,0.14438156498873259
noninteger_bin_demo,18,24,0.7944403470904962,0.4095849102125233
noninteger_bin_demo,18,25,0.5934511195606095,0.7957445055470397
noninteger_bin_demo,18,26,0.21626901805007798,1.0226009807943695
noninteger_bin_demo,18,27,-0.1782096973750471,0.9997716533952857
noninteger_bin_demo,18,28,-0.5268568084843761,0.7972626675026522
noninteger_bin_demo,18,29,-0.8585251589612172,0.5442353412147294
noninteger_bin_demo,18,30,-0.9761327804469482,0.14916380854700997
noninteger_bin_demo,18,31,-0.9504827032627045,-0.27967943786423366
noninteger_bin_demo,18,32,-0.8202573691820593,-0.6091584257606674
noninteger_bin_demo,18,33,-0.5333790433656002,-0.831184642082062
noninteger_bin_demo,18,34,-0.03091817667868755,-1.0102228317135435
noninteger_bin_demo,18,35,0.38471416795373053,-0.9350825204838477
noninteger_bin_demo,18,36,0.60648216520326,-0.7640278547693111
noninteger_bin_demo,18,37,0.9027203421599083,-0.42629545478166403
noninteger_bin_demo,18,38,1.01649625652,0.006419615988792544
noninteger_bin_demo,18,39,0.8561611136966115,0.37660038674379104
noninteger_bin_demo,18,40,0.6883478772793511,0.7230426146455227
noninteger_bin_demo,18,41,0.31622879788200875,0.8961797232001578
noninteger_bin_demo,18,42,-0.03299977402954077,0.9877312294126118
noninteger_bin_demo,18,43,-0.4423299887778693,0.8528291310253597
noninteger_bin_demo,18,44,-0.7824862243668899,0.6509768260368541
noninteger_bin_demo,18,45,-0.9738222092026376,0.24785082300665826
noninteger_bin_demo,18,46,-0.9941580509538458,-0.14560865459489014
noninteger_bin_demo,18,47,-0.7951698398141148,-0.4870520226473366
noninteger_bin_demo,18,48,-0.607999533388264,-0.793748325112055
noninteger_bin_demo,18,49,-0.2086518927068343,-0.9920733298555886
noninteger_bin_demo,18,50,0.2038864253314208,-0.930270005853057
noninteger_bin_demo,18,51,0.5967157216301213,-0.834054084494332
noninteger_bin_demo,18,52,0.8444305123311869,-0.5477759591441209
noninteger_bin_demo,18,53,0.9884323384241155,-0.15222784008833293
noninteger_bin_demo,18,54,0.987779337294376,0.3001413826016123
noninteger_bin_demo,18,55,0.7840505031045304,0.6402319150484798
noninteger_bin_demo,18,56,0.47962880976860406,0.9486945208344189
noninteger_bin_demo,18,57,0.10862582149454397,0.9947303186422113
noninteger_bin_demo,18,58,-0.3247926137209943,1.008318535973042
noninteger_bin_demo,18,59,-0.6440739557821842,0.7908280011248854
noninteger_bin_demo,18,60,-0.9156564842779513,0.38340088763715213
noninteger_bin_demo,18,61,-0.960554500489856,-0.03903739562057962
noninteger_bin_demo,18,62,-0.9499283219303593,-0.3802973137320052
noninteger_bin_demo,18,63,-0.6898053501420734,-0.7002434266720596
noninteger_bin_demo,18,64,-0.3315926904327401,-0.8752255598923523
noninteger_bin_demo,18,65,0.09879972232860779,-0.9837359779917523
noninteger_bin_demo,18,66,0.4938430082222558,-0.8396177163016503
noninteger_bin_demo,18,67,0.7938942301063923,-0.6228390536072405
noninteger_bin_demo,18,68,0.9439898704715496,-0.27631539456233667
noninteger_bin_demo,18,69,1.0074600767711568,0.12360194840433895
noninteger_bin_demo,18,70,0.8828067197223377,0.5267228667324176
noninteger_bin_demo,18,71,0.5147569957364271,0.8067538416205815
noninteger_bin_demo,18,72,0.2217973720939254,0.963857773953025
noninteger_bin_demo,18,73,-0.13784938227715704,0.9583913382293686
noninteger_bin_demo,18,74,-0.5752711734099392,0.8099476337813528
noninteger_bin_demo,18,75,-0.8375971830881079,0.5406084464627413
noninteger_bin_demo,18,76,-1.017133036053029,0.15583614422071287
noninteger_bin_demo,18,77,-0.9878810529176335,-0.23408408740218867
noninteger_bin_demo,18,78,-0.7363273187834476,-0.5975789961248926
noninteger_bin_demo,18,79,-0.4612114933586845,-0.8610209225580974
noninteger_bin_demo,18,80,-0.05403424739952549,-1.0154216099723126
noninteger_bin_demo,18,81,0.32428601520552414,-0.904682264726968
noninteger_bin_demo,18,82,0.6272055307600087,-0.7366700853190568
noninteger_bin_demo,18,83,0.8878569277062498,-0.38563669471758827
noninteger_bin_demo,18,84,1.0165154815481618,-0.001648017479775457
noninteger_bin_demo,18,85,0.926845278816458,0.38662208347665233
noninteger_bin_demo,18,86,0.6427966963425059,0.7230581163297833
noninteger_bin_demo,18,87,0.3573366956252888,0.9269833314780835
noninteger_bin_demo,18,88,-0.045668220731526835,0.9653469614447868
noninteger_bin_demo,18,89,-0.44721778495617265,0.9260410391260219
noninteger_bin_demo,18,90,-0.7471161177195936,0.6217954108836939
noninteger_bin_demo,18,91,-0.9315092033784748,0.2944849351747842
noninteger_bin_demo,18,92,-1.0115442636991854,-0.12002077308503974
noninteger_bin_demo,18,93,-0.8505380191863023,-0.5773468744866227
noninteger_bin_demo,18,94,-0.6466950027046771,-0.851809031997159
noninteger_bin_demo,18,95,-0.21927240370634415,-0.9850203065737345
noninteger_bin_demo,18,96,0.19697785235178408,-0.9775115446819745
noninteger_bin_demo,18,97,0.586629572118938,-0.8480253305462735
noninteger_bin_demo,18,98,0.8901369140743657,-0.5325622437453742
noninteger_bin_demo,18,99,1.0238947820178814,-0.16287021068276245
noninteger_bin_demo,18,100,0.8918070659487602,0.2442547770474552
noninteger_bin_demo,18,101,0.69611939021867,0.5983403600719149
noninteger_bin_demo,18,102,0.47642287312627923,0.850229244308155
noninteger_bin_demo,18,103,0.06165885014160935,1.01178721198984
noninteger_bin_demo,18,104,-0.3483960575065259,0.9277500376630178
noninteger_bin_demo,18,105,-0.6397752849835332,0.7748838028077327
noninteger_bin_demo,18,106,-0.9507687655476271,0.3333279841914508
noninteger_bin_demo,18,107,-1.020840667812571,-0.046775953636307994
noninteger_bin_demo,18,108,-0.9042365730530247,-0.40238495997635143
noninteger_bin_demo,18,109,-0.6404683817712049,-0.6917576697339101
noninteger_bin_demo,18,110,-0.33087283236133025,-0.9098211627911948
noninteger_bin_demo,18,111,0.0549157441825881,-0.9877171553417263
noninteger_bin_demo,18,112,0.47529844364058,-0.8903747416855127
noninteger_bin_demo,18,113,0.7573382072156499,-0.6524345112434665
noninteger_bin_demo,18,114,0.9953501504930858,-0.33085456898101995
noninteger_bin_demo,18,115,1.0598573117359298,0.11619461317981836
noninteger_bin_demo,18,116,0.8891948038599092,0.5316788797014804
noninteger_bin_demo,18,117,0.5634975818823456,0.8218085210639908
noninteger_bin_demo,18,118,0.23443137565966526,0.9712326047097525
noninteger_bin_demo,18,119,-0.17757430499561216,0.9736664716154809
noninteger_bin_demo,18,120,-0.5812273888955336,0.7927945107557725
noninteger_bin_demo,18,121,-0.8540197883099718,0.5185903120396183
noninteger_bin_demo,18,122,-0.9964026862915301,0.1539623936687959
noninteger_bin_demo,18,123,-0.9812216481579116,-0.21573328642811007
noninteger_bin_demo,18,124,-0.7947426591698905,-0.6088510188119234
noninteger_bin_demo,18,125,-0.49202117170841436,-0.8814387052133142
noninteger_bin_demo,18,126,-0.10384147919639705,-0.9973876464186427
noninteger_bin_demo,18,127,0.36397348172553384,-0.9353904758716813
noninteger_bin_demo,19,0,-0.8166971647745378,-0.596103271704203
noninteger_bin_demo,19,1,-0.479681192653937,-0.9149780139512355
noninteger_bin_demo,19,2,-0.06774576040874097,-1.0350544582974006
noninteger_bin_demo,19,3,0.34718441876636075,-0.9388362124948849
noninteger_bin_demo,19,4,0.6309953243383772,-0.79181591678446
noninteger_bin_demo,19,5,0.872629106219441,-0.44548728015217104
noninteger_bin_demo,19,6,0.9876930720475343,-0.02578335716308744
noninteger_bin_demo,19,7,0.9247693371408369,0.34273619286918594
noninteger_bin_demo,19,8,0.6972937623234072,0.6532010234604358
noninteger_bin_demo,19,9,0.3825655678010714,0.931870688528716
noninteger_bin_demo,19,10,-0.06029639266856082,0.94475106498183
noninteger_bin_demo,19,11,-0.43267745701989924,0.9043919072667842
noninteger_bin_demo,19,12,-0.7754227827974683,0.6111842462665042
noninteger_bin_demo,19,13,-0.977151741054138,0.250689969436555
noninteger_bin_demo,19,14,-0.936423075969998,-0.12628088105408783
noninteger_bin_demo,19,15,-0.8318497581090731,-0.46063049272537865
noninteger_bin_demo,19,16,-0.5697474527950421,-0.8518396419994264
noninteger_bin_demo,19,17,-0.23812724699659377,-1.010496227641766
noninteger_bin_demo,19,18,0.15122881966292773,-0.9703987615005809
noninteger_bin_demo,19,19,0.5398623193345868,-0.8157410087681214
noninteger_bin_demo,19,20,0.8768655783635246,-0.5598331220835656
noninteger_bin_demo,19,21,0.9564764994940377,-0.15413409542605105
noninteger_bin_demo,19,22,1.0292689337701502,0.21360011768445586
noninteger_bin_demo,19,23,0.7547469966323673,0.5604938941250117
noninteger_bin_demo,19,24,0.49456860308914913,0.9093322791203788
noninteger_bin_demo,19,25,0.06668590770812058,1.019185592238367
noninteger_bin_demo,19,26,-0.2890961320255734,0.9386851372151046
noninteger_bin_demo,19,27,-0.6136846728594624,0.771528506108085
noninteger_bin_demo,19,28,-0.905930119203906,0.4294113957962611
noninteger_bin_demo,19,29,-1.0311513418205949,0.03213166632047448
noninteger_bin_demo,19,30,-0.9201928620545797,-0.3650289895579723
noninteger_bin_demo,19,31,-0.726362600297545,-0.6711784675390167
noninteger_bin_demo,19,32,-0.37525943260419786,-0.9209491229750868
noninteger_bin_demo,19,33,0.02642509374283106,-0.9657454065301908
noninteger_bin_demo,19,34,0.4304493942007649,-0.9019176681158029
noninteger_bin_demo,19,35,0.7373102269430639,-0.6093588589050178
noninteger_bin_demo,19,36,0.9681586876687124,-0.3335355797100246
noninteger_bin_demo,19,37,0.9708541679280975,0.06321728609625976
noninteger_bin_demo,19,38,0.8243100329780324,0.5221268402752886
noninteger_bin_demo,19,39,0.6083889616975238,0.8079857780731837
noninteger_bin_demo,19,40,0.24431012556101125,1.0060985638841389
noninteger_bin_demo,19,41,-0.2068302910160174,0.9917091532631733
noninteger_bin_demo,19,42,-0.5503512519519221,0.8407077095808804
noninteger_bin_demo,19,43,-0.8280799884467344,0.5791870444458951
noninteger_bin_demo,19,44,-0.99195949118282,0.16381083614405123
noninteger_bin_demo,19,45,-0.9747493410563028,-0.2345533704541395
noninteger_bin_demo,19,46,-0.7886547250457147,-0.6157586392620213
noninteger_bin_demo,19,47,-0.48458898902680414,-0.8628578987206731
noninteger_bin_demo,19,48,-0.14909766277929198,-0.9882578648694156
noninteger_bin_demo,19,49,0.2875997092822945,-0.9762234435933858
noninteger_bin_demo,19,50,0.6385462422426005,-0.753101287552166
noninteger_bin_demo,19,51,0.9066764268904702,-0.43945687536709144
noninteger_bin_demo,19,52,1.0480979769939887,-0.05570755249604649
noninteger_bin_demo,19,53,0.9770634817479734,0.34078084098614836
noninteger_bin_demo,19,54,0.6623068853016492,0.6824993717913241
noninteger_bin_demo,19,55,0.37649196650970795,0.9421741728233315
noninteger_bin_demo,19,56,-0.06471618067961271,1.0432885319060736
noninteger_bin_demo,19,57,-0.474620911085986,0.9069603569966935
noninteger_bin_demo,19,58,-0.808473703926608,0.6316239614911038
noninteger_bin_demo,19,59,-0.9829984817682138,0.2784710602042618
noninteger_bin_demo,19,60,-1.0194764414699489,-0.13588792321385348
noninteger_bin_demo,19,61,-0.8628478436992703,-0.547004329381114
noninteger_bin_demo,19,62,-0.5200916048732751,-0.8063317927543598
noninteger_bin_demo,19,63,-0.2648751206694911,-0.9927133445062775
noninteger_bin_demo,19,64,0.1598270165077547,-0.9650522885085686
noninteger_bin_demo,19,65,0.5197940730253208,-0.8904491107209342
noninteger_bin_demo,19,66,0.8381437339818277,-0.5955387094699285
noninteger_bin_demo,19,67,1.0036995158710935,-0.1361079130054495
noninteger_bin_demo,19,68,0.944590108576018,0.21444481476071123
noninteger_bin_demo,19,69,0.8202811019899292,0.6400861560084439
noninteger_bin_demo,19,70,0.47497411247912247,0.8626196870265015
noninteger_bin_demo,19,71,0.06948660531387899,1.0128705538920544
noninteger_bin_demo,19,72,-0.3228003507123154,0.9786642945883448
noninteger_bin_demo,19,73,-0.6513367958697032,0.7635362429469918
noninteger_bin_demo,19,74,-0.8772974103421214,0.41559541788061477
noninteger_bin_demo,19,75,-0.9883561691976037,0.001244378369119132
noninteger_bin_demo,19,76,-0.9742706529490669,-0.38466308931947485
noninteger_bin_demo,19,77,-0.712258448069373,-0.6713387329550439
noninteger_bin_demo,19,78,-0.4023811435418508,-0.9426603858432526
noninteger_bin_demo,19,79,0.06279287586168372,-0.991270065671577
noninteger_bin_demo,19,80,0.4901198714156607,-0.8876174500524426
noninteger_bin_demo,19,81,0.7977529110381821,-0.6678975337472073
noninteger_bin_demo,19,82,0.9197979636043391,-0.2718889081914746
noninteger_bin_demo,19,83,1.013483660103533,0.149717440201366
noninteger_bin_demo,19,84,0.8279240458820658,0.4473528083228178
noninteger_bin_demo,19,85,0.6162347062962346,0.8114369393656332
noninteger_bin_demo,19,86,0.25915386493208703,0.9702494077140221
noninteger_bin_demo,19,87,-0.15088003962546534,0.9867294687467524
noninteger_bin_demo,19,88,-0.5817928446062672,0.8022454621348492
noninteger_bin_demo,19,89,-0.871664005670544,0.5641363617699848
noninteger_bin_demo,19,90,-0.9886453682119382,0.12345374108845271
noninteger_bin_demo,19,91,-0.976825829374114,-0.2529098743538938
noninteger_bin_demo,19,92,-0.7883875924950079,-0.6462983033598466
noninteger_bin_demo,19,93,-0.47975827179382347,-0.8175051472425447
noninteger_bin_demo,19,94,-0.07069000717362901,-0.968801594116389
noninteger_bin_demo,19,95,0.3045692546086667,-0.9509361423146286
noninteger_bin_demo,19,96,0.6386012057633383,-0.7094750341922293
noninteger_bin_demo,19,97,0.8732103423788424,-0.4697547199524197
noninteger_bin_demo,19,98,1.010144498482482,-0.06179610935531715
noninteger_bin_demo,19,99,0.9147230913082414,0.35553071914380563
noninteger_bin_demo,19,100,0.6472718459966524,0.6961873029101338
noninteger_bin_demo,19,101,0.34255826808981904,0.9336437593765824
noninteger_bin_demo,19,102,-0.042455414985309976,1.0230982310986994
noninteger_bin_demo,19,103,-0.4912540939881501,0.8661407350636119
noninteger_bin_demo,19,104,-0.7818474219229192,0.6693982516827693
noninteger_bin_demo,19,105,-0.9791723628414363,0.3217608716735221
noninteger_bin_demo,19,106,-1.0379560113561914,-0.10982394540480585
noninteger_bin_demo,19,107,-0.8797768419202626,-0.5216600342793949
noninteger_bin_demo,19,108,-0.5347967595467705,-0.8336233650899012
noninteger_bin_demo,19,109,-0.26052197216358636,-0.9854826020412883
noninteger_bin_demo,19,110,0.15520480836984474,-0.9981604550522704
noninteger_bin_demo,19,111,0.5800907719213947,-0.8048889105858353
noninteger_bin_demo,19,112,0.7776161873439096,-0.5371973653992712
noninteger_bin_demo,19,113,0.979164935491842,-0.08740402136544555
noninteger_bin_demo,19,114,0.9848858861343154,0.2258408475956418
noninteger_bin_demo,19,115,0.831530430586548,0.5720345714896964
noninteger_bin_demo,19,116,0.43088823744987853,0.8839120201613291
noninteger_bin_demo,19,117,0.026133182064771263,0.9935314310064474
noninteger_bin_demo,19,118,-0.2822031029174802,0.9825781071647355
noninteger_bin_demo,19,119,-0.7230653893776716,0.751223680960023
noninteger_bin_demo,19,120,-0.8945322801079316,0.4556164685493501
noninteger_bin_demo,19,121,-0.9881422875424558,0.07550287995949931
noninteger_bin_demo,19,122,-0.9120364251435717,-0.3637562976356983
noninteger_bin_demo,19,123,-0.6727770016116191,-0.6783396927609439
noninteger_bin_demo,19,124,-0.35481061055192775,-0.9009152836970986
noninteger_bin_demo,19,125,0.05872572435472308,-1.0480430977065185
noninteger_bin_demo,19,126,0.47178332736174555,-0.9031839214147079
noninteger_bin_demo,19,127,0.7684878454065993,-0.66788217610246
noninteger_bin_demo,20,0,-0.3725420584918488,-0.9229049169658154
noninteger_bin_demo,20,1,-0.024004585174280137,-1.0256789502587915
noninteger_bin_demo,20,2,0.44477990618353447,-0.860814790390301
noninteger_bin_demo,20,3,0.7082701239191453,-0.6616948121989077
noninteger_bin_demo,20,4,0.9114904405470792,-0.3374756045297884
noninteger_bin_demo,20,5,1.0239089779214037,0.06578216216719578
noninteger_bin_demo,20,6,0.9139196199123858,0.501162891720436
noninteger_bin_demo,20,7,0.5816072528772007,0.790880843095196
noninteger_bin_demo,20,8,0.24806795107937588,0.9497830573003491
noninteger_bin_demo,20,9,-0.16574442333774803,1.0032101147205317
noninteger_bin_demo,20,10,-0.5436398734750887,0.7967914428772574
noninteger_bin_demo,20,11,-0.8376677166712642,0.5592929884916511
noninteger_bin_demo,20,12,-1.0209070548161099,0.25010123226031056
noninteger_bin_demo,20,13,-0.9690732127992785,-0.2940387636884263
noninteger_bin_demo,20,14,-0.8034130843672412,-0.6347558018114445
noninteger_bin_demo,20,15,-0.49935860503835355,-0.8711915809798713
noninteger_bin_demo,20,16,-0.12371907589418275,-1.0154507607831431
noninteger_bin_demo,20,17,0.3273144836749251,-0.9627390218040376
noninteger_bin_demo,20,18,0.6502248992495335,-0.7842953398888365
noninteger_bin_demo,20,19,0.8641312756911557,-0.49736000155052185
noninteger_bin_demo,20,20,0.9922980087032978,-0.024213783818062086
noninteger_bin_demo,20,21,0.8942780723472983,0.3831960454612049
noninteger_bin_demo,20,22,0.7547885477753463,0.7260185206601206
noninteger_bin_demo,20,23,0.42669810961980725,0.9562612631708366
noninteger_bin_demo,20,24,-0.02441317625840175,1.0253360823192355
noninteger_bin_demo,20,25,-0.4320774152474888,0.9314585898048083
noninteger_bin_demo,20,26,-0.7445929654188336,0.6020342429436734
noninteger_bin_demo,20,27,-0.969610150105984,0.31424813738715135
noninteger_bin_demo,20,28,-0.9641163827324849,-0.12647779032963932
noninteger_bin_demo,20,29,-0.8941379694266888,-0.4139167215106385
noninteger_bin_demo,20,30,-0.6043767196474997,-0.746938222361727
noninteger_bin_demo,20,31,-0.3057879814705695,-0.9336043096472986
noninteger_bin_demo,20,32,0.15215189583247093,-0.9719219965771381
noninteger_bin_demo,20,33,0.5379099653189893,-0.8424956220534614
noninteger_bin_demo,20,34,0.8346438960205798,-0.5097287609708322
noninteger_bin_demo,20,35,0.9777510548056079,-0.19254650754015673
noninteger_bin_demo,20,36,0.9638641258230158,0.24216203666463282
noninteger_bin_demo,20,37,0.8407263165877072,0.6077903945220247
noninteger_bin_demo,20,38,0.5274308559442142,0.914619419915161
noninteger_bin_demo,20,39,0.11706835739549096,0.9845081080010796
noninteger_bin_demo,20,40,-0.2871912856584514,0.9384770119770993
noninteger_bin_demo,20,41,-0.660924161621379,0.743762783659232
noninteger_bin_demo,20,42,-0.8487211828697713,0.46309277039888674
noninteger_bin_demo,20,43,-1.0331726555148102,0.05344253348094328
noninteger_bin_demo,20,44,-0.9287185281577646,-0.35353501090758493
noninteger_bin_demo,20,45,-0.7106566373685583,-0.7362436043597316
noninteger_bin_demo,20,46,-0.346646494580527,-0.9709103926113021
noninteger_bin_demo,20,47,0.05047961075497638,-0.9336264373285523
noninteger_bin_demo,20,48,0.4012786610638999,-0.9464777661402721
noninteger_bin_demo,20,49,0.7627731984256058,-0.6850761636139405
noninteger_bin_demo,20,50,0.9290565484277882,-0.27233807677789634
noninteger_bin_demo,20,51,0.9764806415059207,0.10942553599591326
noninteger_bin_demo,20,52,0.8420810936064231,0.4679151681170657
noninteger_bin_demo,20,53,0.6328939168901576,0.8014866551513159
noninteger_bin_demo,20,54,0.19299216958608456,0.9651362733944169
noninteger_bin_demo,20,55,-0.11991218132090198,1.0602872062591677
noninteger_bin_demo,20,56,-0.49431679005777157,0.8221698449878894
noninteger_bin_demo,20,57,-0.8183771158648862,0.5834637257072168
noninteger_bin_demo,20,58,-0.9653747276074441,0.17208170050687563
noninteger_bin_demo,20,59,-0.9659255712300127,-0.1874406213396804
noninteger_bin_demo,20,60,-0.7769091770551299,-0.6135974571877012
noninteger_bin_demo,20,61,-0.45654314601178925,-0.8333386997778239
noninteger_bin_demo,20,62,-0.1350197801506154,-1.0314155883695713
noninteger_bin_demo,20,63,0.30693173705445864,-0.978188693720769
noninteger_bin_demo,20,64,0.6521054247138666,-0.7400354659541868
noninteger_bin_demo,20,65,0.8815916598446777,-0.4721137025327381
noninteger_bin_demo,20,66,0.9957214432289635,-0.010552057961351669
noninteger_bin_demo,20,67,0.9272407885230094,0.3510815823150012
noninteger_bin_demo,20,68,0.7319638416455874,0.6663573778071845
noninteger_bin_demo,20,69,0.36426917598683994,1.0010265923477037
noninteger_bin_demo,20,70,0.012505880169902544,0.9617974736413177
noninteger_bin_demo,20,71,-0.38140344783277,0.8899516986221576
noninteger_bin_demo,20,72,-0.7370528313214786,0.6865336724517546
noninteger_bin_demo,20,73,-0.9465091339657333,0.31447534960297785
noninteger_bin_demo,20,74,-0.9895279335522946,-0.07096749652422213
noninteger_bin_demo,20,75,-0.8372819439940451,-0.5553718281068161
noninteger_bin_demo,20,76,-0.6489880998408191,-0.8763807714799291
noninteger_bin_demo,20,77,-0.2541197391721361,-0.9880590185212482
noninteger_bin_demo,20,78,0.13616061065828267,-1.0079731357838067
noninteger_bin_demo,20,79,0.5576591522069023,-0.8412856839153708
noninteger_bin_demo,20,80,0.8540372306390746,-0.5549850133142036
noninteger_bin_demo,20,81,0.9800837381898779,-0.20170812586309436
noninteger_bin_demo,20,82,0.9516821960683541,0.24054815179745578
noninteger_bin_demo,20,83,0.8218547983575384,0.586426531404442
noninteger_bin_demo,20,84,0.48632936441021457,0.8513711159140942
noninteger_bin_demo,20,85,0.11724170518405402,1.0075489448990251
noninteger_bin_demo,20,86,-0.22422874810444304,0.9419090230881096
noninteger_bin_demo,20,87,-0.6946291698685076,0.7528250214603563
noninteger_bin_demo,20,88,-0.90587836911359,0.4204413327836737
noninteger_bin_demo,20,89,-1.0339463272634488,0.038654804158192724
noninteger_bin_demo,20,90,-0.9300963566433249,-0.3692890512677526
noninteger_bin_demo,20,91,-0.6902683322386816,-0.6980910884447612
noninteger_bin_demo,20,92,-0.39472152018496987,-0.9083764838903371
noninteger_bin_demo,20,93,0.06464459843294355,-0.9937556491367653
noninteger_bin_demo,20,94,0.4626255324127915,-0.8911186129431754
noninteger_bin_demo,20,95,0.7481127306534757,-0.6752057287076542
noninteger_bin_demo,20,96,0.9527727412682355,-0.25590944378698594
noninteger_bin_demo,20,97,0.9930821497140019,0.10333888107648515
noninteger_bin_demo,20,98,0.8515025818338617,0.4976624997602644
noninteger_bin_demo,20,99,0.6510013060288911,0.8008574686032244
noninteger_bin_demo,20,100,0.23208303099190897,0.9639503858750513
noninteger_bin_demo,20,101,-0.10498282606869691,0.9732681521964356
noninteger_bin_demo,20,102,-0.6444111447549823,0.8283117807161082
noninteger_bin_demo,20,103,-0.8092062319835289,0.5606316571690994
noninteger_bin_demo,20,104,-0.9291983979819333,0.20272530039787537
noninteger_bin_demo,20,105,-0.9887981125020475,-0.20422325671636737
noninteger_bin_demo,20,106,-0.83084668621361,-0.6741408571515612
noninteger_bin_demo,20,107,-0.4462042736195103,-0.8745968522568583
noninteger_bin_demo,20,108,-0.1538429875092463,-0.9833540119536331
noninteger_bin_demo,20,109,0.31501266145955326,-0.9065442651401897
noninteger_bin_demo,20,110,0.6613585559156397,-0.7724559767970791
noninteger_bin_demo,20,111,0.9246358516295027,-0.45243564813968695
noninteger_bin_demo,20,112,1.0324269284614231,-0.030422024729728547
noninteger_bin_demo,20,113,0.9114236752468686,0.36844996976947675
noninteger_bin_demo,20,114,0.7550903478740394,0.7183086579390198
noninteger_bin_demo,20,115,0.37303338623214355,0.8668607475828023
noninteger_bin_demo,20,116,-0.07635037187422843,1.0325195839393682
noninteger_bin_demo,20,117,-0.4168755091023772,0.9835492149567394
noninteger_bin_demo,20,118,-0.7300245788774049,0.6841610237870007
noninteger_bin_demo,20,119,-0.968790382748758,0.2753518358392805
noninteger_bin_demo,20,120,-1.0227353542954616,-0.1321885667802608
noninteger_bin_demo,20,121,-0.889554688115121,-0.4852236944969526
noninteger_bin_demo,20,122,-0.5953056336193202,-0.7999798241685643
noninteger_bin_demo,20,123,-0.1863143149978569,-0.9478599718495893
noninteger_bin_demo,20,124,0.14236979913230718,-1.0061798987198067
noninteger_bin_demo,20,125,0.5575171472361544,-0.8658200282394354
noninteger_bin_demo,20,126,0.7868495875099446,-0.5016808962991793
noninteger_bin_demo,20,127,1.0060397648622315,-0.2422934795068888
noninteger_bin_demo,21,0,0.1405639099837172,-1.0769570304743925
noninteger_bin_demo,21,1,0.5243151725733827,-0.8827943459115992
noninteger_bin_demo,21,2,0.7687040915005128,-0.6077541010136716
noninteger_bin_demo,21,3,0.9754053512223279,-0.18923914383161647
noninteger_bin_demo,21,4,0.9672955021482051,0.24676613444653064
noninteger_bin_demo,21,5,0.794212689215935,0.5827080587849894
noninteger_bin_demo,21,6,0.49032459787121424,0.8739590335227493
noninteger_bin_demo,21,7,0.0630564498395175,1.078663774403616
noninteger_bin_demo,21,8,-0.26997146389371646,0.9825990267326782
noninteger_bin_demo,21,9,-0.5688286992561427,0.7697902426643862
noninteger_bin_demo,21,10,-0.8628333781169687,0.451380989344927
noninteger_bin_demo,21,11,-0.9641186358587295,0.13079117197997236
noninteger_bin_demo,21,12,-0.9049362525717848,-0.27844837907346087
noninteger_bin_demo,21,13,-0.76575173130259,-0.7075012529808143
noninteger_bin_demo,21,14,-0.3728892617818737,-0.9738785779025423
noninteger_bin_demo,21,15,0.037520794412542725,-1.0037294713905673
noninteger_bin_demo,21,16,0.4004577907229212,-0.9135378887146927
noninteger_bin_demo,21,17,0.7207028718247431,-0.7222451782739735
noninteger_bin_demo,21,18,0.9236886529905721,-0.32727639895497707
noninteger_bin_demo,21,19,0.9842786196016382,0.06577461622789244
noninteger_bin_demo,21,20,0.8951915654280628,0.501273025414714
noninteger_bin_demo,21,21,0.6247794130561104,0.777421651404268
noninteger_bin_demo,21,22,0.3027625537019577,0.982660960705869
noninteger_bin_demo,21,23,-0.1549046737471492,0.9954325459714082
noninteger_bin_demo,21,24,-0.536043025208438,0.8509234698653323
noninteger_bin_demo,21,25,-0.8062969618922607,0.5541348463069405
noninteger_bin_demo,21,26,-0.9527226009073726,0.17756057458899316
noninteger_bin_demo,21,27,-0.9480537511637951,-0.22707097544357666
noninteger_bin_demo,21,28,-0.7998921487612275,-0.5146249815753225
noninteger_bin_demo,21,29,-0.549088650853952,-0.8630633654643016
noninteger_bin_demo,21,30,-0.15092581430833624,-1.0293692128230685
noninteger_bin_demo,21,31,0.2790037175494951,-0.941835908789196
noninteger_bin_demo,21,32,0.6541872882280869,-0.7396993937640847
noninteger_bin_demo,21,33,0.8614319641282434,-0.4268785580914441
noninteger_bin_demo,21,34,1.0115228319425469,-0.011167864981350042
noninteger_bin_demo,21,35,0.9015415212969107,0.318764793426934
noninteger_bin_demo,21,36,0.7491068428424755,0.6739416249875618
noninteger_bin_demo,21,37,0.38418338318739,0.9270318839569336
noninteger_bin_demo,21,38,-0.0003645340849220092,1.0164091823910353
noninteger_bin_demo,21,39,-0.4268889721811033,0.8895203559978428
noninteger_bin_demo,21,40,-0.7699577268086786,0.6922225234779147
noninteger_bin_demo,21,41,-0.9480483669069875,0.3678348699166828
noninteger_bin_demo,21,42,-0.9653318374233555,-0.08325313302498878
noninteger_bin_demo,21,43,-0.9083493743986641,-0.47427967287316014
noninteger_bin_demo,21,44,-0.567300001584073,-0.7531663705979004
noninteger_bin_demo,21,45,-0.25752824472080843,-0.9541839335103389
noninteger_bin_demo,21,46,0.17390400358368924,-0.9650422751864723
noninteger_bin_demo,21,47,0.48781614040755367,-0.8631506190793886
noninteger_bin_demo,21,48,0.8123600022994004,-0.5457124176838867
noninteger_bin_demo,21,49,0.9422597406410269,-0.2094805639031471
noninteger_bin_demo,21,50,0.990560105236714,0.25471563716030265
noninteger_bin_demo,21,51,0.8146068315886845,0.5700184353066516
noninteger_bin_demo,21,52,0.5645584532414831,0.8867176645963507
noninteger_bin_demo,21,53,0.18428288595449377,1.0212668629404122
noninteger_bin_demo,21,54,-0.29965161475818675,1.0037600724313387
noninteger_bin_demo,21,55,-0.6939235176585441,0.774887535092132
noninteger_bin_demo,21,56,-0.9130485021992857,0.47453022064269407
noninteger_bin_demo,21,57,-0.9995491674212023,0.027231453234275955
noninteger_bin_demo,21,58,-0.9043554846221459,-0.3778437990310365
noninteger_bin_demo,21,59,-0.705567194948366,-0.7194206339541919
noninteger_bin_demo,21,60,-0.3617624843507815,-0.9093774407686774
noninteger_bin_demo,21,61,0.009540926583394688,-0.9885188870499687
noninteger_bin_demo,21,62,0.36991510621599644,-0.9166784157262718
noninteger_bin_demo,21,63,0.718281883098063,-0.695924442735271
noninteger_bin_demo,21,64,0.9343080295067698,-0.34326479300790186
noninteger_bin_demo,21,65,0.9959766974899801,0.0822668014905999
noninteger_bin_demo,21,66,0.8954752544563712,0.45566039372478195
noninteger_bin_demo,21,67,0.6313686741898973,0.8089246449857073
noninteger_bin_demo,21,68,0.2388142142191022,0.9304094913588139
noninteger_bin_demo,21,69,-0.12029041805457791,0.9976779979994286
noninteger_bin_demo,21,70,-0.5091456248063688,0.8673754460227903
noninteger_bin_demo,21,71,-0.8211465698630833,0.5528999135448939
noninteger_bin_demo,21,72,-0.9430259590467306,0.16694646535832483
noninteger_bin_demo,21,73,-0.9725326414160126,-0.186668862974976
noninteger_bin_demo,21,74,-0.8099447094988829,-0.5720586938538343
noninteger_bin_demo,21,75,-0.4994125507144207,-0.8323907920129913
noninteger_bin_demo,21,76,-0.0924707615137221,-0.9907610861150951
noninteger_bin_demo,21,77,0.3034748647254111,-0.9700293603810095
noninteger_bin_demo,21,78,0.618650219464405,-0.7705774067618547
noninteger_bin_demo,21,79,0.9067121635029244,-0.44993480003098324
noninteger_bin_demo,21,80,0.9716943200539534,-0.0943133619181544
noninteger_bin_demo,21,81,0.9723853231676752,0.39204055482572936
noninteger_bin_demo,21,82,0.713351373952684,0.650521893648073
noninteger_bin_demo,21,83,0.45469293927446564,0.8919220443459873
noninteger_bin_demo,21,84,-0.023713088714638147,0.9920333476418123
noninteger_bin_demo,21,85,-0.37497602079263304,0.9220958196916857
noninteger_bin_demo,21,86,-0.7508592044426691,0.6750080909820783
noninteger_bin_demo,21,87,-0.9244853733415377,0.31581625020044946
noninteger_bin_demo,21,88,-1.0116162488468896,-0.0984746491387111
noninteger_bin_demo,21,89,-0.8521975208797777,-0.4141762055186
noninteger_bin_demo,21,90,-0.6451282656481394,-0.7594651928685169
noninteger_bin_demo,21,91,-0.24951982105088613,-0.966181740657539
noninteger_bin_demo,21,92,0.11770629878135329,-1.002792164602665
noninteger_bin_demo,21,93,0.5252347978291818,-0.8156250716626972
noninteger_bin_demo,21,94,0.8431478735698176,-0.5030854513683861
noninteger_bin_demo,21,95,0.9319334574073479,-0.17506732062661604
noninteger_bin_demo,21,96,0.9766839091013093,0.20941076892575605
noninteger_bin_demo,21,97,0.809701966793116,0.5992533481453708
noninteger_bin_demo,21,98,0.5057162597856525,0.863472531894965
noninteger_bin_demo,21,99,0.18332969335600507,1.0145983479055747
noninteger_bin_demo,21,100,-0.3045673395699419,0.9422278720508888
noninteger_bin_demo,21,101,-0.6913737697221266,0.7162815150650367
noninteger_bin_demo,21,102,-0.909124503103986,0.47283183106017934
noninteger_bin_demo,21,103,-0.9346452142006179,0.08835177933724231
noninteger_bin_demo,21,104,-0.9883825675569768,-0.3463365480204208
noninteger_bin_demo,21,105,-0.7449780812561295,-0.6809982825255978
noninteger_bin_demo,21,106,-0.4099852318290025,-0.9341982693175322
noninteger_bin_demo,21,107,0.03903908724841451,-0.9701819017002877
noninteger_bin_demo,21,108,0.3485079837092743,-0.88414260158477
noninteger_bin_demo,21,109,0.7194478115086695,-0.7150194202386243
noninteger_bin_demo,21,110,0.8947573216332113,-0.36185502282440546
noninteger_bin_demo,21,111,0.9886848782334416,0.08070297317183972
noninteger_bin_demo,21,112,0.9151452923141761,0.527714193898599
noninteger_bin_demo,21,113,0.6431886624939825,0.7646618589861472
noninteger_bin_demo,21,114,0.2552352210373736,0.939152345041864
noninteger_bin_demo,21,115,-0.12257771846525178,0.9991454418664952
noninteger_bin_demo,21,116,-0.6019574471797081,0.8219338995869937
noninteger_bin_demo,21,117,-0.7928523878078576,0.5495869462450944
noninteger_bin_demo,21,118,-1.020975239231578,0.18315176959304583
noninteger_bin_demo,21,119,-0.9551596955161035,-0.2659448840257786
noninteger_bin_demo,21,120,-0.8032109391759428,-0.6146362191685728
noninteger_bin_demo,21,121,-0.47716679451433713,-0.855621640493209
noninteger_bin_demo,21,122,-0.11636131840818786,-0.9425760094983628
noninteger_bin_demo,21,123,0.2765357039163583,-0.9513914632277494
noninteger_bin_demo,21,124,0.6614200079447311,-0.7570321805350106
noninteger_bin_demo,21,125,0.9322808930444709,-0.43827917060474314
noninteger_bin_demo,21,126,0.993986753101446,-0.02454174146114187
noninteger_bin_demo,21,127,0.9205948966030137,0.34214126504769904
noninteger_bin_demo,22,0,0.6015854492453199,-0.7321401538068153
noninteger_bin_demo,22,1,0.8719783027859253,-0.4804784496887241
noninteger_bin_demo,22,2,1.0096273723502542,-0.06295387188078239
noninteger_bin_demo,22,3,0.9490318151919073,0.32578092819597326
noninteger_bin_demo,22,4,0.6595718944571133,0.6607076628879095
noninteger_bin_demo,22,5,0.4339090980048592,0.9439509935511563
noninteger_bin_demo,22,6,0.004980636118218033,0.9511854542826174
noninteger_bin_demo,22,7,-0.4497612291509886,0.9220705254596478
noninteger_bin_demo,22,8,-0.7057537811446265,0.7125845459147223
noninteger_bin_demo,22,9,-0.9630138944212503,0.36502378460861445
noninteger_bin_demo,22,10,-0.9805380749204267,-0.0843523762675832
noninteger_bin_demo,22,11,-0.9323327526097914,-0.4755269393246215
noninteger_bin_demo,22,12,-0.7151755198624865,-0.7584880124982972
noninteger_bin_demo,22,13,-0.29703873412320925,-0.9851052589021261
noninteger_bin_demo,22,14,0.12127179142888797,-0.9990710097451171
noninteger_bin_demo,22,15,0.5193847624500149,-0.861495837423585
noninteger_bin_demo,22,16,0.7824278466171825,-0.6003297096704914
noninteger_bin_demo,22,17,0.9375977692277228,-0.22886330980810918
noninteger_bin_demo,22,18,0.9885217673795863,0.19854393372985082
noninteger_bin_demo,22,19,0.82162013596357,0.5492476788608599
noninteger_bin_demo,22,20,0.4770485889782585,0.8623400233863071
noninteger_bin_demo,22,21,0.13092793234278904,0.9959141236621687
noninteger_bin_demo,22,22,-0.26722191475487145,0.9570228018435166
noninteger_bin_demo,22,23,-0.6148700906404218,0.7868209556873302
noninteger_bin_demo,22,24,-0.840966214800605,0.4347906874097474
noninteger_bin_demo,22,25,-0.9688477183425664,0.09863552234055306
noninteger_bin_demo,22,26,-0.940185663009495,-0.2516355838603726
noninteger_bin_demo,22,27,-0.744052331497884,-0.6723404398927914
noninteger_bin_demo,22,28,-0.45761076271301876,-0.9154341244990715
noninteger_bin_demo,22,29,-0.03609758925307728,-1.0255767266503246
noninteger_bin_demo,22,30,0.3668233332002135,-0.9452677843355745
noninteger_bin_demo,22,31,0.7383491219958607,-0.6896606281508777
noninteger_bin_demo,22,32,0.9564605605491029,-0.3030764728865351
noninteger_bin_demo,22,33,0.9768286717186958,-0.012597277590718665
noninteger_bin_demo,22,34,0.8630532806860167,0.4560739134921149
noninteger_bin_demo,22,35,0.6072467234152061,0.8074649681009097
noninteger_bin_demo,22,36,0.2851952077101709,0.9109226891525892
noninteger_bin_demo,22,37,-0.12335007553204648,1.0347318715382572
noninteger_bin_demo,22,38,-0.4957447093924365,0.8830766356435026
noninteger_bin_demo,22,39,-0.7932611863039934,0.5678758554470446
noninteger_bin_demo,22,40,-0.9774981235496495,0.2651160791234039
noninteger_bin_demo,22,41,-0.9973471007470234,-0.16319672104384178
noninteger_bin_demo,22,42,-0.8113255464937102,-0.5568069388113697
noninteger_bin_demo,22,43,-0.5286110590540161,-0.8179180985502885
noninteger_bin_demo,22,44,-0.15530273835412303,-1.0083397812367723
noninteger_bin_demo,22,45,0.23543194211069796,-0.9337892249607919
noninteger_bin_demo,22,46,0.6151362815280647,-0.7685878827595516
noninteger_bin_demo,22,47,0.8480752331652557,-0.4812529041427633
noninteger_bin_demo,22,48,1.0201337128372023,-0.14183922338186902
noninteger_bin_demo,22,49,0.9403278243081908,0.32098106447981073
noninteger_bin_demo,22,50,0.7567843757348411,0.7054270119142444
noninteger_bin_demo,22,51,0.38013808864159576,0.8926637050827417
noninteger_bin_demo,22,52,0.023633710661836452,1.0418001196207445
noninteger_bin_demo,22,53,-0.35322824706513267,0.8955849502057429
noninteger_bin_demo,22,54,-0.7460690662975283,0.6868347014346706
noninteger_bin_demo,22,55,-0.947897589255358,0.3276832159098622
noninteger_bin_demo,22,56,-0.9868333989094213,-0.14860092574123118
noninteger_bin_demo,22,57,-0.8800084804091003,-0.4442630935285635
noninteger_bin_demo,22,58,-0.6250400624962813,-0.8070291512397586
noninteger_bin_demo,22,59,-0.28580620488958397,-0.8834922308484356
noninteger_bin_demo,22,60,0.14413982781076035,-1.0130720600166145
noninteger_bin_demo,22,61,0.4492828563696342,-0.8755979698130936
noninteger_bin_demo,22,62,0.794054000457775,-0.5542326631303467
noninteger_bin_demo,22,63,1.0217607409743863,-0.2345405452861498
noninteger_bin_demo,22,64,0.9778667321517516,0.2610414241349094
noninteger_bin_demo,22,65,0.826320842188833,0.6011006117490694
noninteger_bin_demo,22,66,0.43572662938619106,0.828960708057889
noninteger_bin_demo,22,67,0.1442609411470756,0.9856052661773155
noninteger_bin_demo,22,68,-0.234479427364253,0.9022875851830531
noninteger_bin_demo,22,69,-0.6666600413299019,0.8075637153309441
noninteger_bin_demo,22,70,-0.9165599207301421,0.4469161860454902
noninteger_bin_demo,22,71,-0.9958241294873088,0.12129477763948962
noninteger_bin_demo,22,72,-0.8966064735302256,-0.32161686748754603
noninteger_bin_demo,22,73,-0.7640234769057158,-0.660821526694469
noninteger_bin_demo,22,74,-0.43076486778336415,-0.9282617719370028
noninteger_bin_demo,22,75,-0.006615994898674284,-1.0517277136658718
noninteger_bin_demo,22,76,0.3830282187501093,-0.9182245718242746
noninteger_bin_demo,22,77,0.756838055095941,-0.6954394606246458
noninteger_bin_demo,22,78,0.9263897457389464,-0.3500088098480497
noninteger_bin_demo,22,79,0.9732261894034623,0.06620097770832671
noninteger_bin_demo,22,80,0.9501073206725578,0.46634994010157865
noninteger_bin_demo,22,81,0.5890366942610075,0.7541273245035245
noninteger_bin_demo,22,82,0.30028306291966933,0.9979119929490012
noninteger_bin_demo,22,83,-0.14191070190523639,0.9540562134739436
noninteger_bin_demo,22,84,-0.4955806449456762,0.8699409396714861
noninteger_bin_demo,22,85,-0.8126282276059648,0.6415778322941698
noninteger_bin_demo,22,86,-0.9837036561613541,0.21514297901957885
noninteger_bin_demo,22,87,-0.9506964469550208,-0.17125544459164102
noninteger_bin_demo,22,88,-0.8412865621106346,-0.5035829059983584
noninteger_bin_demo,22,89,-0.5025875279202693,-0.8366710174265769
noninteger_bin_demo,22,90,-0.08304816844107879,-0.9160309453798614
noninteger_bin_demo,22,91,0.27786953685966137,-0.9481325638799689
noninteger_bin_demo,22,92,0.6143661661687527,-0.8051989662832095
noninteger_bin_demo,22,93,0.8510883124801919,-0.5101142225056257
noninteger_bin_demo,22,94,1.0171760331617636,-0.062478295525865646
noninteger_bin_demo,22,95,0.9315711624830106,0.26590249550533757
noninteger_bin_demo,22,96,0.7062618121949227,0.7112774257426395
noninteger_bin_demo,22,97,0.3972316229078227,0.9362733551171579
noninteger_bin_demo,22,98,0.00676797096341903,1.0139380525207689
noninteger_bin_demo,22,99,-0.3977731149531466,0.8772464597631894
noninteger_bin_demo,22,100,-0.6820891587676784,0.6798775005241985
noninteger_bin_demo,22,101,-0.92800901541603,0.37265311583202815
noninteger_bin_demo,22,102,-0.98661736276127,-0.08062385830914884
noninteger_bin_demo,22,103,-0.8283043393994814,-0.4575064384745396
noninteger_bin_demo,22,104,-0.6664548919820499,-0.7676201558879976
noninteger_bin_demo,22,105,-0.28513324782408866,-0.9598148759667693
noninteger_bin_demo,22,106,0.09703206906937689,-0.9823002947212026
noninteger_bin_demo,22,107,0.5378619052021065,-0.8045176754799425
noninteger_bin_demo,22,108,0.8073509449188697,-0.600815219395902
noninteger_bin_demo,22,109,1.04410035075329,-0.20251894443399585
noninteger_bin_demo,22,110,1.007869365408931,0.20570739538114474
noninteger_bin_demo,22,111,0.831153663202297,0.5722987993390247
noninteger_bin_demo,22,112,0.49407607858846386,0.832996257580497
noninteger_bin_demo,22,113,0.16984161237808507,0.995191592178607
noninteger_bin_demo,22,114,-0.25745784065574384,0.9580655194703631
noninteger_bin_demo,22,115,-0.6237155518894636,0.7580256370903746
noninteger_bin_demo,22,116,-0.9037264930805263,0.4626383403607471
noninteger_bin_demo,22,117,-1.0177765037615107,0.09890876333903328
noninteger_bin_demo,22,118,-0.9013311965154367,-0.34286734278795244
noninteger_bin_demo,22,119,-0.7514714668886076,-0.6839654419450822
noninteger_bin_demo,22,120,-0.3532811164711028,-0.9126506751339226
noninteger_bin_demo,22,121,-0.02330184766985292,-0.9370109880895477
noninteger_bin_demo,22,122,0.3876908666855041,-0.9566370182603352
noninteger_bin_demo,22,123,0.72023098751709,-0.7275961751808038
noninteger_bin_demo,22,124,0.9003300033406719,-0.3808658371357809
noninteger_bin_demo,22,125,1.026515999019415,0.04642389993406122
noninteger_bin_demo,22,126,0.9461901694157221,0.45935754374975796
noninteger_bin_demo,22,127,0.5616872205875866,0.7479150197536905
noninteger_bin_demo,23,0,0.9042278745427113,-0.37595175952024756
noninteger_bin_demo,23,1,1.019039955888384,0.08675365752124321
noninteger_bin_demo,23,2,0.8627919690031326,0.45878349595519463
noninteger_bin_demo,23,3,0.6718008205990476,0.732517663817459
noninteger_bin_demo,23,4,0.34264917175251236,0.954786213725149
noninteger_bin_demo,23,5,-0.09584579840201411,0.9853142036612368
noninteger_bin_demo,23,6,-0.5221849517188668,0.8435858988596625
noninteger_bin_demo,23,7,-0.7684180638498481,0.654166298040689
noninteger_bin_demo,23,8,-1.0083460134766384,0.23771561025417204
noninteger_bin_demo,23,9,-0.9491285662033543,-0.1813734825833749
noninteger_bin_demo,23,10,-0.750670840857586,-0.5407783568231134
noninteger_bin_demo,23,11,-0.5738511580609746,-0.8715791007865413
noninteger_bin_demo,23,12,-0.19691010640791373,-0.9815217831729857
noninteger_bin_demo,23,13,0.20813331178092542,-0.9498897321212834
noninteger_bin_demo,23,14,0.592932921405052,-0.7698922040331152
noninteger_bin_demo,23,15,0.8612115791769591,-0.4716804351205889
noninteger_bin_demo,23,16,0.9491999322280626,-0.10527749692131542
noninteger_bin_demo,23,17,0.962815254947927,0.29038005482645346
noninteger_bin_demo,23,18,0.7255401870946251,0.686184254473097
noninteger_bin_demo,23,19,0.4042541217760786,0.9109622219769536
noninteger_bin_demo,23,20,-0.012169577998537764,1.0134021623047973
noninteger_bin_demo,23,21,-0.38795583447143234,0.9102435684430282
noninteger_bin_demo,23,22,-0.7044811003658284,0.7176513016209681
noninteger_bin_demo,23,23,-0.9307749767274471,0.3604802186465159
noninteger_bin_demo,23,24,-1.018388824171891,-0.03894890421641871
noninteger_bin_demo,23,25,-0.8971210188454811,-0.4283042050938659
noninteger_bin_demo,23,26,-0.6194813952820213,-0.7674095679168896
noninteger_bin_demo,23,27,-0.2978572503519958,-0.9643674978233941
noninteger_bin_demo,23,28,0.051735252824233115,-0.9688541239942555
noninteger_bin_demo,23,29,0.5332678486319431,-0.8421528432370818
noninteger_bin_demo,23,30,0.7910331567354588,-0.6201715671124433
noninteger_bin_demo,23,31,0.9569491933879928,-0.2465727899286686
noninteger_bin_demo,23,32,0.9877193986935431,0.1311099920930729
noninteger_bin_demo,23,33,0.808631171409679,0.5517593248164009
noninteger_bin_demo,23,34,0.5661347819427085,0.8772069633072126
noninteger_bin_demo,23,35,0.10630400560422526,1.0090330745468619
noninteger_bin_demo,23,36,-0.22698017968993742,1.00838306841656
noninteger_bin_demo,23,37,-0.576013410998839,0.7991232762089056
noninteger_bin_demo,23,38,-0.8741474775562503,0.44676745632567616
noninteger_bin_demo,23,39,-1.0195939782621544,0.1032285880712581
noninteger_bin_demo,23,40,-0.9585852634272067,-0.30250055846734497
noninteger_bin_demo,23,41,-0.7741452457383126,-0.6345153564640899
noninteger_bin_demo,23,42,-0.42304389590586833,-0.9207579928555558
noninteger_bin_demo,23,43,0.00867440970558157,-0.9782756472805622
noninteger_bin_demo,23,44,0.3760678540173028,-0.8836198356860409
noninteger_bin_demo,23,45,0.7545133513069096,-0.6578988389855005
noninteger_bin_demo,23,46,0.929519687491332,-0.3515378834260715
noninteger_bin_demo,23,47,1.024893115880322,0.007256001595097303
noninteger_bin_demo,23,48,0.8854204505219185,0.4539262818315763
noninteger_bin_demo,23,49,0.5892410437758199,0.7933560543794679
noninteger_bin_demo,23,50,0.30433733846323247,0.9333773608610965
noninteger_bin_demo,23,51,-0.1451697586046341,0.9469724602469007
noninteger_bin_demo,23,52,-0.5207553073076884,0.8293915487647046
noninteger_bin_demo,23,53,-0.7837835444186909,0.5758082870480324
noninteger_bin_demo,23,54,-0.9751819591420328,0.21245345398261722
noninteger_bin_demo,23,55,-1.041884370314817,-0.20650835868326387
noninteger_bin_demo,23,56,-0.8657176496046204,-0.5224479601569338
noninteger_bin_demo,23,57,-0.5840933842212801,-0.81184940541832
noninteger_bin_demo,23,58,-0.19645363150912634,-0.9727664808780973
noninteger_bin_demo,23,59,0.2522260998965643,-1.0233235036203936
noninteger_bin_demo,23,60,0.6061125323812961,-0.7767403381662961
noninteger_bin_demo,23,61,0.8712856325757529,-0.5015964755239821
noninteger_bin_demo,23,62,0.9459906203043276,-0.09696678554281954
noninteger_bin_demo,23,63,1.01832359607886,0.25703300849412913
noninteger_bin_demo,23,64,0.7895411713083471,0.6587472338610632
noninteger_bin_demo,23,65,0.42993050475876643,0.8913297817612056
noninteger_bin_demo,23,66,0.043815192206980685,1.007405842202281
noninteger_bin_demo,23,67,-0.4018000595384341,0.9354732965461456
noninteger_bin_demo,23,68,-0.7422006005255518,0.6725739536646697
noninteger_bin_demo,23,69,-0.9372332022713538,0.3961448438688045
noninteger_bin_demo,23,70,-0.9791078160344773,-0.018010626375053282
noninteger_bin_demo,23,71,-0.9204375748103755,-0.43064987908064545
noninteger_bin_demo,23,72,-0.6693836966513216,-0.7921629076321351
noninteger_bin_demo,23,73,-0.337391238388263,-0.9698595761291131
noninteger_bin_demo,23,74,0.12870892910582155,-0.9636315166307603
noninteger_bin_demo,23,75,0.5115427394049946,-0.8879442870021155
noninteger_bin_demo,23,76,0.7965502460889894,-0.5572264044676749
noninteger_bin_demo,23,77,0.9256618540152383,-0.2567550740086621
noninteger_bin_demo,23,78,0.9916982478474043,0.13462810686918286
noninteger_bin_demo,23,79,0.835149113513681,0.5576305537410993
noninteger_bin_demo,23,80,0.5171286446995461,0.8130768213738624
noninteger_bin_demo,23,81,0.14676309946103752,0.9844277629042928
noninteger_bin_demo,23,82,-0.21451428755757604,0.966267294263513
noninteger_bin_demo,23,83,-0.6015240433546312,0.7960713917616022
noninteger_bin_demo,23,84,-0.8122602335585568,0.4951313299970574
noninteger_bin_demo,23,85,-0.9877079418361484,0.06925407647123132
noninteger_bin_demo,23,86,-1.0221908290845338,-0.31729122744100763
noninteger_bin_demo,23,87,-0.7315777000906035,-0.6612867558847549
noninteger_bin_demo,23,88,-0.4815976008117869,-0.9806139818351247
noninteger_bin_demo,23,89,-0.07895928891281,-1.028778019984021
noninteger_bin_demo,23,90,0.33456664789886675,-0.9152524209119377
noninteger_bin_demo,23,91,0.7172266824018831,-0.6634529099405989
noninteger_bin_demo,23,92,0.9357929693390976,-0.3456959878865808
noninteger_bin_demo,23,93,0.9881879921484569,0.045976434649756814
noninteger_bin_demo,23,94,0.9043141248316448,0.49427402228990347
noninteger_bin_demo,23,95,0.586534946573598,0.7454066797894201
noninteger_bin_demo,23,96,0.2535559747612654,0.9844372319133111
noninteger_bin_demo,23,97,-0.02242832545513465,0.9977441550704421
noninteger_bin_demo,23,98,-0.5418902582472859,0.8202304590768676
noninteger_bin_demo,23,99,-0.7913553081396796,0.6113879726254542
noninteger_bin_demo,23,100,-0.9701063062499816,0.2510617263638678
noninteger_bin_demo,23,101,-0.9755598749192338,-0.2085766843393197
noninteger_bin_demo,23,102,-0.8759314031489183,-0.5678810054992779
noninteger_bin_demo,23,103,-0.5818148843622302,-0.847235274231
noninteger_bin_demo,23,104,-0.18981529609316433,-0.9948070345845894
noninteger_bin_demo,23,105,0.2596884013661569,-0.993630205066791
noninteger_bin_demo,23,106,0.6255188637031456,-0.7825755933018808
noninteger_bin_demo,23,107,0.8630761161720966,-0.4565592192354881
noninteger_bin_demo,23,108,0.9920450702557511,-0.11528036331111663
noninteger_bin_demo,23,109,0.9614155663956577,0.24333794506738066
noninteger_bin_demo,23,110,0.7022306496285844,0.663882718442182
noninteger_bin_demo,23,111,0.4722183405889504,0.8848240931029068
noninteger_bin_demo,23,112,0.041844890345482375,1.0019682927086446
noninteger_bin_demo,23,113,-0.3514353749707151,0.8989330243269466
noninteger_bin_demo,23,114,-0.7007471369659432,0.7529023705050192
noninteger_bin_demo,23,115,-0.9302638102775547,0.4004451774725591
noninteger_bin_demo,23,116,-0.9978739477994374,-0.06656455554044408
noninteger_bin_demo,23,117,-0.8707375837591685,-0.46772973547921487
noninteger_bin_demo,23,118,-0.609873076573068,-0.7818849792032663
noninteger_bin_demo,23,119,-0.2998503462938364,-0.9373497287583586
noninteger_bin_demo,23,120,0.09845283631024859,-0.9915074443210479
noninteger_bin_demo,23,121,0.4698571231331112,-0.8445003439622497
noninteger_bin_demo,23,122,0.7992893513004793,-0.5478119367812506
noninteger_bin_demo,23,123,0.9409118423500012,-0.14536195785007694
noninteger_bin_demo,23,124,1.0276809957594506,0.17650190190496381
noninteger_bin_demo,23,125,0.8034105346418056,0.5818911329882394
noninteger_bin_demo,23,126,0.5422835949903824,0.8461441907389926
noninteger_bin_demo,23,127,0.19404454181674755,0.9949933798630565
noninteger_bin_demo,24,0,0.9927074128950323,0.20121031145091878
noninteger_bin_demo,24,1,0.8578151573245701,0.524137318407806
noninteger_bin_demo,24,2,0.5804351072303017,0.798965511018475
noninteger_bin_demo,24,3,0.19395688799918925,0.9912718459948009
noninteger_bin_demo,24,4,-0.23629180890474072,0.9772385883436697
noninteger_bin_demo,24,5,-0.5839701040188195,0.8007530569555007
noninteger_bin_demo,24,6,-0.8543849381148471,0.5083640548419411
noninteger_bin_demo,24,7,-1.0011740858885994,0.10382101306620911
noninteger_bin_demo,24,8,-0.9744473141211955,-0.3095560644479911
noninteger_bin_demo,24,9,-0.7994665051881742,-0.6140174755800816
noninteger_bin_demo,24,10,-0.4426769041419887,-0.8608581873177156
noninteger_bin_demo,24,11,-0.09557735699030336,-1.010370415016384
noninteger_bin_demo,24,12,0.37629943410119265,-0.9541230114545923
noninteger_bin_demo,24,13,0.6916845413796265,-0.7114621884381984
noninteger_bin_demo,24,14,0.902138831874662,-0.37396716869757823
noninteger_bin_demo,24,15,0.97386580569832,0.025268236643392592
noninteger_bin_demo,24,16,0.9182648902842635,0.4165210695463415
noninteger_bin_demo,24,17,0.7112646525524744,0.7811304332865849
noninteger_bin_demo,24,18,0.31526791747566474,0.9172638291246372
noninteger_bin_demo,24,19,-0.15561026688653107,0.9987356131522379
noninteger_bin_demo,24,20,-0.4703390802850054,0.8551018717672998
noninteger_bin_demo,24,21,-0.7597148869121356,0.6541223926450358
noninteger_bin_demo,24,22,-0.9446908547521403,0.2847395818571131
noninteger_bin_demo,24,23,-0.9750638537854243,-0.15039401927631948
noninteger_bin_demo,24,24,-0.8758517336712197,-0.5072115158053667
noninteger_bin_demo,24,25,-0.5965409713174419,-0.8803727024817867
noninteger_bin_demo,24,26,-0.18738561760785197,-0.9899045030861868
noninteger_bin_demo,24,27,0.2009464622944875,-0.9244995840861945
noninteger_bin_demo,24,28,0.6454088125411606,-0.7180970968751895
noninteger_bin_demo,24,29,0.9033577524377534,-0.5606948115590961
noninteger_bin_demo,24,30,1.007981956584554,-0.12402049685852044
noninteger_bin_demo,24,31,0.9640330582999636,0.2843964028795514
noninteger_bin_demo,24,32,0.7582198149748363,0.5899660378784543
noninteger_bin_demo,24,33,0.4472856025865842,0.9106709028365697
noninteger_bin_demo,24,34,0.048234597743484584,0.9930526877438217
noninteger_bin_demo,24,35,-0.3289608170417572,0.9733006621606094
noninteger_bin_demo,24,36,-0.6571422310552473,0.6818673143643543
noninteger_bin_demo,24,37,-0.93691876657269,0.4162826814385313
noninteger_bin_demo,24,38,-0.9783525714978242,-0.007567358114095566
noninteger_bin_demo,24,39,-0.9263830666565438,-0.41313403703726126
noninteger_bin_demo,24,40,-0.6992096262473321,-0.7817526027186779
noninteger_bin_demo,24,41,-0.28567110640990373,-0.9761958199715665
noninteger_bin_demo,24,42,0.08288326300887722,-1.007194383123539
noninteger_bin_demo,24,43,0.4695368119192414,-0.8240683639298356
noninteger_bin_demo,24,44,0.8004685448697617,-0.6453174736383368
noninteger_bin_demo,24,45,0.9080040974790542,-0.1794700775060424
noninteger_bin_demo,24,46,0.9657851409837898,0.15832493601743874
noninteger_bin_demo,24,47,0.8560630029017583,0.5394966790053384
noninteger_bin_demo,24,48,0.555989973358962,0.7795415838691144
noninteger_bin_demo,24,49,0.24292580904355515,0.9862896191987994
noninteger_bin_demo,24,50,-0.1907265756356162,0.9937913790019489
noninteger_bin_demo,24,51,-0.5465724032568771,0.8252724707160242
noninteger_bin_demo,24,52,-0.855595220636507,0.5210123279609641
noninteger_bin_demo,24,53,-1.0035875145589703,0.08934664479815027
noninteger_bin_demo,24,54,-0.9327568936027333,-0.2865154657435827
noninteger_bin_demo,24,55,-0.7645140958197847,-0.6302710886657259
noninteger_bin_demo,24,56,-0.42662991107989734,-0.8625164778121432
noninteger_bin_demo,24,57,-0.10916889084802611,-0.9927647875292308
noninteger_bin_demo,24,58,0.34776669321912806,-0.9016477664221755
noninteger_bin_demo,24,59,0.715132112725892,-0.7157722109255291
noninteger_bin_demo,24,60,0.9248499957894933,-0.39159615189947816
noninteger_bin_demo,24,61,1.0133577889967673,0.028550287522422953
noninteger_bin_demo,24,62,0.8981836826217042,0.43142064162651195
noninteger_bin_demo,24,63,0.7110717571237677,0.7363224877867925
noninteger_bin_demo,24,64,0.37272422727168497,0.9839147206247522
noninteger_bin_demo,24,65,-0.1343068915438222,0.9835861706240655
noninteger_bin_demo,24,66,-0.5197358743443293,0.904397928205274
noninteger_bin_demo,24,67,-0.821432750014153,0.6330470218892305
noninteger_bin_demo,24,68,-1.0086161979917518,0.2680295442733524
noninteger_bin_demo,24,69,-0.9970986526743815,-0.14778832964191016
noninteger_bin_demo,24,70,-0.8433727737958624,-0.47000436206387086
noninteger_bin_demo,24,71,-0.5511845170389745,-0.7934211599022721
noninteger_bin_demo,24,72,-0.19944910348962192,-0.9944873951219717
noninteger_bin_demo,24,73,0.232441290856719,-0.990935030081146
noninteger_bin_demo,24,74,0.6133171264567302,-0.7817572424905767
noninteger_bin_demo,24,75,0.8823347214379741,-0.47499972088613585
noninteger_bin_demo,24,76,1.0367365989260076,-0.094441148840247
noninteger_bin_demo,24,77,0.9511897864721555,0.2915453212491113
noninteger_bin_demo,24,78,0.7314668140248357,0.6363229528914826
noninteger_bin_demo,24,79,0.42875449468751897,0.910023537376091
noninteger_bin_demo,24,80,0.08715767120467705,0.9944672456823755
noninteger_bin_demo,24,81,-0.38672964565670453,0.960874161042044
noninteger_bin_demo,24,82,-0.7510227900361676,0.7217587739878374
noninteger_bin_demo,24,83,-0.8663387850369362,0.4129059638840746
noninteger_bin_demo,24,84,-1.0397548216149868,-0.06036285166501483
noninteger_bin_demo,24,85,-0.9210431349003549,-0.3665333381309132
noninteger_bin_demo,24,86,-0.6255476916022003,-0.767195644763865
noninteger_bin_demo,24,87,-0.3435691813006843,-0.9248342865744776
noninteger_bin_demo,24,88,0.08107817123602856,-0.9955113255909701
noninteger_bin_demo,24,89,0.43459575692360186,-0.8257435179136675
noninteger_bin_demo,24,90,0.80782835183898,-0.6195198007678886
noninteger_bin_demo,24,91,0.9225685087612814,-0.24258910712160703
noninteger_bin_demo,24,92,0.9837255555596921,0.18431354968769184
noninteger_bin_demo,24,93,0.8743063611991346,0.5396938098961012
noninteger_bin_demo,24,94,0.5660510327347832,0.861240348158671
noninteger_bin_demo,24,95,0.18471788580639628,0.9019751522123737
noninteger_bin_demo,24,96,-0.24920830257761573,0.9509720262783679
noninteger_bin_demo,24,97,-0.6257256185511778,0.786781317703714
noninteger_bin_demo,24,98,-0.8550189943872032,0.4678684491198693
noninteger_bin_demo,24,99,-0.9610466543264281,0.07085461984642877
noninteger_bin_demo,24,100,-0.9261802987539971,-0.2816122652920975
noninteger_bin_demo,24,101,-0.8001219218145217,-0.6602945212112978
noninteger_bin_demo,24,102,-0.409776176587582,-0.8674983288054704
noninteger_bin_demo,24,103,-0.03169732876973614,-0.9782444001117495
noninteger_bin_demo,24,104,0.40325271388663797,-0.9107869882386311
noninteger_bin_demo,24,105,0.6691455542828343,-0.7285052544503946
noninteger_bin_demo,24,106,0.9630804468828051,-0.35012200107436203
noninteger_bin_demo,24,107,1.014553654782237,0.04418407790263881
noninteger_bin_demo,24,108,0.9113468574635484,0.47484933383440286
noninteger_bin_demo,24,109,0.6625833089110964,0.7609977251413789
noninteger_bin_demo,24,110,0.2918236961306481,0.9313031851198986
noninteger_bin_demo,24,111,-0.07219094019285187,0.9524365860447939
noninteger_bin_demo,24,112,-0.5112961240748901,0.8351692720687915
noninteger_bin_demo,24,113,-0.8106057207463722,0.5796415412334832
noninteger_bin_demo,24,114,-1.0117644263635828,0.21013845910947399
noninteger_bin_demo,24,115,-0.9891790159686183,-0.20709800912058712
noninteger_bin_demo,24,116,-0.8652385246920246,-0.5303661687608541
noninteger_bin_demo,24,117,-0.5319281310733727,-0.8338472625588315
noninteger_bin_demo,24,118,-0.20952848705597327,-1.0211884413392511
noninteger_bin_demo,24,119,0.26907726980415886,-1.0593407631080662
noninteger_bin_demo,24,120,0.6153759903965469,-0.8116022895204877
noninteger_bin_demo,24,121,0.8588697911846583,-0.5265732286202199
noninteger_bin_demo,24,122,0.9942139746028267,-0.06704476274997455
noninteger_bin_demo,24,123,0.9468521947082891,0.2880033371362812
noninteger_bin_demo,24,124,0.7505861838447568,0.6785453251984331
noninteger_bin_demo,24,125,0.4238261321421079,0.8631650044782421
noninteger_bin_demo,24,126,0.052151360100865976,1.025554450074816
noninteger_bin_demo,24,127,-0.35226358201500946,0.8209879644233505
noninteger_bin_demo,25,0,0.777963269156411,0.6333974900288868
noninteger_bin_demo,25,1,0.475880346520159,0.8620412769928207
noninteger_bin_demo,25,2,0.0422975969443085,1.0175516199945438
noninteger_bin_demo,25,3,-0.32812635686187097,0.8935204237231816
noninteger_bin_demo,25,4,-0.6901057089737221,0.7261302163340873
noninteger_bin_demo,25,5,-0.9352990644136289,0.39388306462832107
noninteger_bin_demo,25,6,-0.9703646345588229,0.006972356798691827
noninteger_bin_demo,25,7,-0.8903009041023761,-0.4179337678763743
noninteger_bin_demo,25,8,-0.6437552194103353,-0.7571114472011325
noninteger_bin_demo,25,9,-0.2627169336967705,-0.9059960201806974
noninteger_bin_demo,25,10,0.02114996401726795,-0.965129114366901
noninteger_bin_demo,25,11,0.4720922259076169,-0.8490251619156294
noninteger_bin_demo,25,12,0.7745781730800011,-0.6267853363499865
noninteger_bin_demo,25,13,0.9418720096996381,-0.25671474298365543
noninteger_bin_demo,25,14,0.9171274034382736,0.1488012848766858
noninteger_bin_demo,25,15,0.8945550876687766,0.5077717683376997
noninteger_bin_demo,25,16,0.5986453239994405,0.7983232308924071
noninteger_bin_demo,25,17,0.17483732186869572,0.9608270568374132
noninteger_bin_demo,25,18,-0.208237984561127,0.9599316689597295
noninteger_bin_demo,25,19,-0.5923036510805016,0.8219332113969633
noninteger_bin_demo,25,20,-0.8252814977165175,0.5400273915912913
noninteger_bin_demo,25,21,-1.0086872510849605,0.11976386912642029
noninteger_bin_demo,25,22,-0.9295840822317507,-0.2775396394782351
noninteger_bin_demo,25,23,-0.7523111806177541,-0.6530791298048952
noninteger_bin_demo,25,24,-0.44977021824553914,-0.8746224380608634
noninteger_bin_demo,25,25,-0.061292015272311214,-0.9997940104484249
noninteger_bin_demo,25,26,0.33869170634624074,-0.985549734442005
noninteger_bin_demo,25,27,0.7033992539520431,-0.717645208363345
noninteger_bin_demo,25,28,0.8933805440994937,-0.3963786215979585
noninteger_bin_demo,25,29,1.0030326122167195,-0.01625189703932472
noninteger_bin_demo,25,30,0.9150305336997419,0.4232384889332792
noninteger_bin_demo,25,31,0.6794712078476798,0.6978133601405215
noninteger_bin_demo,25,32,0.40463042376546243,0.9554705750248542
noninteger_bin_demo,25,33,-0.11569667860841508,1.0451015025053412
noninteger_bin_demo,25,34,-0.43269632597623503,0.8977074575384911
noninteger_bin_demo,25,35,-0.774529542734257,0.6254128323993556
noninteger_bin_demo,25,36,-0.9590252490138736,0.2349472849000235
noninteger_bin_demo,25,37,-1.0137101216872015,-0.18098985854227745
noninteger_bin_demo,25,38,-0.858007200426791,-0.5525976745440426
noninteger_bin_demo,25,39,-0.5289586175168434,-0.831320886058319
noninteger_bin_demo,25,40,-0.22713547721125493,-0.9720049606243784
noninteger_bin_demo,25,41,0.23475875434825444,-0.9969499930609085
noninteger_bin_demo,25,42,0.577355614700309,-0.8264609844047117
noninteger_bin_demo,25,43,0.8520361272296076,-0.5140154935551544
noninteger_bin_demo,25,44,0.9806118801307342,-0.13949463577563254
noninteger_bin_demo,25,45,0.9711787111862327,0.2641811251349544
noninteger_bin_demo,25,46,0.7914365578546266,0.5830663523134387
noninteger_bin_demo,25,47,0.4909490029346096,0.9299832359102097
noninteger_bin_demo,25,48,0.06790845793818888,0.9649111128725314
noninteger_bin_demo,25,49,-0.37082915097776337,0.9914858546169509
noninteger_bin_demo,25,50,-0.6816196439735918,0.6346844561072364
noninteger_bin_demo,25,51,-0.8932812300707936,0.33991033382192654
noninteger_bin_demo,25,52,-1.0265606134048206,-0.00033474871167503417
noninteger_bin_demo,25,53,-0.8795896826528906,-0.47535205961353044
noninteger_bin_demo,25,54,-0.7069340637609661,-0.7240192200314342
noninteger_bin_demo,25,55,-0.352307386856016,-0.940785092349636
noninteger_bin_demo,25,56,0.06286264626812443,-0.9854172117524996
noninteger_bin_demo,25,57,0.46266837848874803,-0.9086006906134465
noninteger_bin_demo,25,58,0.7952145167402941,-0.6300913638916618
noninteger_bin_demo,25,59,0.9387821926989692,-0.2212071126648718
noninteger_bin_demo,25,60,0.9773092237133816,0.12941958072745507
noninteger_bin_demo,25,61,0.8335917430205109,0.5043357512626325
noninteger_bin_demo,25,62,0.5386642031017939,0.7958390049081778
noninteger_bin_demo,25,63,0.14478158944054978,0.9608549415963412
noninteger_bin_demo,25,64,-0.22074773765540906,0.9604520840451825
noninteger_bin_demo,25,65,-0.6399218151601882,0.8287761735891581
noninteger_bin_demo,25,66,-0.8420109486555317,0.5419348594673473
noninteger_bin_demo,25,67,-1.0715178517763804,0.11396145230186513
noninteger_bin_demo,25,68,-0.9336541826687214,-0.24918603533597433
noninteger_bin_demo,25,69,-0.7966250214120346,-0.6771013723670989
noninteger_bin_demo,25,70,-0.41711366534912553,-0.8993417861954245
noninteger_bin_demo,25,71,-0.013285892276646387,-0.9529804824524523
noninteger_bin_demo,25,72,0.35093692375178703,-0.9801177313189675
noninteger_bin_demo,25,73,0.695754303416187,-0.7305744093404798
noninteger_bin_demo,25,74,0.9496386128924028,-0.43898844144218396
noninteger_bin_demo,25,75,0.9170278723218692,-0.003928500608065842
noninteger_bin_demo,25,76,0.8999147846209606,0.3789302331554402
noninteger_bin_demo,25,77,0.6560238081472253,0.7275764416935926
noninteger_bin_demo,25,78,0.3368999270701184,0.9082814102781769
noninteger_bin_demo,25,79,-0.09347253397705294,0.995441348788534
noninteger_bin_demo,25,80,-0.47287736072387493,0.8579241098313897
noninteger_bin_demo,25,81,-0.8504240012929994,0.6324253269849096
noninteger_bin_demo,25,82,-0.9961994639572247,0.17675145935797
noninteger_bin_demo,25,83,-1.0170230859446798,-0.08459626293990027
noninteger_bin_demo,25,84,-0.8736338926249995,-0.5109559278163248
noninteger_bin_demo,25,85,-0.559138337749316,-0.8457003726065114
noninteger_bin_demo,25,86,-0.22099760730686413,-0.9506648227536685
noninteger_bin_demo,25,87,0.26259107898475675,-0.9649345423630367
noninteger_bin_demo,25,88,0.5647023640498234,-0.7809942630397863
noninteger_bin_demo,25,89,0.8423698246340308,-0.5095439660652318
noninteger_bin_demo,25,90,1.0076664623262261,-0.09929642145735554
noninteger_bin_demo,25,91,0.9846659929545147,0.2817157281258398
noninteger_bin_demo,25,92,0.752809723171352,0.6544815617081535
noninteger_bin_demo,25,93,0.4017593556660296,0.8352216949767515
noninteger_bin_demo,25,94,0.055739481318075504,0.990040417700988
noninteger_bin_demo,25,95,-0.34978347883863237,0.9663198821715853
noninteger_bin_demo,25,96,-0.7385747679483183,0.7272935935365886
noninteger_bin_demo,25,97,-0.951591192669664,0.37700776215268655
noninteger_bin_demo,25,98,-1.011633673233111,-0.017631388155989258
noninteger_bin_demo,25,99,-0.8811591803464265,-0.4031081054846481
noninteger_bin_demo,25,100,-0.6408330840461789,-0.7735112296074846
noninteger_bin_demo,25,101,-0.25651975537035876,-0.9464537438041868
noninteger_bin_demo,25,102,0.05080727873472183,-0.9528664059053485
noninteger_bin_demo,25,103,0.4501173958117557,-0.8773119064677124
noninteger_bin_demo,25,104,0.7867210080015636,-0.6332235558178102
noninteger_bin_demo,25,105,0.9437001901964744,-0.25808023444723704
noninteger_bin_demo,25,106,0.9772320380108339,0.20054398113063107
noninteger_bin_demo,25,107,0.841542668893309,0.5520974576786769
noninteger_bin_demo,25,108,0.5976331137065714,0.823696677945951
noninteger_bin_demo,25,109,0.1608394951754389,1.0199685117133679
noninteger_bin_demo,25,110,-0.212306435375537,1.0219300976106238
noninteger_bin_demo,25,111,-0.5957036905959953,0.8371344964170349
noninteger_bin_demo,25,112,-0.9157856485680571,0.511267842481487
noninteger_bin_demo,25,113,-1.0222218172963506,0.14255760384502542
noninteger_bin_demo,25,114,-0.9468019141369942,-0.3161566469735692
noninteger_bin_demo,25,115,-0.8064462670100944,-0.6687768262953222
noninteger_bin_demo,25,116,-0.48356452156765883,-0.8515099112934478
noninteger_bin_demo,25,117,-0.049179030452755124,-1.0154356030157705
noninteger_bin_demo,25,118,0.36871496112082314,-0.9558349996649815
noninteger_bin_demo,25,119,0.75655808024404,-0.6949537554616323
noninteger_bin_demo,25,120,0.9561783712187493,-0.37118781669959006
noninteger_bin_demo,25,121,1.0553099483775994,-0.023370015093154884
noninteger_bin_demo,25,122,0.9519967189173529,0.3688616791923788
noninteger_bin_demo,25,123,0.6488193208791028,0.7583097471856608
noninteger_bin_demo,25,124,0.3414994725622309,0.9788883553812645
noninteger_bin_demo,25,125,-0.05141835432770963,1.0047427041456123
noninteger_bin_demo,25,126,-0.5645809964958615,0.9120194786608337
noninteger_bin_demo,25,127,-0.8095566790103341,0.6191303603992288
noninteger_bin_demo,26,0,0.3544269299007115,0.9174484361380197
noninteger_bin_demo,26,1,-0.016004611405908267,0.9567408535527171
noninteger_bin_demo,26,2,-0.4326281657675191,0.9096973996190186
noninteger_bin_demo,26,3,-0.7481779552939586,0.6396214769333535
noninteger_bin_demo,26,4,-0.9185729190973131,0.29339023469111847
noninteger_bin_demo,26,5,-0.969848028034636,-0.15972293544285596
noninteger_bin_demo,26,6,-0.848366087292002,-0.47410432014343984
noninteger_bin_demo,26,7,-0.5590707446972825,-0.7671361726259917
noninteger_bin_demo,26,8,-0.22015023201390227,-0.9792093463929868
noninteger_bin_demo,26,9,0.20051729408880642,-1.0205545815178143
noninteger_bin_demo,26,10,0.6046487469677577,-0.8056084240012351
noninteger_bin_demo,26,11,0.8758737195306434,-0.5057994426486092
noninteger_bin_demo,26,12,0.9873839767887301,-0.15864504922508177
noninteger_bin_demo,26,13,0.948926264956532,0.18396677592801447
noninteger_bin_demo,26,14,0.7521017155315181,0.5958015518375803
noninteger_bin_demo,26,15,0.45802411599431175,0.8917776542431392
noninteger_bin_demo,26,16,0.07042511278125027,0.9833829196704796
noninteger_bin_demo,26,17,-0.2988207217889434,0.9359487728887446
noninteger_bin_demo,26,18,-0.7001702102953477,0.7287725997213937
noninteger_bin_demo,26,19,-0.9068296728699521,0.42925735737212234
noninteger_bin_demo,26,20,-0.9742226582680367,0.014996081475403818
noninteger_bin_demo,26,21,-0.8919964747375003,-0.3883519323571554
noninteger_bin_demo,26,22,-0.6691010374035103,-0.7425750176191902
noninteger_bin_demo,26,23,-0.37229792031499526,-0.9185188993457744
noninteger_bin_demo,26,24,0.08927016401882026,-1.0255436390707637
noninteger_bin_demo,26,25,0.5485457632183638,-0.8711852272375576
noninteger_bin_demo,26,26,0.8183074929901727,-0.6160495876840977
noninteger_bin_demo,26,27,0.9785582805503443,-0.21374865779347718
noninteger_bin_demo,26,28,0.9914282466168933,0.10587190363934448
noninteger_bin_demo,26,29,0.8812369122623942,0.5271013594245529
noninteger_bin_demo,26,30,0.5208437948674204,0.8548531462983778
noninteger_bin_demo,26,31,0.2027321802453466,1.0016502666960319
noninteger_bin_demo,26,32,-0.19309683862084373,0.9492447159422179
noninteger_bin_demo,26,33,-0.6057159921263316,0.7771241164142539
noninteger_bin_demo,26,34,-0.8420100522164149,0.511119888918749
noninteger_bin_demo,26,35,-0.9993473125467772,0.15264396738307343
noninteger_bin_demo,26,36,-0.9582888669035362,-0.2330009543184879
noninteger_bin_demo,26,37,-0.7652066305419215,-0.5737875328190108
noninteger_bin_demo,26,38,-0.5033138694326652,-0.8207736898089782
noninteger_bin_demo,26,39,-0.11295833939348812,-0.9982529996145637
noninteger_bin_demo,26,40,0.31095987908112627,-0.9810605632896033
noninteger_bin_demo,26,41,0.6924280083547905,-0.71835087769836
noninteger_bin_demo,26,42,0.9114528288828361,-0.4701890829001225
noninteger_bin_demo,26,43,0.9765589754434464,0.030591403335355535
noninteger_bin_demo,26,44,0.8578125376208211,0.4020866825131577
noninteger_bin_demo,26,45,0.7021834618850833,0.7413751866935266
noninteger_bin_demo,26,46,0.37153862661112946,0.9414706205304855
noninteger_bin_demo,26,47,-0.08254285324116034,1.0265410766194374
noninteger_bin_demo,26,48,-0.47123154290732727,0.892947904494276
noninteger_bin_demo,26,49,-0.7574914057347051,0.62512142133835
noninteger_bin_demo,26,50,-0.9708814356972563,0.2320599082754773
noninteger_bin_demo,26,51,-0.9835780827699037,-0.14567375819705133
noninteger_bin_demo,26,52,-0.8534881022384794,-0.5453764557001886
noninteger_bin_demo,26,53,-0.5449244005960457,-0.7883257912053969
noninteger_bin_demo,26,54,-0.24851191442291315,-0.9686410153259118
noninteger_bin_demo,26,55,0.19218093792873686,-0.939269531861123
noninteger_bin_demo,26,56,0.5542936518893226,-0.8380002311113467
noninteger_bin_demo,26,57,0.840805718163974,-0.5228702012277753
noninteger_bin_demo,26,58,0.9816307025740544,-0.09894962930548036
noninteger_bin_demo,26,59,0.9767681985405674,0.23643135177194902
noninteger_bin_demo,26,60,0.7653336923043792,0.6820615718003319
noninteger_bin_demo,26,61,0.43818950317946204,0.9349563071108956
noninteger_bin_demo,26,62,0.0633329861869616,0.9681145786843757
noninteger_bin_demo,26,63,-0.31529121117385894,0.9390588485610772
noninteger_bin_demo,26,64,-0.6996434141437655,0.7366973692110828
noninteger_bin_demo,26,65,-0.9103604747904546,0.4230840583221087
noninteger_bin_demo,26,66,-1.0478542371133421,0.06341267514809525
noninteger_bin_demo,26,67,-0.8929288033612344,-0.42543672890064715
noninteger_bin_demo,26,68,-0.6753232229515439,-0.7188071922659063
noninteger_bin_demo,26,69,-0.33807459593290357,-0.9646294617561403
noninteger_bin_demo,26,70,0.028567427264537468,-1.0101016974000956
noninteger_bin_demo,26,71,0.4642004863624777,-0.9140927693046258
noninteger_bin_demo,26,72,0.686651526754867,-0.65457399144998
noninteger_bin_demo,26,73,1.0105393372531604,-0.29961774495738863
noninteger_bin_demo,26,74,0.9443808818506114,0.13490869931617716
noninteger_bin_demo,26,75,0.8550494383021118,0.5172797036078891
noninteger_bin_demo,26,76,0.5950304217195838,0.7891620620946732
noninteger_bin_demo,26,77,0.23666956117608912,0.9754178016846154
noninteger_bin_demo,26,78,-0.20171238270202355,0.9806217539031078
noninteger_bin_demo,26,79,-0.6157758515747664,0.8383018550525783
noninteger_bin_demo,26,80,-0.7738950252657861,0.5155026961533691
noninteger_bin_demo,26,81,-0.9767582824022418,0.13853970002750404
noninteger_bin_demo,26,82,-0.958015738784603,-0.2661332804680167
noninteger_bin_demo,26,83,-0.8442663470249039,-0.6480475899507648
noninteger_bin_demo,26,84,-0.49593901035343485,-0.8260034241496172
noninteger_bin_demo,26,85,-0.006668987187968919,-1.0210086800958909
noninteger_bin_demo,26,86,0.33265541362863066,-0.960209854811272
noninteger_bin_demo,26,87,0.7055099052439638,-0.7737877686772392
noninteger_bin_demo,26,88,0.9118272360270016,-0.36408826055335236
noninteger_bin_demo,26,89,1.043269734766082,-0.030886236620285216
noninteger_bin_demo,26,90,0.8889072583660134,0.400394850883165
noninteger_bin_demo,26,91,0.6965880338247339,0.6582161332088265
noninteger_bin_demo,26,92,0.3249513228809133,0.9992459425791199
noninteger_bin_demo,26,93,-0.06969850461910265,1.0141804080402184
noninteger_bin_demo,26,94,-0.49008446187277566,0.8806115547921317
noninteger_bin_demo,26,95,-0.7850881206499846,0.5896309978360021
noninteger_bin_demo,26,96,-0.975366334607886,0.2745276369093879
noninteger_bin_demo,26,97,-1.0370248136465734,-0.12762888201096162
noninteger_bin_demo,26,98,-0.8904503323914349,-0.5118935031092391
noninteger_bin_demo,26,99,-0.5927236791048525,-0.7879684185791614
noninteger_bin_demo,26,100,-0.16644038362156768,-0.9735776872949746
noninteger_bin_demo,26,101,0.21717138222036783,-0.9350207836803021
noninteger_bin_demo,26,102,0.5913410448784604,-0.8091194968812662
noninteger_bin_demo,26,103,0.8625756372647128,-0.5358928927582661
noninteger_bin_demo,26,104,1.020423517461486,-0.13814221657452364
noninteger_bin_demo,26,105,0.9491698653800063,0.30537417788344057
noninteger_bin_demo,26,106,0.8307406887630062,0.5933624879772538
noninteger_bin_demo,26,107,0.4609517165428661,0.8912121919063586
noninteger_bin_demo,26,108,0.0515451822362679,1.0190619534774998
noninteger_bin_demo,26,109,-0.3775891916055197,0.9709087316720513
noninteger_bin_demo,26,110,-0.6990257273120896,0.7395889842767276
noninteger_bin_demo,26,111,-0.9293259224868389,0.47552249527156715
noninteger_bin_demo,26,112,-1.0340053037839279,0.015510332668089263
noninteger_bin_demo,26,113,-0.9339265378850231,-0.3438765473267661
noninteger_bin_demo,26,114,-0.7048525567524038,-0.6845372426368571
noninteger_bin_demo,26,115,-0.33902065373899753,-0.9383152515571266
noninteger_bin_demo,26,116,0.07247885104006017,-1.0206057218826776
noninteger_bin_demo,26,117,0.5087599437354386,-0.8666101727326173
noninteger_bin_demo,26,118,0.8048457494753104,-0.6516634024158694
noninteger_bin_demo,26,119,0.9766683337687209,-0.3049820715933372
noninteger_bin_demo,26,120,1.0095389734145352,0.11555738946434936
noninteger_bin_demo,26,121,0.8668797806483417,0.49381899595409595
noninteger_bin_demo,26,122,0.5832265331780019,0.766890614453885
noninteger_bin_demo,26,123,0.17165409779714141,0.9706019912606438
noninteger_bin_demo,26,124,-0.2436339113484854,1.0119400629065545
noninteger_bin_demo,26,125,-0.6039996000875187,0.8278207156114388
noninteger_bin_demo,26,126,-0.8159050702404812,0.5126021489091938
noninteger_bin_demo,26,127,-0.9837296940150564,0.07369494866057955
noninteger_bin_demo,27,0,-0.16709208950889623,0.97589871807639
noninteger_bin_demo,27,1,-0.5437471969689078,0.8261563991865681
noninteger_bin_demo,27,2,-0.8127430367487765,0.5402078468569924
noninteger_bin_demo,27,3,-0.9748768884100153,0.16251688035832962
noninteger_bin_demo,27,4,-0.9784262965341418,-0.27069977559756486
noninteger_bin_demo,27,5,-0.7646130624975481,-0.6439263472240533
noninteger_bin_demo,27,6,-0.5431536107306625,-0.8482855639245998
noninteger_bin_demo,27,7,-0.13544389523474845,-1.0442390964127806
noninteger_bin_demo,27,8,0.3109059909646967,-0.904539498039603
noninteger_bin_demo,27,9,0.6809708040439427,-0.7340254467043065
noninteger_bin_demo,27,10,0.8929339273706259,-0.42229349371820224
noninteger_bin_demo,27,11,0.9978340803045053,-0.046983889530965
noninteger_bin_demo,27,12,0.9087985109130147,0.41053306319861815
noninteger_bin_demo,27,13,0.6922877072680794,0.720761531392813
noninteger_bin_demo,27,14,0.41684016568324556,1.0006500692995606
noninteger_bin_demo,27,15,-0.039370317258565296,0.9870282534858631
noninteger_bin_demo,27,16,-0.4278742867429235,0.9270920255890038
noninteger_bin_demo,27,17,-0.7627831045837254,0.6458187989571427
noninteger_bin_demo,27,18,-0.9494900640246551,0.321116249374078
noninteger_bin_demo,27,19,-1.0082518008455295,-0.0196989986703201
noninteger_bin_demo,27,20,-0.9174520353994879,-0.47966462115836256
noninteger_bin_demo,27,21,-0.5940871489641381,-0.8150839127639478
noninteger_bin_demo,27,22,-0.1978809354614788,-0.9766496828028551
noninteger_bin_demo,27,23,0.1914155200060287,-0.9641698797634032
noninteger_bin_demo,27,24,0.5082926407890285,-0.9039198094952208
noninteger_bin_demo,27,25,0.8663525409268101,-0.5217401437243793
noninteger_bin_demo,27,26,0.9526254979350196,-0.16987780164412208
noninteger_bin_demo,27,27,0.9255068454668559,0.26647422781909985
noninteger_bin_demo,27,28,0.8041835521414558,0.5950923371735651
noninteger_bin_demo,27,29,0.4550345005835847,0.8749766240408804
noninteger_bin_demo,27,30,0.06015960560715825,0.9824251120894698
noninteger_bin_demo,27,31,-0.2535013882131949,0.9622375784875056
noninteger_bin_demo,27,32,-0.6669943487939903,0.7538315539010473
noninteger_bin_demo,27,33,-0.8957294459859138,0.43319577888284455
noninteger_bin_demo,27,34,-0.9534562801878727,0.04383661011747196
noninteger_bin_demo,27,35,-0.9145081797072037,-0.3836712691201204
noninteger_bin_demo,27,36,-0.6786396091661443,-0.6644565546627677
noninteger_bin_demo,27,37,-0.33061823017268177,-0.8869191242493624
noninteger_bin_demo,27,38,0.020412444850516295,-1.0437970217859007
noninteger_bin_demo,27,39,0.42077310135169005,-0.8316253609364573
noninteger_bin_demo,27,40,0.7542125721933933,-0.6467495936766867
noninteger_bin_demo,27,41,0.9551404277849304,-0.32289078852388664
noninteger_bin_demo,27,42,1.0082728425073793,0.09476522070878549
noninteger_bin_demo,27,43,0.8890484412771978,0.48820652651728
noninteger_bin_demo,27,44,0.5665486778717128,0.8332083372866668
noninteger_bin_demo,27,45,0.2157261566435012,0.9957467463661568
noninteger_bin_demo,27,46,-0.1875980197712999,0.9668279780996933
noninteger_bin_demo,27,47,-0.5815591169891193,0.7648989012603172
noninteger_bin_demo,27,48,-0.834503761207125,0.5216022033879509
noninteger_bin_demo,27,49,-1.044533094525528,0.14346549576754902
noninteger_bin_demo,27,50,-0.916873397746287,-0.27756345976786545
noninteger_bin_demo,27,51,-0.7844694554957965,-0.5827036986549773
noninteger_bin_demo,27,52,-0.4724512530970951,-0.8788936997403993
noninteger_bin_demo,27,53,-0.11704595181838556,-1.0595850779894338
noninteger_bin_demo,27,54,0.27605241991106133,-0.9746092466285795
noninteger_bin_demo,27,55,0.6570055614618462,-0.783146677047251
noninteger_bin_demo,27,56,0.8834012855004932,-0.461360556506286
noninteger_bin_demo,27,57,1.011969658054653,0.026892724546977755
noninteger_bin_demo,27,58,0.8841067609461402,0.3925803346374645
noninteger_bin_demo,27,59,0.6453340372277673,0.747407446519669
noninteger_bin_demo,27,60,0.367823738138373,0.9767426569126079
noninteger_bin_demo,27,61,-0.093140369604765,1.0191882412624915
noninteger_bin_demo,27,62,-0.42859658275326595,0.8819702933188244
noninteger_bin_demo,27,63,-0.7468268912452328,0.6400017800423257
noninteger_bin_demo,27,64,-0.9559171507483899,0.2903647500807104
noninteger_bin_demo,27,65,-0.9448542864031695,-0.0978587640837944
noninteger_bin_demo,27,66,-0.8875186501901572,-0.5167187202568924
noninteger_bin_demo,27,67,-0.5702926575881218,-0.7886530659215367
noninteger_bin_demo,27,68,-0.2430508105550758,-0.9397508077861069
noninteger_bin_demo,27,69,0.15055218485439575,-0.9468915732457772
noninteger_bin_demo,27,70,0.5813214269858384,-0.8907512323067973
noninteger_bin_demo,27,71,0.8172144942324295,-0.5473404943913714
noninteger_bin_demo,27,72,1.017505821334186,-0.10131852158669666
noninteger_bin_demo,27,73,0.9943780750367929,0.2652201248818048
noninteger_bin_demo,27,74,0.8101707435205288,0.6275643905346232
noninteger_bin_demo,27,75,0.4579559929336503,0.8385430135858425
noninteger_bin_demo,27,76,0.08333112709529164,0.9950093640363495
noninteger_bin_demo,27,77,-0.3101411994115152,1.0021868580944546
noninteger_bin_demo,27,78,-0.6726890523503242,0.7637855103509451
noninteger_bin_demo,27,79,-0.9150974396742347,0.4403070808292051
noninteger_bin_demo,27,80,-1.0013194115075559,-0.008345350142908409
noninteger_bin_demo,27,81,-0.8942218981317996,-0.3822189868199527
noninteger_bin_demo,27,82,-0.7374599316990474,-0.6934373187178625
noninteger_bin_demo,27,83,-0.3511807852535771,-0.899246237803973
noninteger_bin_demo,27,84,0.08198904140562258,-1.0140489147442435
noninteger_bin_demo,27,85,0.4597680635667279,-0.9521681164093652
noninteger_bin_demo,27,86,0.802050797550812,-0.6487015535354946
noninteger_bin_demo,27,87,0.9485733611647901,-0.2715952106582912
noninteger_bin_demo,27,88,1.011272390313135,0.11274903577366763
noninteger_bin_demo,27,89,0.8854006452747488,0.5215165418251665
noninteger_bin_demo,27,90,0.5664281581008127,0.7859323538644164
noninteger_bin_demo,27,91,0.24213623276449125,0.9931106986641403
noninteger_bin_demo,27,92,-0.1336440189218765,0.9291432723187703
noninteger_bin_demo,27,93,-0.5474699258625715,0.8258085753213092
noninteger_bin_demo,27,94,-0.8534934986931345,0.5177664673999581
noninteger_bin_demo,27,95,-1.0333539826965312,0.15554717747757052
noninteger_bin_demo,27,96,-0.9161978151155363,-0.2687613625083749
noninteger_bin_demo,27,97,-0.8254513963129018,-0.5929705847342901
noninteger_bin_demo,27,98,-0.48789680837122634,-0.8981818325813201
noninteger_bin_demo,27,99,-0.08032149607744667,-0.9002611250410133
noninteger_bin_demo,27,100,0.32012530137099643,-0.9674668329498963
noninteger_bin_demo,27,101,0.6756345152977378,-0.6908292740543028
noninteger_bin_demo,27,102,0.9087146545537337,-0.4321774441953903
noninteger_bin_demo,27,103,1.016325499001047,-0.011875876795406403
noninteger_bin_demo,27,104,0.9756997545525892,0.3899293718868463
noninteger_bin_demo,27,105,0.6420838984273888,0.7424461869304103
noninteger_bin_demo,27,106,0.37243938639572405,0.9596041464441876
noninteger_bin_demo,27,107,-0.025240475538747947,1.0313466671430542
noninteger_bin_demo,27,108,-0.45949026145789745,0.9292586048866154
noninteger_bin_demo,27,109,-0.7854421111763943,0.6462703928192924
noninteger_bin_demo,27,110,-0.9385696584163138,0.28910600956209226
noninteger_bin_demo,27,111,-0.9522718631680808,-0.08606853012897073
noninteger_bin_demo,27,112,-0.8932644774939236,-0.5239652265132467
noninteger_bin_demo,27,113,-0.5324439047809365,-0.8263988745703128
noninteger_bin_demo,27,114,-0.2362550175603322,-0.979618192265847
noninteger_bin_demo,27,115,0.2059431797225339,-1.0153455801763194
noninteger_bin_demo,27,116,0.5756489512749612,-0.8425378903487126
noninteger_bin_demo,27,117,0.8077454628670839,-0.4983539454082131
noninteger_bin_demo,27,118,0.9634433925635865,-0.09934799151130666
noninteger_bin_demo,27,119,0.9792315632876907,0.2695521336476291
noninteger_bin_demo,27,120,0.7650752662321332,0.5548268314726529
noninteger_bin_demo,27,121,0.4860915268556198,0.8923361138621063
noninteger_bin_demo,27,122,0.11614855795974119,1.003888155528186
noninteger_bin_demo,27,123,-0.32904277183973163,0.931050039493043
noninteger_bin_demo,27,124,-0.6339965630053175,0.7689221510603428
noninteger_bin_demo,27,125,-0.8859069367770269,0.4519232083961676
noninteger_bin_demo,27,126,-1.0304307966755082,0.042487182342798545
noninteger_bin_demo,27,127,-0.8884133087518359,-0.3314223311448192
noninteger_bin_demo,28,0,-0.5887792133371706,0.7756588935189431
noninteger_bin_demo,28,1,-0.8662351943887936,0.45640452110738255
noninteger_bin_demo,28,2,-0.9656285404345379,0.07887978206527765
noninteger_bin_demo,28,3,-0.919200019811725,-0.36866088818395426
noninteger_bin_demo,28,4,-0.7028330297099894,-0.7280199078992332
noninteger_bin_demo,28,5,-0.3096701622717808,-0.94888370632779
noninteger_bin_demo,28,6,0.06440649919794572,-1.02056165175147
noninteger_bin_demo,28,7,0.4361985585954762,-0.8686073983090484
noninteger_bin_demo,28,8,0.7510554234424809,-0.7312313256511951
noninteger_bin_demo,28,9,0.9810031340782468,-0.3333212892291928
noninteger_bin_demo,28,10,0.9736066726309562,0.04083560486171178
noninteger_bin_demo,28,11,0.9227107606405355,0.5018063876864185
noninteger_bin_demo,28,12,0.6548381412290576,0.8231716050347961
noninteger_bin_demo,28,13,0.2798335086192098,0.9788837023968391
noninteger_bin_demo,28,14,-0.19609009117375484,1.0252066571927956
noninteger_bin_demo,28,15,-0.5933077061848242,0.8395935878668507
noninteger_bin_demo,28,16,-0.8015239231275613,0.6179959582414919
noninteger_bin_demo,28,17,-0.9879502474726433,0.15455025301894343
noninteger_bin_demo,28,18,-0.9236452539687474,-0.2168245256127293
noninteger_bin_demo,28,19,-0.8534663673529831,-0.6095139167548771
noninteger_bin_demo,28,20,-0.485686778053461,-0.8824069751587503
noninteger_bin_demo,28,21,-0.0827213744260976,-0.9574295971318708
noninteger_bin_demo,28,22,0.24858570943130368,-0.9339411830456315
noninteger_bin_demo,28,23,0.6694094397086622,-0.7933178209813833
noninteger_bin_demo,28,24,0.9533430378742599,-0.3700468134215007
noninteger_bin_demo,28,25,0.9777182928239472,-0.05187358403592785
noninteger_bin_demo,28,26,0.9482259586614048,0.4163715665790075
noninteger_bin_demo,28,27,0.7608518906513767,0.7297763908082069
noninteger_bin_demo,28,28,0.3202667023749347,0.9566627059286463
noninteger_bin_demo,28,29,-0.006800197092862611,0.9960159130623082
noninteger_bin_demo,28,30,-0.43917975589721275,0.9014140462727749
noninteger_bin_demo,28,31,-0.7420444843576195,0.6402214165918517
noninteger_bin_demo,28,32,-0.9386697958214749,0.3632035791336783
noninteger_bin_demo,28,33,-0.9848149131690579,-0.0583954970608015
noninteger_bin_demo,28,34,-0.8567357416410473,-0.5084647730434219
noninteger_bin_demo,28,35,-0.6056387964666649,-0.7931681942358491
noninteger_bin_demo,28,36,-0.2533560223279326,-0.9773578770050103
noninteger_bin_demo,28,37,0.186558353939486,-0.9557873861857061
noninteger_bin_demo,28,38,0.5755929424653126,-0.8248362949354986
noninteger_bin_demo,28,39,0.7800663030238728,-0.5873678878273665
noninteger_bin_demo,28,40,1.0049461177872545,-0.17509597750368414
noninteger_bin_demo,28,41,0.9669387489524086,0.24823314848062203
noninteger_bin_demo,28,42,0.8070461208243164,0.5909673106914675
noninteger_bin_demo,28,43,0.48721706594708347,0.8515126237035919
noninteger_bin_demo,28,44,0.14649787063747075,1.0275850556516775
noninteger_bin_demo,28,45,-0.3022451828154005,0.9198598974585732
noninteger_bin_demo,28,46,-0.6461021002307596,0.7304710120606716
noninteger_bin_demo,28,47,-0.9094514886902907,0.44107060106537826
noninteger_bin_demo,28,48,-1.0382135327718147,0.08539298622390382
noninteger_bin_demo,28,49,-0.8731098777381766,-0.4049085141063411
noninteger_bin_demo,28,50,-0.7162630393562023,-0.7014246054300288
noninteger_bin_demo,28,51,-0.3088770853646973,-0.9462346478175856
noninteger_bin_demo,28,52,0.046823249734059796,-0.9667197032663444
noninteger_bin_demo,28,53,0.40859255563857083,-0.8800689595423163
noninteger_bin_demo,28,54,0.7448909043836933,-0.6575516486041342
noninteger_bin_demo,28,55,0.9195124981963307,-0.29423282427050884
noninteger_bin_demo,28,56,1.0349143454024214,0.08782396939510846
noninteger_bin_demo,28,57,0.8508375467026421,0.4754917849378582
noninteger_bin_demo,28,58,0.6136216458294138,0.8209839349450656
noninteger_bin_demo,28,59,0.2208067840658547,0.9522241953366025
noninteger_bin_demo,28,60,-0.13617963370544844,1.00685602702232
noninteger_bin_demo,28,61,-0.5666765799242309,0.8707982150339617
noninteger_bin_demo,28,62,-0.7961577108949373,0.5402255053916727
noninteger_bin_demo,28,63,-0.9797983523906447,0.19262716054554432
noninteger_bin_demo,28,64,-0.9457326197867288,-0.24285492892796012
noninteger_bin_demo,28,65,-0.8242048461227812,-0.605471436127387
noninteger_bin_demo,28,66,-0.5089998478837148,-0.8738041993305751
noninteger_bin_demo,28,67,-0.1174360898147283,-0.9381215639615952
noninteger_bin_demo,28,68,0.2595948360404724,-0.9576562236546153
noninteger_bin_demo,28,69,0.7048957544638195,-0.7828874086863723
noninteger_bin_demo,28,70,0.8573128515992957,-0.4248717551934462
noninteger_bin_demo,28,71,0.9861564868122824,-0.005944809261317286
noninteger_bin_demo,28,72,0.9416148265606548,0.3315080577939579
noninteger_bin_demo,28,73,0.7453463461285644,0.6971570731397876
noninteger_bin_demo,28,74,0.4209005863064658,0.9087032073905771
noninteger_bin_demo,28,75,-0.05259138866461627,0.9186783135033687
noninteger_bin_demo,28,76,-0.39711811734720776,0.9136753048521227
noninteger_bin_demo,28,77,-0.7243102593096188,0.663707178703639
noninteger_bin_demo,28,78,-0.9324581310471259,0.3287866783177219
noninteger_bin_demo,28,79,-0.9460058516589727,-0.08125378284971393
noninteger_bin_demo,28,80,-0.9292211074919574,-0.5175826167699921
noninteger_bin_demo,28,81,-0.6759913301173591,-0.7576983005567438
noninteger_bin_demo,28,82,-0.20648114985696442,-0.9854252342382442
noninteger_bin_demo,28,83,0.18970292713225817,-0.9391260419091065
noninteger_bin_demo,28,84,0.6013114799937266,-0.8515785229688975
noninteger_bin_demo,28,85,0.8210739066463327,-0.5736212050002013
noninteger_bin_demo,28,86,1.0164600319848034,-0.1235265131369263
noninteger_bin_demo,28,87,0.9792001212256622,0.23359550203489496
noninteger_bin_demo,28,88,0.8088048680431073,0.601553805700841
noninteger_bin_demo,28,89,0.4725490820363444,0.8895453435373721
noninteger_bin_demo,28,90,0.07761938292453407,0.975776406853715
noninteger_bin_demo,28,91,-0.2949000292552017,0.9744001482445016
noninteger_bin_demo,28,92,-0.6684602144404691,0.7378864736901918
noninteger_bin_demo,28,93,-0.8975768917766132,0.3868828925174551
noninteger_bin_demo,28,94,-0.9996116418032802,0.06447138666476313
noninteger_bin_demo,28,95,-0.9237418237384932,-0.3818394216990708
noninteger_bin_demo,28,96,-0.7287709320750463,-0.656864888105545
noninteger_bin_demo,28,97,-0.4055360889984586,-1.002202503048089
noninteger_bin_demo,28,98,0.06862039639973382,-1.0022721063283389
noninteger_bin_demo,28,99,0.4237360623181978,-0.9451656751179751
noninteger_bin_demo,28,100,0.7655340766221885,-0.6615535589300241
noninteger_bin_demo,28,101,1.0031193653297177,-0.3035944894421784
noninteger_bin_demo,28,102,1.0629618154658484,0.07788266062244344
noninteger_bin_demo,28,103,0.8941828168440756,0.5498286784843242
noninteger_bin_demo,28,104,0.6462514389620791,0.8107325712077686
noninteger_bin_demo,28,105,0.25633677037681185,0.9348975668989449
noninteger_bin_demo,28,106,-0.14773036110991428,0.995494862948941
noninteger_bin_demo,28,107,-0.5425802636189158,0.8468208438665399
noninteger_bin_demo,28,108,-0.8202779178874933,0.5540558167232374
noninteger_bin_demo,28,109,-0.9655727499154869,0.16877324994073528
noninteger_bin_demo,28,110,-0.9590617877017635,-0.270318711127295
noninteger_bin_demo,28,111,-0.783046378863306,-0.5733343252904579
noninteger_bin_demo,28,112,-0.5080593939603966,-0.856256965084552
noninteger_bin_demo,28,113,-0.1159880841689674,-1.0078140221269793
noninteger_bin_demo,28,114,0.33642531062130654,-0.9545588692408227
noninteger_bin_demo,28,115,0.6718364451653015,-0.7578443139616036
noninteger_bin_demo,28,116,0.9482753046581874,-0.4484164228052355
noninteger_bin_demo,28,117,0.9969933455662857,-0.05232355720817208
noninteger_bin_demo,28,118,0.8488284615168027,0.39137634894982626
noninteger_bin_demo,28,119,0.6818096053907009,0.6846869040220389
noninteger_bin_demo,28,120,0.43675782149811365,0.9629429842606299
noninteger_bin_demo,28,121,-0.0806098445822229,1.0151783869884217
noninteger_bin_demo,28,122,-0.3814754572659373,0.9062524971846957
noninteger_bin_demo,28,123,-0.7815848557997547,0.6739920366294893
noninteger_bin_demo,28,124,-0.9598299894199033,0.3350471028320537
noninteger_bin_demo,28,125,-0.9892291371915998,-0.10924387930531118
noninteger_bin_demo,28,126,-0.8459755350144856,-0.44713632143315324
noninteger_bin_demo,28,127,-0.5412080901894829,-0.8046735238778269
noninteger_bin_demo,29,0,-0.9352176136299153,0.3850675874476153
noninteger_bin_demo,29,1,-0.9869316176154033,-0.0827534487695438
noninteger_bin_demo,29,2,-0.8301984218451519,-0.5681434275747668
noninteger_bin_demo,29,3,-0.6284468173609116,-0.8082963549955371
noninteger_bin_demo,29,4,-0.2191732843940625,-0.9470552610866945
noninteger_bin_demo,29,5,0.12454155524106818,-0.9985551864031225
noninteger_bin_demo,29,6,0.5260321417635054,-0.8370549769221698
noninteger_bin_demo,29,7,0.7707865918446627,-0.6044882088569998
noninteger_bin_demo,29,8,0.9731015435760684,-0.21091094757815815
noninteger_bin_demo,29,9,0.9846496120719285,0.2169275967748923
noninteger_bin_demo,29,10,0.8317574036632407,0.570701250346421
noninteger_bin_demo,29,11,0.5661927617076965,0.8520681982476747
noninteger_bin_demo,29,12,0.14433641066371813,0.9785610293078019
noninteger_bin_demo,29,13,-0.3030299546898363,0.9964882252962313
noninteger_bin_demo,29,14,-0.6034629871032986,0.8060836761484436
noninteger_bin_demo,29,15,-0.9307582290049952,0.4668395006896057
noninteger_bin_demo,29,16,-1.0274164964606014,0.0387627667020674
noninteger_bin_demo,29,17,-0.9669559907105889,-0.27688952985842
noninteger_bin_demo,29,18,-0.76088014906522,-0.6902352954008282
noninteger_bin_demo,29,19,-0.4292113792466664,-0.870639041837004
noninteger_bin_demo,29,20,0.022999331358211448,-0.9881061743785629
noninteger_bin_demo,29,21,0.35458176315733275,-0.9421802723150886
noninteger_bin_demo,29,22,0.7903766224417044,-0.6676063116309292
noninteger_bin_demo,29,23,0.9531511318868411,-0.308373950002679
noninteger_bin_demo,29,24,0.9926586960293925,0.0930649048936602
noninteger_bin_demo,29,25,0.8808882559310973,0.4639442589219705
noninteger_bin_demo,29,26,0.5489888498907904,0.7994822423679935
noninteger_bin_demo,29,27,0.25354095878302857,0.9549542700234565
noninteger_bin_demo,29,28,-0.14638302840455733,0.9593826655178733
noninteger_bin_demo,29,29,-0.5605088506965111,0.8316213418628562
noninteger_bin_demo,29,30,-0.8429193444696043,0.5393203699529188
noninteger_bin_demo,29,31,-1.0110288638891298,0.15144652533990002
noninteger_bin_demo,29,32,-0.9668617750349524,-0.2615421783659475
noninteger_bin_demo,29,33,-0.811756896141679,-0.5680850829916283
noninteger_bin_demo,29,34,-0.49843696047722275,-0.8547283181423515
noninteger_bin_demo,29,35,-0.14423579835400618,-0.9895951868276636
noninteger_bin_demo,29,36,0.25993104518833,-0.949574683951858
noninteger_bin_demo,29,37,0.59441329840706,-0.7953108941571748
noninteger_bin_demo,29,38,0.9232444567336691,-0.4435424484407052
noninteger_bin_demo,29,39,0.9125285467726999,-0.11790265507950659
noninteger_bin_demo,29,40,0.9430623794459423,0.34283443248635315
noninteger_bin_demo,29,41,0.7535757847440422,0.6858338279071915
noninteger_bin_demo,29,42,0.4243840284737638,0.9177352007464453
noninteger_bin_demo,29,43,-0.019912925127803034,0.9957758694655477
noninteger_bin_demo,29,44,-0.393992745590363,0.8633101612694583
noninteger_bin_demo,29,45,-0.7491120280186057,0.668580385567661
noninteger_bin_demo,29,46,-0.897540032882111,0.2975601263825952
noninteger_bin_demo,29,47,-1.0045154479284648,-0.11983951409409908
noninteger_bin_demo,29,48,-0.8876643429353369,-0.46414034191667264
noninteger_bin_demo,29,49,-0.6426871391530851,-0.7728381080853161
noninteger_bin_demo,29,50,-0.2796275806156081,-0.9556620280153996
noninteger_bin_demo,29,51,0.16136971386459853,-0.9799479569948673
noninteger_bin_demo,29,52,0.5289509984410826,-0.8972638404729483
noninteger_bin_demo,29,53,0.8136762929810711,-0.583495834693411
noninteger_bin_demo,29,54,1.0151541717265538,-0.159710968218242
noninteger_bin_demo,29,55,0.928310658543865,0.2331507387766412
noninteger_bin_demo,29,56,0.8469708054790196,0.6116269557583489
noninteger_bin_demo,29,57,0.4651745305086622,0.8863040185979413
noninteger_bin_demo,29,58,0.12043033866034242,0.9822365850126106
noninteger_bin_demo,29,59,-0.3081417592123315,0.959125162117175
noninteger_bin_demo,29,60,-0.6233913566547354,0.7776434635900962
noninteger_bin_demo,29,61,-0.8479747147473732,0.4584972965452235
noninteger_bin_demo,29,62,-0.9742174664394204,0.05019987778545269
noninteger_bin_demo,29,63,-0.9276086634580286,-0.3140544767360666
noninteger_bin_demo,29,64,-0.7233329174448806,-0.709867164186091
noninteger_bin_demo,29,65,-0.38878199974715194,-0.9122293978170206
noninteger_bin_demo,29,66,0.035419886047941676,-0.9958448255405731
noninteger_bin_demo,29,67,0.39448405541820364,-0.8997982668152307
noninteger_bin_demo,29,68,0.7754437650938169,-0.7268141393714715
noninteger_bin_demo,29,69,0.948450215530473,-0.31174795273062705
noninteger_bin_demo,29,70,1.0041386339767202,0.041920843200557424
noninteger_bin_demo,29,71,0.8581336145231508,0.48511436485540754
noninteger_bin_demo,29,72,0.6560881358072915,0.7380077784222513
noninteger_bin_demo,29,73,0.24903362831878892,0.9688920233804501
noninteger_bin_demo,29,74,-0.14125640094064668,0.9856098947073724
noninteger_bin_demo,29,75,-0.5467001538608072,0.8480514267851383
noninteger_bin_demo,29,76,-0.8186544625442687,0.6059573791245737
noninteger_bin_demo,29,77,-1.0329655075399795,0.1711992883696023
noninteger_bin_demo,29,78,-0.9271811112186044,-0.19034359684689728
noninteger_bin_demo,29,79,-0.829070698951356,-0.6008820464865273
noninteger_bin_demo,29,80,-0.49970140737166985,-0.814350790987713
noninteger_bin_demo,29,81,-0.11117029431861541,-0.9973449273447741
noninteger_bin_demo,29,82,0.25575611066297543,-1.0064253226005346
noninteger_bin_demo,29,83,0.6458925197078933,-0.7280603519077675
noninteger_bin_demo,29,84,0.8767049481864562,-0.42894440215279916
noninteger_bin_demo,29,85,0.9850679156247685,-0.07186926764883432
noninteger_bin_demo,29,86,0.8962049780304399,0.3823409228803809
noninteger_bin_demo,29,87,0.7298733099861945,0.6428306967436369
noninteger_bin_demo,29,88,0.4210589916516061,0.9230407507586832
noninteger_bin_demo,29,89,-0.07233084728420766,1.0026887469481733
noninteger_bin_demo,29,90,-0.4359740801355638,0.8891332556019869
noninteger_bin_demo,29,91,-0.7422062588027757,0.6980020493581577
noninteger_bin_demo,29,92,-0.9820117119326325,0.35765020102416856
noninteger_bin_demo,29,93,-1.015313988939337,-0.11965745981211945
noninteger_bin_demo,29,94,-0.8767319572707348,-0.480202127359515
noninteger_bin_demo,29,95,-0.5940482591979482,-0.7820028968350643
noninteger_bin_demo,29,96,-0.293798874609004,-0.9300124190416598
noninteger_bin_demo,29,97,0.22914859007605415,-1.021024145264671
noninteger_bin_demo,29,98,0.5424059611539185,-0.861595126850991
noninteger_bin_demo,29,99,0.8169700868897558,-0.554485050548772
noninteger_bin_demo,29,100,0.9843028910458692,-0.22770352334489974
noninteger_bin_demo,29,101,0.9935319787954722,0.23103971705113854
noninteger_bin_demo,29,102,0.7503762486111974,0.6215817500980254
noninteger_bin_demo,29,103,0.5114248885883789,0.8717747992880195
noninteger_bin_demo,29,104,0.09904964794538532,0.9486887475556354
noninteger_bin_demo,29,105,-0.24665224559663163,0.934672326682321
noninteger_bin_demo,29,106,-0.6024741315645696,0.83357705576274
noninteger_bin_demo,29,107,-0.9518003340515055,0.4055146114134799
noninteger_bin_demo,29,108,-1.0093370352530222,0.049678362370183866
noninteger_bin_demo,29,109,-0.9982133514448049,-0.3874923908716253
noninteger_bin_demo,29,110,-0.741665258127635,-0.6529501781018399
noninteger_bin_demo,29,111,-0.3937195584065428,-0.938266824951133
noninteger_bin_demo,29,112,-0.029386426499335164,-1.0092655623252955
noninteger_bin_demo,29,113,0.4329279460732241,-0.9066552063705464
noninteger_bin_demo,29,114,0.8207080623006273,-0.6518603623302635
noninteger_bin_demo,29,115,0.9321750232586812,-0.29674189341650936
noninteger_bin_demo,29,116,0.9909243490288251,0.06717283450555059
noninteger_bin_demo,29,117,0.9134169226391076,0.5156199043526037
noninteger_bin_demo,29,118,0.5973491003107293,0.7172733471375262
noninteger_bin_demo,29,119,0.27231755816997677,0.9107525820686696
noninteger_bin_demo,29,120,-0.13121416346084566,0.9972751096700906
noninteger_bin_demo,29,121,-0.544989317818002,0.838930571754564
noninteger_bin_demo,29,122,-0.8051640109588202,0.5507242819828312
noninteger_bin_demo,29,123,-0.9731498959895205,0.21177435365821984
noninteger_bin_demo,29,124,-0.92531968498007,-0.17409639193862725
noninteger_bin_demo,29,125,-0.7934132364037074,-0.6246421159185382
noninteger_bin_demo,29,126,-0.5400405714593576,-0.8447107138748068
noninteger_bin_demo,29,127,-0.10559969050141325,-0.9643380212493033
noninteger_bin_demo,30,0,-1.0070942553689055,-0.17584134336840881
noninteger_bin_demo,30,1,-0.7563326588490381,-0.6134095138469451
noninteger_bin_demo,30,2,-0.5384685516587969,-0.8838833217841009
noninteger_bin_demo,30,3,-0.17781978236261825,-1.0281725412322693
noninteger_bin_demo,30,4,0.2942392466244391,-0.9729614828599531
noninteger_bin_demo,30,5,0.6358051030000539,-0.8068855890009917
noninteger_bin_demo,30,6,0.9191367707555044,-0.45954637680677923
noninteger_bin_demo,30,7,1.0014508739288124,-0.042114595962286575
noninteger_bin_demo,30,8,0.9480967076965909,0.3306084845623787
noninteger_bin_demo,30,9,0.7497172042908957,0.6259557931462693
noninteger_bin_demo,30,10,0.3818345286632003,0.9180680592453625
noninteger_bin_demo,30,11,0.02629915622072348,1.032666314044635
noninteger_bin_demo,30,12,-0.3951180302529364,0.9305993586615826
noninteger_bin_demo,30,13,-0.7214017359850756,0.6764788369116571
noninteger_bin_demo,30,14,-0.9595084299674128,0.32257187430822243
noninteger_bin_demo,30,15,-0.9670195903472543,-0.04766803209340217
noninteger_bin_demo,30,16,-0.8993526229231732,-0.4790335357970697
noninteger_bin_demo,30,17,-0.6560755108489279,-0.7585416400153449
noninteger_bin_demo,30,18,-0.28231327751602275,-1.0463825098504511
noninteger_bin_demo,30,19,0.1348290962492781,-1.0567893180664434
noninteger_bin_demo,30,20,0.5059285667030976,-0.8425417652643523
noninteger_bin_demo,30,21,0.884865643197548,-0.6146128148964775
noninteger_bin_demo,30,22,0.9593188717515797,-0.196983836139065
noninteger_bin_demo,30,23,1.0470932189597657,0.2218152544612077
noninteger_bin_demo,30,24,0.8165167799890092,0.5865088409301623
noninteger_bin_demo,30,25,0.550879044222821,0.8375443729369069
noninteger_bin_demo,30,26,0.12625316017089575,0.9885155350217195
noninteger_bin_demo,30,27,-0.2749009929360436,1.0512974727723408
noninteger_bin_demo,30,28,-0.6451373624116679,0.7311800400213272
noninteger_bin_demo,30,29,-0.8814938839838267,0.45272928525392353
noninteger_bin_demo,30,30,-1.019086251660329,0.057143418020781774
noninteger_bin_demo,30,31,-0.9043035587899823,-0.3361855056670236
noninteger_bin_demo,30,32,-0.7723941079399326,-0.6662083669695902
noninteger_bin_demo,30,33,-0.39860182018743556,-0.9769631941086473
noninteger_bin_demo,30,34,-0.005062217658901471,-1.0071428466268797
noninteger_bin_demo,30,35,0.3801520132511171,-0.8741708695209024
noninteger_bin_demo,30,36,0.6995214774658025,-0.6773211669748262
noninteger_bin_demo,30,37,0.9170679184965393,-0.3358327751254543
noninteger_bin_demo,30,38,1.0710990140537515,0.11016756208368883
noninteger_bin_demo,30,39,0.8962799315296982,0.42222889697366733
noninteger_bin_demo,30,40,0.6463731327279659,0.7612791281279477
noninteger_bin_demo,30,41,0.27178475661050955,1.0093306570116667
noninteger_bin_demo,30,42,-0.10906777327101726,1.0369356076786984
noninteger_bin_demo,30,43,-0.5417972555178571,0.9090936726373764
noninteger_bin_demo,30,44,-0.819380695857311,0.5427956628248989
noninteger_bin_demo,30,45,-0.9492964006856123,0.20209780611097763
noninteger_bin_demo,30,46,-0.9408934908884931,-0.1811630310163936
noninteger_bin_demo,30,47,-0.8092489389724805,-0.6007528303881283
noninteger_bin_demo,30,48,-0.5159446273978004,-0.8911677327732188
noninteger_bin_demo,30,49,-0.12283355499537273,-0.9746446503591539
noninteger_bin_demo,30,50,0.22990344852482555,-0.9350713088832077
noninteger_bin_demo,30,51,0.6500651105945963,-0.7663416048484053
noninteger_bin_demo,30,52,0.8611232012684117,-0.4027500842098988
noninteger_bin_demo,30,53,0.9700597424312106,-0.04763519766152176
noninteger_bin_demo,30,54,0.9532575078473923,0.31357866683941293
noninteger_bin_demo,30,55,0.7209676007384166,0.6939857020782506
noninteger_bin_demo,30,56,0.37781483109025776,0.944823343327034
noninteger_bin_demo,30,57,0.035626013664712256,1.050966784481161
noninteger_bin_demo,30,58,-0.4160664827150329,0.8906073907755845
noninteger_bin_demo,30,59,-0.7544186455627335,0.7293142217477617
noninteger_bin_demo,30,60,-0.9155762546875164,0.35178399074496697
noninteger_bin_demo,30,61,-1.0396818341590477,-0.015240925792539335
noninteger_bin_demo,30,62,-0.8928275627203136,-0.4911314233904147
noninteger_bin_demo,30,63,-0.6973079537816915,-0.7800551816381877
noninteger_bin_demo,30,64,-0.2920391462899839,-0.964315696021592
noninteger_bin_demo,30,65,0.10564432729257375,-0.9549238442429626
noninteger_bin_demo,30,66,0.5680180984362341,-0.8772397286635238
noninteger_bin_demo,30,67,0.7909736319027233,-0.59658346215444
noninteger_bin_demo,30,68,1.008189590529816,-0.20299302039352346
noninteger_bin_demo,30,69,0.9735664019278845,0.1666577836447137
noninteger_bin_demo,30,70,0.8229751041141689,0.5431092543195234
noninteger_bin_demo,30,71,0.5393693007414319,0.8471051189874078
noninteger_bin_demo,30,72,0.12321879306191078,0.9893747639174572
noninteger_bin_demo,30,73,-0.29243236914513693,0.9446751786449775
noninteger_bin_demo,30,74,-0.6356552209266898,0.73733862224088
noninteger_bin_demo,30,75,-0.838954293111434,0.4560732241764507
noninteger_bin_demo,30,76,-0.9784032220172544,0.13907947506620927
noninteger_bin_demo,30,77,-0.9350190391150219,-0.2898812339174646
noninteger_bin_demo,30,78,-0.720513425648016,-0.6608418281158438
noninteger_bin_demo,30,79,-0.4069221102258037,-0.9329166581705144
noninteger_bin_demo,30,80,0.008936336279054435,-0.9530400344225363
noninteger_bin_demo,30,81,0.4535172009639666,-0.8647049183287303
noninteger_bin_demo,30,82,0.7382681712188645,-0.7084421700266809
noninteger_bin_demo,30,83,0.9143225605343467,-0.34149076361561087
noninteger_bin_demo,30,84,0.9388277151785391,0.04328158814037192
noninteger_bin_demo,30,85,0.9069278161206921,0.49048610488954364
noninteger_bin_demo,30,86,0.6123865728059887,0.765769958165489
noninteger_bin_demo,30,87,0.25248453706565377,0.9691176287808133
noninteger_bin_demo,30,88,-0.13691758062124829,0.9911220820672415
noninteger_bin_demo,30,89,-0.566226247823532,0.866702349269972
noninteger_bin_demo,30,90,-0.7863771183450131,0.576009020933168
noninteger_bin_demo,30,91,-1.017271255345493,0.17189915161995142
noninteger_bin_demo,30,92,-0.985189581315802,-0.20706074321102225
noninteger_bin_demo,30,93,-0.8439741383347088,-0.5425578641677327
noninteger_bin_demo,30,94,-0.5425315830427893,-0.8390273390028195
noninteger_bin_demo,30,95,-0.19250390069596307,-0.9794551788194986
noninteger_bin_demo,30,96,0.24010959361518025,-0.9770886467499006
noninteger_bin_demo,30,97,0.6495065507900472,-0.8147131145202645
noninteger_bin_demo,30,98,0.9254460194457791,-0.4659616596024462
noninteger_bin_demo,30,99,1.0028870671426937,-0.041550150037118844
noninteger_bin_demo,30,100,0.9423067341450803,0.31197864462727204
noninteger_bin_demo,30,101,0.7353197446255088,0.692522143046217
noninteger_bin_demo,30,102,0.4105409192308553,0.927093865931783
noninteger_bin_demo,30,103,-0.012334582868408453,1.003010088455604
noninteger_bin_demo,30,104,-0.40911058032777337,0.9511580254632466
noninteger_bin_demo,30,105,-0.7011771209031799,0.6570999513715833
noninteger_bin_demo,30,106,-0.982457524110156,0.2889925769486344
noninteger_bin_demo,30,107,-0.9605304806226033,-0.07871431446667619
noninteger_bin_demo,30,108,-0.9194855750781015,-0.37996716349807014
noninteger_bin_demo,30,109,-0.6056905222106157,-0.7789354170188475
noninteger_bin_demo,30,110,-0.30698083416723904,-1.0058319952249863
noninteger_bin_demo,30,111,0.14102664216575408,-0.9957246758630458
noninteger_bin_demo,30,112,0.5304905621582737,-0.8495026260327555
noninteger_bin_demo,30,113,0.7997667133339247,-0.601042254553909
noninteger_bin_demo,30,114,0.9922005824444007,-0.2233882738090607
noninteger_bin_demo,30,115,0.9635929491072918,0.16147878518542838
noninteger_bin_demo,30,116,0.7747276322334051,0.5449501422506289
noninteger_bin_demo,30,117,0.5858208346581464,0.9053842482489273
noninteger_bin_demo,30,118,0.16280453899898278,1.0056552056626007
noninteger_bin_demo,30,119,-0.2676264459708823,0.9582376113784117
noninteger_bin_demo,30,120,-0.673825603794912,0.7820589477372896
noninteger_bin_demo,30,121,-0.9416973941163934,0.4402263888428248
noninteger_bin_demo,30,122,-1.0048392499888132,0.06701360406816215
noninteger_bin_demo,30,123,-0.9610808427628562,-0.31998742412598424
noninteger_bin_demo,30,124,-0.7200000996288582,-0.7172521690970419
noninteger_bin_demo,30,125,-0.3775947487844412,-0.9425109556128998
noninteger_bin_demo,30,126,-0.025768898881113132,-0.9655191777880733
noninteger_bin_demo,30,127,0.437611471801095,-0.9230866941506691
noninteger_bin_demo,31,0,-0.775425955414014,-0.6757904661069448
noninteger_bin_demo,31,1,-0.4406470620629264,-0.8654435796598409
noninteger_bin_demo,31,2,0.038809011965880616,-1.0498945297987472
noninteger_bin_demo,31,3,0.4001754151274366,-0.931595806408517
noninteger_bin_demo,31,4,0.7112938634563933,-0.694942804853808
noninteger_bin_demo,31,5,0.9430562924308278,-0.3095067827021545
noninteger_bin_demo,31,6,1.0324653820183503,0.06490837575920856
noninteger_bin_demo,31,7,0.9342757100813579,0.4186937595939883
noninteger_bin_demo,31,8,0.6750551753165517,0.7047417288181553
noninteger_bin_demo,31,9,0.28085465539994736,0.9302096162729434
noninteger_bin_demo,31,10,-0.07197092079685241,1.0197936520869686
noninteger_bin_demo,31,11,-0.4940874473094297,0.8769316472754941
noninteger_bin_demo,31,12,-0.8129040349667839,0.5968137522955181
noninteger_bin_demo,31,13,-0.9380859225334688,0.2198916162256868
noninteger_bin_demo,31,14,-1.0073184217068867,-0.16694725149775488
noninteger_bin_demo,31,15,-0.8518088384161825,-0.5315934970135738
noninteger_bin_demo,31,16,-0.5162690962152714,-0.8169822550744662
noninteger_bin_demo,31,17,-0.15559603614359657,-0.9708917221644678
noninteger_bin_demo,31,18,0.26607233254172363,-1.009264466638988
noninteger_bin_demo,31,19,0.6099755323839902,-0.7415946592674462
noninteger_bin_demo,31,20,0.8810203658324532,-0.48838565125412686
noninteger_bin_demo,31,21,0.9620974639600716,-0.05522735871414342
noninteger_bin_demo,31,22,0.9346934649829121,0.3006543379524563
noninteger_bin_demo,31,23,0.6429696987326612,0.6587471508683896
noninteger_bin_demo,31,24,0.3741348961306848,0.8869380973923894
noninteger_bin_demo,31,25,0.007393726369708474,0.9798529523131063
noninteger_bin_demo,31,26,-0.41226124994408947,0.918904040893355
noninteger_bin_demo,31,27,-0.6610569226207683,0.7140335949184331
noninteger_bin_demo,31,28,-0.948464444428911,0.3213337217962172
noninteger_bin_demo,31,29,-0.9829732230964967,-0.03034359159456065
noninteger_bin_demo,31,30,-0.924695450090641,-0.43025734702509033
noninteger_bin_demo,31,31,-0.6549047004698987,-0.7533146659333724
noninteger_bin_demo,31,32,-0.3093409909122839,-0.9575018477383993
noninteger_bin_demo,31,33,0.12078528992550762,-0.9713276934201406
noninteger_bin_demo,31,34,0.4997149912175804,-0.863446936345744
noninteger_bin_demo,31,35,0.7822301295976183,-0.6106333945627933
noninteger_bin_demo,31,36,1.0151569996100234,-0.2283551967790462
noninteger_bin_demo,31,37,1.0126683534328316,0.17560660932881472
noninteger_bin_demo,31,38,0.8229785692641292,0.5215905923025863
noninteger_bin_demo,31,39,0.5654741620101313,0.826332967477335
noninteger_bin_demo,31,40,0.15223744753150295,0.958980709827703
noninteger_bin_demo,31,41,-0.24353121512558876,0.9553166855027533
noninteger_bin_demo,31,42,-0.547888822862343,0.7502091268779347
noninteger_bin_demo,31,43,-0.8705664906047618,0.49320184648422316
noninteger_bin_demo,31,44,-0.9798460648654188,0.12387235880505772
noninteger_bin_demo,31,45,-0.9287546762367038,-0.36956340360834256
noninteger_bin_demo,31,46,-0.6953818782410618,-0.6633289784050226
noninteger_bin_demo,31,47,-0.4013856850731353,-0.9363090747079003
noninteger_bin_demo,31,48,0.01673707365103519,-0.9691223241264729
noninteger_bin_demo,31,49,0.38957317335480707,-0.9272761008624071
noninteger_bin_demo,31,50,0.7262020906278088,-0.6113809139363475
noninteger_bin_demo,31,51,0.8868196524767814,-0.4210824243523767
noninteger_bin_demo,31,52,1.048447655000661,0.00617911877655445
noninteger_bin_demo,31,53,0.9259769282545572,0.39945195564995345
noninteger_bin_demo,31,54,0.6420229757857728,0.8402027230205855
noninteger_bin_demo,31,55,0.31559152811275243,0.9897934373650032
noninteger_bin_demo,31,56,-0.1286051587048554,1.0416527811416687
noninteger_bin_demo,31,57,-0.5220629174632017,0.851023902040576
noninteger_bin_demo,31,58,-0.7799468046774622,0.5901272642782998
noninteger_bin_demo,31,59,-1.0123414619320918,0.27811797193084775
noninteger_bin_demo,31,60,-0.9565705933127564,-0.1814810011522714
noninteger_bin_demo,31,61,-0.8082772506526935,-0.5894145530642426
noninteger_bin_demo,31,62,-0.547682340028872,-0.8560821315619626
noninteger_bin_demo,31,63,-0.14942853672236853,-0.9598243239472244
noninteger_bin_demo,31,64,0.26566916044872985,-0.9510840636017338
noninteger_bin_demo,31,65,0.6669426984685527,-0.8143843971795105
noninteger_bin_demo,31,66,0.8048798855610164,-0.4519852708256325
noninteger_bin_demo,31,67,1.0402980228433913,-0.09399344924428249
noninteger_bin_demo,31,68,0.9626191871558298,0.2801961876927884
noninteger_bin_demo,31,69,0.7857390912643144,0.6666967740044579
noninteger_bin_demo,31,70,0.41152392286285,0.8966517637196818
noninteger_bin_demo,31,71,0.027606869245017967,1.0164545274837522
noninteger_bin_demo,31,72,-0.40253943703828776,0.961451597279296
noninteger_bin_demo,31,73,-0.7155420268206079,0.7203149472156862
noninteger_bin_demo,31,74,-0.9327346794614031,0.3484432936638312
noninteger_bin_demo,31,75,-1.0490493469067086,-0.055117895635202606
noninteger_bin_demo,31,76,-0.9212648977638791,-0.4524610081423454
noninteger_bin_demo,31,77,-0.6461272612849731,-0.7419778054386362
noninteger_bin_demo,31,78,-0.238187167011364,-0.9137004355224815
noninteger_bin_demo,31,79,0.10802805903206694,-1.032274880362547
noninteger_bin_demo,31,80,0.4644476742448452,-0.8651220985689791
noninteger_bin_demo,31,81,0.7481136063740497,-0.5802593803424501
noninteger_bin_demo,31,82,0.9527477428310007,-0.20501393965477263
noninteger_bin_demo,31,83,0.9284434151303146,0.20900587105528365
noninteger_bin_demo,31,84,0.7924898029511185,0.5544283398479033
noninteger_bin_demo,31,85,0.5745852773485619,0.8818642812548569
noninteger_bin_demo,31,86,0.13946866893265034,1.020349810143847
noninteger_bin_demo,31,87,-0.2455671445114762,0.9052508460242186
noninteger_bin_demo,31,88,-0.6086834478952549,0.7824318266351376
noninteger_bin_demo,31,89,-0.9085682811762028,0.5031372788249003
noninteger_bin_demo,31,90,-0.9672443900471513,0.06430531734327438
noninteger_bin_demo,31,91,-0.9486712873022562,-0.27049463412588154
noninteger_bin_demo,31,92,-0.7396017162571801,-0.7046005251876478
noninteger_bin_demo,31,93,-0.44229483357931354,-0.9551444193420806
noninteger_bin_demo,31,94,-0.05501707395730895,-0.9476984515846807
noninteger_bin_demo,31,95,0.4308730687422291,-0.8956108754167045
noninteger_bin_demo,31,96,0.7221204953679407,-0.665107688204752
noninteger_bin_demo,31,97,0.892910549989606,-0.3820128970709836
noninteger_bin_demo,31,98,1.0112336869618377,0.1057844604469301
noninteger_bin_demo,31,99,0.9098516539672458,0.4054974059924664
noninteger_bin_demo,31,100,0.6386062617681313,0.8009400931326333
noninteger_bin_demo,31,101,0.31484987356781335,0.9271921067450324
noninteger_bin_demo,31,102,-0.13796722112625603,0.9593972333853488
noninteger_bin_demo,31,103,-0.500407671376489,0.9093392225269913
noninteger_bin_demo,31,104,-0.8056335126076211,0.6399403457774722
noninteger_bin_demo,31,105,-0.9932999271420007,0.2695087702894787
noninteger_bin_demo,31,106,-1.0481905614344356,-0.17154961313145095
noninteger_bin_demo,31,107,-0.8121444195550074,-0.5610070125159962
noninteger_bin_demo,31,108,-0.56576726593196,-0.8590880952358367
noninteger_bin_demo,31,109,-0.17829510441139684,-0.9594572438797802
noninteger_bin_demo,31,110,0.26635708255122426,-0.9860515255351949
noninteger_bin_demo,31,111,0.6170486640458709,-0.7261521306025328
noninteger_bin_demo,31,112,0.8733246315144304,-0.491803391642682
noninteger_bin_demo,31,113,0.9904029171159275,-0.05976975860194738
noninteger_bin_demo,31,114,0.9374863559817517,0.34087226980516816
noninteger_bin_demo,31,115,0.8129050240994605,0.6369994116880066
noninteger_bin_demo,31,116,0.4107431979199694,0.858792895131587
noninteger_bin_demo,31,117,0.009411603482543307,1.0247827933635825
noninteger_bin_demo,31,118,-0.35134672271576894,0.8997546523312537
noninteger_bin_demo,31,119,-0.7968074171996276,0.6681555643988114
noninteger_bin_demo,31,120,-0.9055687203050148,0.36837014720540634
noninteger_bin_demo,31,121,-1.0218975414499942,-0.03715681595701876
noninteger_bin_demo,31,122,-0.9171867021126036,-0.4798766740829879
noninteger_bin_demo,31,123,-0.6354524313561378,-0.6980107454681628
noninteger_bin_demo,31,124,-0.25410235679279425,-0.9585991410678862
noninteger_bin_demo,31,125,0.11815695267204616,-0.9946140000633111
noninteger_bin_demo,31,126,0.49263802521420774,-0.8541977635517786
noninteger_bin_demo,31,127,0.8255194121853014,-0.5939813473281467
noninteger_bin_demo,32,0,-0.33438566095093514,-0.9653949623774949
noninteger_bin_demo,32,1,0.08066418672682328,-1.0336230730014022
noninteger_bin_demo,32,2,0.4378749991536263,-0.8735562414000828
noninteger_bin_demo,32,3,0.7620443469998422,-0.6108232757685796
noninteger_bin_demo,32,4,0.9728753152006225,-0.2229071078908226
noninteger_bin_demo,32,5,0.9491583290741927,0.20156372492894903
noninteger_bin_demo,32,6,0.8662244791158737,0.5551682630498702
noninteger_bin_demo,32,7,0.5838619635482348,0.8069889846245109
noninteger_bin_demo,32,8,0.18327832725689075,0.9690310987964333
noninteger_bin_demo,32,9,-0.23058095178323906,0.9799280350981684
noninteger_bin_demo,32,10,-0.5953557606913891,0.8085639196684193
noninteger_bin_demo,32,11,-0.9027739959822723,0.4554722139173006
noninteger_bin_demo,32,12,-0.9850025988558367,0.043529322279180674
noninteger_bin_demo,32,13,-1.0190417450918323,-0.24120544267008376
noninteger_bin_demo,32,14,-0.7155543926599786,-0.6493219532594925
noninteger_bin_demo,32,15,-0.4220686254613015,-0.8707220899415588
noninteger_bin_demo,32,16,-0.06288007978457161,-0.9986786251601616
noninteger_bin_demo,32,17,0.34990168101760544,-0.9385931200236882
noninteger_bin_demo,32,18,0.6271618779598149,-0.7329798638484405
noninteger_bin_demo,32,19,0.9232556431833695,-0.39363167723844855
noninteger_bin_demo,32,20,1.0446448591356925,0.009317392217088237
noninteger_bin_demo,32,21,0.93343024807172,0.46093885490640374
noninteger_bin_demo,32,22,0.6356418314277447,0.7768942621668373
noninteger_bin_demo,32,23,0.27627067121183396,0.9536557532489811
noninteger_bin_demo,32,24,-0.11184280766997776,0.9902763839460449
noninteger_bin_demo,32,25,-0.47373849371806526,0.8266331848965269
noninteger_bin_demo,32,26,-0.7784218949302468,0.5476039200715326
noninteger_bin_demo,32,27,-1.0390426269634523,0.24581633637412534
noninteger_bin_demo,32,28,-0.9537637352122318,-0.12377260223327821
noninteger_bin_demo,32,29,-0.8544966267999993,-0.5380707331122958
noninteger_bin_demo,32,30,-0.5159305205831517,-0.8599798562773793
noninteger_bin_demo,32,31,-0.1784924474711424,-1.0113274504632324
noninteger_bin_demo,32,32,0.25484714106646217,-0.972696434149057
noninteger_bin_demo,32,33,0.5324871191343833,-0.8255564959403756
noninteger_bin_demo,32,34,0.8945278386307615,-0.47511559652619373
noninteger_bin_demo,32,35,1.0197333406968003,-0.08666684173172373
noninteger_bin_demo,32,36,0.9613603268711525,0.2802147954274352
noninteger_bin_demo,32,37,0.7495640254022141,0.6809327315931644
noninteger_bin_demo,32,38,0.4116479806631549,0.8790357296291965
noninteger_bin_demo,32,39,0.026879445766164453,1.01618544734853
noninteger_bin_demo,32,40,-0.35237328323014017,0.8929394660916489
noninteger_bin_demo,32,41,-0.7327319436549319,0.7242015083380031
noninteger_bin_demo,32,42,-0.9325215169219133,0.3498697597170206
noninteger_bin_demo,32,43,-1.0266586383275318,-0.039575207818687966
noninteger_bin_demo,32,44,-0.8847196462847787,-0.4611455838619116
noninteger_bin_demo,32,45,-0.6307314882208581,-0.7675106701937818
noninteger_bin_demo,32,46,-0.2915876404004941,-0.926763725651077
noninteger_bin_demo,32,47,0.10756103791300346,-0.9995836992929558
noninteger_bin_demo,32,48,0.49269481446729446,-0.8554112052000332
noninteger_bin_demo,32,49,0.7951874831933443,-0.5464275071191694
noninteger_bin_demo,32,50,0.9339750397109582,-0.22230138912114994
noninteger_bin_demo,32,51,0.9907840316056291,0.17697381942366636
noninteger_bin_demo,32,52,0.8340147116647487,0.5163416477911134
noninteger_bin_demo,32,53,0.5214756523124808,0.8157343506119749
noninteger_bin_demo,32,54,0.15896351251293803,1.0036619053692897
noninteger_bin_demo,32,55,-0.2797561563416813,0.960522738890831
noninteger_bin_demo,32,56,-0.6211938547652469,0.8270859834431212
noninteger_bin_demo,32,57,-0.9098994370012673,0.4899951561587833
noninteger_bin_demo,32,58,-1.0018552640770135,0.14055509285853413
noninteger_bin_demo,32,59,-0.9576091742570116,-0.33919621424419155
noninteger_bin_demo,32,60,-0.7194228723869456,-0.6503327222787362
noninteger_bin_demo,32,61,-0.4177124821107039,-0.9220966671937603
noninteger_bin_demo,32,62,-0.010910455296985422,-1.0069828336710973
noninteger_bin_demo,32,63,0.3522650404692167,-0.9691639241014252
noninteger_bin_demo,32,64,0.6836801348910599,-0.7352810233792645
noninteger_bin_demo,32,65,0.9429790508756299,-0.37234333962179256
noninteger_bin_demo,32,66,1.0118392349976977,0.06731996788256181
noninteger_bin_demo,32,67,0.8872066639632546,0.4325308616113859
noninteger_bin_demo,32,68,0.6605137401657646,0.7182693200207219
noninteger_bin_demo,32,69,0.3011787136137476,0.9646517581812211
noninteger_bin_demo,32,70,-0.09029334457260202,0.9997969976900473
noninteger_bin_demo,32,71,-0.4377244338974382,0.8578168625479756
noninteger_bin_demo,32,72,-0.7869004760537394,0.5799384506204193
noninteger_bin_demo,32,73,-1.0064334052595185,0.23993727647333257
noninteger_bin_demo,32,74,-1.016011756750012,-0.17349608778027012
noninteger_bin_demo,32,75,-0.8747488325855679,-0.5322011187347073
noninteger_bin_demo,32,76,-0.58857593344256,-0.8213743512507484
noninteger_bin_demo,32,77,-0.15552248758175596,-0.9706710064978705
noninteger_bin_demo,32,78,0.20453356118867183,-1.025359656824149
noninteger_bin_demo,32,79,0.6114548575448799,-0.7645159741273733
noninteger_bin_demo,32,80,0.9135555689066839,-0.4928926859234148
noninteger_bin_demo,32,81,0.9513921318177684,-0.08884335672227019
noninteger_bin_demo,32,82,0.937980610213573,0.29560463146535426
noninteger_bin_demo,32,83,0.7530155161297905,0.6805588000774379
noninteger_bin_demo,32,84,0.4722070278815124,0.9046983291135621
noninteger_bin_demo,32,85,-0.0143091374754514,0.9540819659868417
noninteger_bin_demo,32,86,-0.3755283269066691,0.9374306360445458
noninteger_bin_demo,32,87,-0.7181806207484713,0.6718497076055657
noninteger_bin_demo,32,88,-0.9556459887538848,0.43200389888126184
noninteger_bin_demo,32,89,-1.0208153612879642,-0.046980736865860295
noninteger_bin_demo,32,90,-0.937663083874001,-0.4887807553531821
noninteger_bin_demo,32,91,-0.6702551599646424,-0.7518037494265398
noninteger_bin_demo,32,92,-0.2838128331955648,-0.9778656179569329
noninteger_bin_demo,32,93,0.08411698419189409,-1.018652748308773
noninteger_bin_demo,32,94,0.491392069471748,-0.8823635632237713
noninteger_bin_demo,32,95,0.8309037555811472,-0.602654204231863
noninteger_bin_demo,32,96,0.9835903861586093,-0.18764731903968596
noninteger_bin_demo,32,97,1.0028453738652017,0.19349258106059408
noninteger_bin_demo,32,98,0.8497374571558194,0.5652605538938924
noninteger_bin_demo,32,99,0.5883697822050248,0.9111231036397649
noninteger_bin_demo,32,100,0.2113594228901094,0.9829953310809177
noninteger_bin_demo,32,101,-0.22179751441311552,0.9923393171069749
noninteger_bin_demo,32,102,-0.559522826666248,0.786533695282598
noninteger_bin_demo,32,103,-0.860116290437247,0.5013939132343649
noninteger_bin_demo,32,104,-0.9922123722182467,0.0971081978104334
noninteger_bin_demo,32,105,-0.917544135222438,-0.3556843150566208
noninteger_bin_demo,32,106,-0.7419841401633503,-0.6803991633257259
noninteger_bin_demo,32,107,-0.39080234640916883,-0.9138754625724697
noninteger_bin_demo,32,108,-0.022842779827881687,-1.0272178403628063
noninteger_bin_demo,32,109,0.3544600419479774,-0.9258177866374762
noninteger_bin_demo,32,110,0.7172670060487428,-0.7001776615955151
noninteger_bin_demo,32,111,0.9135304149978036,-0.35881164179374253
noninteger_bin_demo,32,112,0.9700200192660221,0.04489239499580298
noninteger_bin_demo,32,113,0.8914857042880774,0.4265775647007725
noninteger_bin_demo,32,114,0.6338643330080349,0.7389120712590993
noninteger_bin_demo,32,115,0.2835823686544094,0.9414836121921895
noninteger_bin_demo,32,116,-0.12697486179655723,0.9124605201455769
noninteger_bin_demo,32,117,-0.5056242976742154,0.8611085889923806
noninteger_bin_demo,32,118,-0.8941176925728291,0.6002939296680831
noninteger_bin_demo,32,119,-0.9380801316799876,0.27605631113364837
noninteger_bin_demo,32,120,-0.8976672161955404,-0.1874112496494294
noninteger_bin_demo,32,121,-0.8245007451641283,-0.6404217609612778
noninteger_bin_demo,32,122,-0.5531761214435892,-0.8282521577522325
noninteger_bin_demo,32,123,-0.19405989606941676,-1.0496658605497464
noninteger_bin_demo,32,124,0.2105066750110564,-0.9371446975873766
noninteger_bin_demo,32,125,0.6241910216765988,-0.7697572781800817
noninteger_bin_demo,32,126,0.8884488362892747,-0.4735142750860442
noninteger_bin_demo,32,127,1.0116867773711469,-0.11131728062199381
noninteger_bin_demo,33,0,0.21491731699313427,-0.9804220429676029
noninteger_bin_demo,33,1,0.56631453639386,-0.8415697656847313
noninteger_bin_demo,33,2,0.8470614655781294,-0.5524700546609269
noninteger_bin_demo,33,3,0.9973518082547878,-0.12426428771398934
noninteger_bin_demo,33,4,0.9734019910295814,0.26319168744405497
noninteger_bin_demo,33,5,0.7217232082433828,0.6485921391224558
noninteger_bin_demo,33,6,0.43186505828495364,0.8777844916914033
noninteger_bin_demo,33,7,0.03217550478470087,1.0329175071071535
noninteger_bin_demo,33,8,-0.3092205481044528,0.9413555652886908
noninteger_bin_demo,33,9,-0.7372905799699184,0.6687840756484849
noninteger_bin_demo,33,10,-0.8937396922162884,0.35772897462873765
noninteger_bin_demo,33,11,-0.9718781393235189,-0.05557461453411498
noninteger_bin_demo,33,12,-0.8995165892266896,-0.4007937601363244
noninteger_bin_demo,33,13,-0.663314724355476,-0.7626616185900108
noninteger_bin_demo,33,14,-0.3231015585490478,-0.9691507244313953
noninteger_bin_demo,33,15,0.10837028983070707,-0.9832395908979679
noninteger_bin_demo,33,16,0.44969550287639054,-0.9757806851148263
noninteger_bin_demo,33,17,0.7753208421630813,-0.6035352113287036
noninteger_bin_demo,33,18,0.9434332878486712,-0.2396370665118113
noninteger_bin_demo,33,19,0.9584360228010717,0.0918869690358261
noninteger_bin_demo,33,20,0.8392054947591654,0.48325675197454976
noninteger_bin_demo,33,21,0.5205458587520497,0.8133205749493866
noninteger_bin_demo,33,22,0.22986663512171915,0.9441617533543178
noninteger_bin_demo,33,23,-0.19857645195606036,0.9845295423277922
noninteger_bin_demo,33,24,-0.5750482272492629,0.8323459051065947
noninteger_bin_demo,33,25,-0.8670200922115543,0.49954326623104234
noninteger_bin_demo,33,26,-0.9451324900927003,0.19285110825179497
noninteger_bin_demo,33,27,-0.9597311014472633,-0.2525859179803262
noninteger_bin_demo,33,28,-0.8150447399318405,-0.6563589369512861
noninteger_bin_demo,33,29,-0.40575834318973025,-0.8816375331955333
noninteger_bin_demo,33,30,-0.0527591289647248,-1.025774101470829
noninteger_bin_demo,33,31,0.35305793854648576,-0.9518825312570875
noninteger_bin_demo,33,32,0.6938821791737169,-0.7111467254739415
noninteger_bin_demo,33,33,0.925763688010247,-0.42117090475654084
noninteger_bin_demo,33,34,0.9641133585808144,0.052766697318149994
noninteger_bin_demo,33,35,0.9407498547445707,0.3933177897625758
noninteger_bin_demo,33,36,0.6349843427733237,0.7435446269272032
noninteger_bin_demo,33,37,0.29742254621399916,0.9135109393099381
noninteger_bin_demo,33,38,-0.1177450478965387,1.0063353076866453
noninteger_bin_demo,33,39,-0.44301438852350905,0.9052897501396874
noninteger_bin_demo,33,40,-0.827652200182643,0.6432237443507421
noninteger_bin_demo,33,41,-0.9528283933298979,0.25122816595110264
noninteger_bin_demo,33,42,-0.9846144100945841,-0.15795923351149033
noninteger_bin_demo,33,43,-0.8169981333159951,-0.566564451085173
noninteger_bin_demo,33,44,-0.5540840419556652,-0.7647214425071205
noninteger_bin_demo,33,45,-0.2251745085627273,-0.990713257430162
noninteger_bin_demo,33,46,0.2601339945330277,-1.0256428881253996
noninteger_bin_demo,33,47,0.6333090959053045,-0.7860890348598587
noninteger_bin_demo,33,48,0.8117316581032611,-0.5661596408055453
noninteger_bin_demo,33,49,0.9583429853641681,-0.08593433604567259
noninteger_bin_demo,33,50,0.9562466581621291,0.24927223358107486
noninteger_bin_demo,33,51,0.7666229157425757,0.6444096983114979
noninteger_bin_demo,33,52,0.46778575226824526,0.8524367439291035
noninteger_bin_demo,33,53,0.04471286437539876,1.0574074662145714
noninteger_bin_demo,33,54,-0.3282120746544497,0.9324864670712766
noninteger_bin_demo,33,55,-0.7068464889045825,0.7107444438503301
noninteger_bin_demo,33,56,-0.8971031340962179,0.41993274256316343
noninteger_bin_demo,33,57,-0.9928123837794042,0.020847979626124988
noninteger_bin_demo,33,58,-0.904660267163448,-0.3784468773973808
noninteger_bin_demo,33,59,-0.6677892327036434,-0.7433776715597541
noninteger_bin_demo,33,60,-0.31510201601650273,-0.8874946362325027
noninteger_bin_demo,33,61,0.049901495161113876,-1.003682461228574
noninteger_bin_demo,33,62,0.4862014904767681,-0.9123188282431641
noninteger_bin_demo,33,63,0.7802968589345975,-0.5952422940727639
noninteger_bin_demo,33,64,0.9955945384323327,-0.256325114073733
noninteger_bin_demo,33,65,1.0526380376823539,0.11444156726618615
noninteger_bin_demo,33,66,0.884131198966187,0.5567628990370312
noninteger_bin_demo,33,67,0.5514342022006891,0.8063273170016979
noninteger_bin_demo,33,68,0.21137958013811992,0.9672326063889584
noninteger_bin_demo,33,69,-0.2527546922100824,1.0330474892697996
noninteger_bin_demo,33,70,-0.6093038648472908,0.7691475315298826
noninteger_bin_demo,33,71,-0.8544363991145455,0.5340117677120264
noninteger_bin_demo,33,72,-1.0338282636106741,0.08253899946493104
noninteger_bin_demo,33,73,-0.9745743291050667,-0.300670453996741
noninteger_bin_demo,33,74,-0.7436337896950543,-0.6646414963157651
noninteger_bin_demo,33,75,-0.4594282549331504,-0.9161806530438404
noninteger_bin_demo,33,76,-0.06411411703588925,-0.9403287221072022
noninteger_bin_demo,33,77,0.3281192730402208,-0.9003416276819979
noninteger_bin_demo,33,78,0.6804046921535091,-0.7414388860659411
noninteger_bin_demo,33,79,0.9040430844762269,-0.3995321452091597
noninteger_bin_demo,33,80,0.9485357677087598,0.04341259627569419
noninteger_bin_demo,33,81,0.9085151651137546,0.44074146114721985
noninteger_bin_demo,33,82,0.7206013778976211,0.7375552030649432
noninteger_bin_demo,33,83,0.3029758358320399,0.9363309900878448
noninteger_bin_demo,33,84,-0.08675505217224011,1.0029421191928467
noninteger_bin_demo,33,85,-0.5575049910400958,0.8968114587539863
noninteger_bin_demo,33,86,-0.8348848152280125,0.5985420390674652
noninteger_bin_demo,33,87,-0.975624624931137,0.2190744764530882
noninteger_bin_demo,33,88,-1.00041422703737,-0.1418003876973668
noninteger_bin_demo,33,89,-0.8473462359019259,-0.5405045275478955
noninteger_bin_demo,33,90,-0.6088925860253389,-0.8183569171864581
noninteger_bin_demo,33,91,-0.18347356639280962,-0.9945593438256776
noninteger_bin_demo,33,92,0.2534896362040035,-0.9478343287364508
noninteger_bin_demo,33,93,0.5824124691417419,-0.8111710338464729
noninteger_bin_demo,33,94,0.8369597637496264,-0.48203824253120653
noninteger_bin_demo,33,95,0.9922560742287948,-0.045130134366399344
noninteger_bin_demo,33,96,0.9501111956113691,0.33151415063036943
noninteger_bin_demo,33,97,0.7133153484349442,0.649601312645926
noninteger_bin_demo,33,98,0.37582064082448335,0.9285009697716731
noninteger_bin_demo,33,99,0.07439072392460161,1.0193115196547797
noninteger_bin_demo,33,100,-0.3439743668154334,0.8914474665468856
noninteger_bin_demo,33,101,-0.6844725236356844,0.7338438304414672
noninteger_bin_demo,33,102,-0.9379667010319962,0.36132164953686335
noninteger_bin_demo,33,103,-0.9933450121556989,-0.055769934571054676
noninteger_bin_demo,33,104,-0.9112872440382068,-0.40303624750102096
noninteger_bin_demo,33,105,-0.6702329567444968,-0.7314554072390668
noninteger_bin_demo,33,106,-0.27591840247849336,-0.9545616614261226
noninteger_bin_demo,33,107,0.08848004856144107,-0.9910227059903869
noninteger_bin_demo,33,108,0.49941620204769865,-0.9016184867657356
noninteger_bin_demo,33,109,0.7503902121890778,-0.6240039321123299
noninteger_bin_demo,33,110,1.030707096073513,-0.2478806233236953
noninteger_bin_demo,33,111,0.961565392960609,0.15861629703101587
noninteger_bin_demo,33,112,0.9129837024964416,0.5567248192599025
noninteger_bin_demo,33,113,0.5585268809476885,0.7983751251288753
noninteger_bin_demo,33,114,0.21640815437648997,1.0170543075303895
noninteger_bin_demo,33,115,-0.24021313836138303,0.9831055873928956
noninteger_bin_demo,33,116,-0.6116377721692197,0.7768887817412728
noninteger_bin_demo,33,117,-0.853375417874143,0.5908060536619733
noninteger_bin_demo,33,118,-0.993903789561163,0.124112526851899
noninteger_bin_demo,33,119,-0.9678979805462258,-0.2741110192324228
noninteger_bin_demo,33,120,-0.7175918314561853,-0.6241752229004014
noninteger_bin_demo,33,121,-0.4664654457161668,-0.94318900118377
noninteger_bin_demo,33,122,-0.08230263402354224,-0.9950166517216157
noninteger_bin_demo,33,123,0.3331904692084649,-0.9594832871787431
noninteger_bin_demo,33,124,0.7680836748115897,-0.7916814284852594
noninteger_bin_demo,33,125,0.8897508536727696,-0.3579438431499416
noninteger_bin_demo,33,126,1.0277371775257498,0.023731951799250365
noninteger_bin_demo,33,127,0.8871370637373271,0.4308489168532674
noninteger_bin_demo,34,0,0.6450689154426652,-0.7951412118150617
noninteger_bin_demo,34,1,0.8823553825461663,-0.4063430936169243
noninteger_bin_demo,34,2,0.9744613761729377,-0.008599134268000715
noninteger_bin_demo,34,3,0.9207749340608868,0.3703772956787848
noninteger_bin_demo,34,4,0.7095522083082306,0.6928915805070497
noninteger_bin_demo,34,5,0.36967451714878585,0.9509350589947619
noninteger_bin_demo,34,6,-0.0963435882762387,1.0107354991259463
noninteger_bin_demo,34,7,-0.4028696072994151,0.8880331157770158
noninteger_bin_demo,34,8,-0.7848464210538074,0.607367130919606
noninteger_bin_demo,34,9,-0.987141408279089,0.3151699054235221
noninteger_bin_demo,34,10,-0.9618066806857717,-0.11045082227315989
noninteger_bin_demo,34,11,-0.8394251577598243,-0.49781623849419315
noninteger_bin_demo,34,12,-0.57688390152339,-0.8479737770843423
noninteger_bin_demo,34,13,-0.1765774415010577,-0.9275541513931943
noninteger_bin_demo,34,14,0.25064647264475665,-1.0072037302617494
noninteger_bin_demo,34,15,0.556450439541395,-0.8298817714666076
noninteger_bin_demo,34,16,0.8405389163776792,-0.5555073645693025
noninteger_bin_demo,34,17,1.0300137717245232,-0.14091913457926158
noninteger_bin_demo,34,18,0.9661465268533006,0.24547710098860437
noninteger_bin_demo,34,19,0.7526221167776374,0.6627963183246707
noninteger_bin_demo,34,20,0.45592300479119885,0.9095678233821828
noninteger_bin_demo,34,21,0.057687333989550255,0.9262656376048043
noninteger_bin_demo,34,22,-0.31127027417888214,0.8756751847016487
noninteger_bin_demo,34,23,-0.7357500234604754,0.7006082634405705
noninteger_bin_demo,34,24,-0.9393825399971234,0.38179538497463666
noninteger_bin_demo,34,25,-0.9731226816831023,-0.032838439180355
noninteger_bin_demo,34,26,-0.8887278344042052,-0.4307596718931506
noninteger_bin_demo,34,27,-0.7146753244724662,-0.7372465893052877
noninteger_bin_demo,34,28,-0.2815924986185206,-0.9620510943611456
noninteger_bin_demo,34,29,0.07730308536628533,-0.9808494902978122
noninteger_bin_demo,34,30,0.438372860101543,-0.858418270911932
noninteger_bin_demo,34,31,0.8262983199449052,-0.6510644170766524
noninteger_bin_demo,34,32,0.9791775381164735,-0.31238235403250364
noninteger_bin_demo,34,33,0.9506233607907953,0.10092032303242959
noninteger_bin_demo,34,34,0.8610802572025527,0.4573830428035213
noninteger_bin_demo,34,35,0.5571228525186657,0.8895906411884703
noninteger_bin_demo,34,36,0.20944349312760183,0.9538583756965187
noninteger_bin_demo,34,37,-0.14422438222682787,0.999636184444361
noninteger_bin_demo,34,38,-0.5403279948003754,0.7947295071257225
noninteger_bin_demo,34,39,-0.9075909802799829,0.49666033166868595
noninteger_bin_demo,34,40,-0.9441674662933965,0.1756384424964838
noninteger_bin_demo,34,41,-0.9668954906919173,-0.28061433725899754
noninteger_bin_demo,34,42,-0.7858085384190675,-0.6158904532696219
noninteger_bin_demo,34,43,-0.5201123988516488,-0.8800189450834286
noninteger_bin_demo,34,44,-0.10012500830675786,-0.9723569123464467
noninteger_bin_demo,34,45,0.3050249324955995,-0.9778005450204105
noninteger_bin_demo,34,46,0.6948351289869762,-0.7039479896306202
noninteger_bin_demo,34,47,0.9300860281088589,-0.411607680503076
noninteger_bin_demo,34,48,1.0425301375024543,0.02459117591151883
noninteger_bin_demo,34,49,0.8738208306054043,0.36392730726360256
noninteger_bin_demo,34,50,0.7089742590680977,0.6808502915043803
noninteger_bin_demo,34,51,0.40833546910613544,0.9781047324837441
noninteger_bin_demo,34,52,-0.09046279616859342,1.0251612157535615
noninteger_bin_demo,34,53,-0.46380915199999756,0.8600799459316075
noninteger_bin_demo,34,54,-0.7718553552693819,0.6104026256580763
noninteger_bin_demo,34,55,-0.9142964448105051,0.28292591481914453
noninteger_bin_demo,34,56,-0.9957832921496638,-0.15711764926650743
noninteger_bin_demo,34,57,-0.8400161416532511,-0.5436731152878143
noninteger_bin_demo,34,58,-0.549307480813933,-0.8612354601957143
noninteger_bin_demo,34,59,-0.20783585524691292,-0.9992873951995084
noninteger_bin_demo,34,60,0.22325777260687082,-0.9749781740498058
noninteger_bin_demo,34,61,0.6135877477215529,-0.8175520982462736
noninteger_bin_demo,34,62,0.89945661223575,-0.5851046506779073
noninteger_bin_demo,34,63,1.015699778820002,-0.10489478289836246
noninteger_bin_demo,34,64,0.9717055729826166,0.2308767891649183
noninteger_bin_demo,34,65,0.7307732170930094,0.5925959464088122
noninteger_bin_demo,34,66,0.4895012395586817,0.9053522728714691
noninteger_bin_demo,34,67,0.08296514883817943,1.031546474369598
noninteger_bin_demo,34,68,-0.3919097309619003,0.9899674688633259
noninteger_bin_demo,34,69,-0.6724390136843099,0.7412359485406504
noninteger_bin_demo,34,70,-0.9288657828628384,0.364651362323804
noninteger_bin_demo,34,71,-1.0013034752234709,0.01615356539675677
noninteger_bin_demo,34,72,-0.9240794499109878,-0.3878890097636827
noninteger_bin_demo,34,73,-0.6918108302552722,-0.7689270223750575
noninteger_bin_demo,34,74,-0.3178463472259503,-0.9102946097758391
noninteger_bin_demo,34,75,0.01865561070326347,-1.001452136440403
noninteger_bin_demo,34,76,0.48433467106892886,-0.9392929683285112
noninteger_bin_demo,34,77,0.7819710289891159,-0.6348066881704402
noninteger_bin_demo,34,78,1.0043516493148559,-0.2729349550858098
noninteger_bin_demo,34,79,1.0067351802896054,0.11985152510877964
noninteger_bin_demo,34,80,0.8491429313675902,0.47601670165738513
noninteger_bin_demo,34,81,0.6164674595012735,0.8537514357828422
noninteger_bin_demo,34,82,0.20361615769706612,0.9973515406884136
noninteger_bin_demo,34,83,-0.20188758959059722,0.902158063422711
noninteger_bin_demo,34,84,-0.56295159121763,0.8230434102317169
noninteger_bin_demo,34,85,-0.7667254071003207,0.5315765763847485
noninteger_bin_demo,34,86,-1.0354045037377766,0.11916556590617695
noninteger_bin_demo,34,87,-0.9943315045414047,-0.2546526241314773
noninteger_bin_demo,34,88,-0.773523934874657,-0.6297646073504676
noninteger_bin_demo,34,89,-0.45460378223653575,-0.892120876480677
noninteger_bin_demo,34,90,-0.022781112550815157,-1.007830382194889
noninteger_bin_demo,34,91,0.25871817275070086,-0.9537106470829235
noninteger_bin_demo,34,92,0.7248417468210275,-0.7546167155503914
noninteger_bin_demo,34,93,0.9410313272874186,-0.36467791161851404
noninteger_bin_demo,34,94,1.018032946857758,-0.007299321193024587
noninteger_bin_demo,34,95,0.9531533512687217,0.46260642030893273
noninteger_bin_demo,34,96,0.6874750445308144,0.7587432097482045
noninteger_bin_demo,34,97,0.35701576880104624,0.9566501956291618
noninteger_bin_demo,34,98,-0.06393146443110626,1.0202234199188296
noninteger_bin_demo,34,99,-0.4424369943621295,0.9027621685326275
noninteger_bin_demo,34,100,-0.819437766126792,0.6585461863625304
noninteger_bin_demo,34,101,-1.0475575161191255,0.2694779618575487
noninteger_bin_demo,34,102,-0.9936418512584823,-0.10375325838329746
noninteger_bin_demo,34,103,-0.8094121312472473,-0.5253920481241848
noninteger_bin_demo,34,104,-0.6050941642498975,-0.8159495982690098
noninteger_bin_demo,34,105,-0.21389055006066984,-0.952097739250447
noninteger_bin_demo,34,106,0.2436509312969668,-1.0269888865536239
noninteger_bin_demo,34,107,0.5591177769404891,-0.8295627106088135
noninteger_bin_demo,34,108,0.8729980532110831,-0.46109771772136193
noninteger_bin_demo,34,109,1.0267961213222705,-0.09637559009824545
noninteger_bin_demo,34,110,1.0031084008426436,0.2520187397077301
noninteger_bin_demo,34,111,0.7606911739595652,0.7115460333926867
noninteger_bin_demo,34,112,0.4812172461547198,0.9112911041897529
noninteger_bin_demo,34,113,0.07161670326272607,1.04767389986597
noninteger_bin_demo,34,114,-0.29473484817176604,0.9155163646162064
noninteger_bin_demo,34,115,-0.6664532927572854,0.7094201393097371
noninteger_bin_demo,34,116,-0.908295102764148,0.365754294990501
noninteger_bin_demo,34,117,-1.0112618595427514,-0.0021666249155499655
noninteger_bin_demo,34,118,-0.9430514562743098,-0.369224524452796
noninteger_bin_demo,34,119,-0.6856320352268493,-0.7165422832229825
noninteger_bin_demo,34,120,-0.3393106947769349,-0.9414832118631955
noninteger_bin_demo,34,121,0.06503849276603627,-1.0149446901884713
noninteger_bin_demo,34,122,0.49071350468868113,-0.9271145024708725
noninteger_bin_demo,34,123,0.7890659072733743,-0.5931616042936649
noninteger_bin_demo,34,124,1.0167231298265815,-0.25000973063346094
noninteger_bin_demo,34,125,0.9933398023260447,0.1665972082053486
noninteger_bin_demo,34,126,0.8533849993984113,0.4950948498770091
noninteger_bin_demo,34,127,0.6292984534021352,0.8380002607590926
noninteger_bin_demo,35,0,0.9298279024018447,-0.2857308353147105
noninteger_bin_demo,35,1,0.9860192652475752,0.07571249676956879
noninteger_bin_demo,35,2,0.8756272587864533,0.5147529389415726
noninteger_bin_demo,35,3,0.567434006534675,0.8038656557011059
noninteger_bin_demo,35,4,0.2319172853108723,0.9778141533617308
noninteger_bin_demo,35,5,-0.12068311828220249,0.9784407654118144
noninteger_bin_demo,35,6,-0.5275520659530346,0.8294449819294339
noninteger_bin_demo,35,7,-0.7973233291284606,0.5624800599462969
noninteger_bin_demo,35,8,-1.0092337981531396,0.15445950953427398
noninteger_bin_demo,35,9,-1.0420404768807896,-0.22983825746069153
noninteger_bin_demo,35,10,-0.7896243427075533,-0.5930299969736494
noninteger_bin_demo,35,11,-0.4927611240531057,-0.8546103065484301
noninteger_bin_demo,35,12,-0.12760210245685152,-1.0380905060730392
noninteger_bin_demo,35,13,0.30527343597960804,-0.9650843302937363
noninteger_bin_demo,35,14,0.6943167886324677,-0.7547228971343026
noninteger_bin_demo,35,15,0.9371491743389561,-0.4056624984506872
noninteger_bin_demo,35,16,1.0698320056310542,-0.03275578541434588
noninteger_bin_demo,35,17,0.8939000731981082,0.4210806422760942
noninteger_bin_demo,35,18,0.7064612972266173,0.7037962215653971
noninteger_bin_demo,35,19,0.33962317983629664,0.9100203290485971
noninteger_bin_demo,35,20,-0.047785253059166505,0.9722489302109778
noninteger_bin_demo,35,21,-0.4456392862942168,0.9222354239632087
noninteger_bin_demo,35,22,-0.7448160447937442,0.6322661427142204
noninteger_bin_demo,35,23,-0.9523223530111313,0.2740581523217178
noninteger_bin_demo,35,24,-1.0238768855340359,-0.07044099431451081
noninteger_bin_demo,35,25,-0.8184915322400279,-0.5443200049406265
noninteger_bin_demo,35,26,-0.6115267685944819,-0.8214727229560725
noninteger_bin_demo,35,27,-0.22771801036299014,-0.9687911903379531
noninteger_bin_demo,35,28,0.16300275116303287,-0.9137827621663166
noninteger_bin_demo,35,29,0.5289324495508947,-0.8955923204760547
noninteger_bin_demo,35,30,0.8145246739139503,-0.5642294711464234
noninteger_bin_demo,35,31,0.9817131265997461,-0.15294375018555253
noninteger_bin_demo,35,32,0.931825108811953,0.2752903421015038
noninteger_bin_demo,35,33,0.8231248220375548,0.5887016289301515
noninteger_bin_demo,35,34,0.5220333290420648,0.8704402985638792
noninteger_bin_demo,35,35,0.1294417817540126,1.0534843261204432
noninteger_bin_demo,35,36,-0.32492623755389793,0.9208364607286986
noninteger_bin_demo,35,37,-0.6813478418228704,0.7646490014248857
noninteger_bin_demo,35,38,-0.9282814572891167,0.42626211845690903
noninteger_bin_demo,35,39,-1.0483432450601649,0.039715128267854186
noninteger_bin_demo,35,40,-0.9100551121801097,-0.4266471824598382
noninteger_bin_demo,35,41,-0.6664971653519407,-0.7510497271552143
noninteger_bin_demo,35,42,-0.30268365591214097,-0.9287022209198534
noninteger_bin_demo,35,43,-0.002608635887250077,-1.011993667986232
noninteger_bin_demo,35,44,0.39946557802573024,-0.904698220920506
noninteger_bin_demo,35,45,0.746633184809053,-0.5991756548237618
noninteger_bin_demo,35,46,0.9448133390774356,-0.2058729299229879
noninteger_bin_demo,35,47,1.043328563468885,0.11467682314249614
noninteger_bin_demo,35,48,0.8710487690513734,0.5512195217009402
noninteger_bin_demo,35,49,0.5557962970286103,0.8219928355392115
noninteger_bin_demo,35,50,0.2419278275594578,0.9191698560361518
noninteger_bin_demo,35,51,-0.17221137029305172,0.9949492296844801
noninteger_bin_demo,35,52,-0.6010244405158733,0.8254033145723941
noninteger_bin_demo,35,53,-0.7991336469621473,0.5381126743923926
noninteger_bin_demo,35,54,-1.0196665433138028,0.17468622335537454
noninteger_bin_demo,35,55,-0.9429705895043536,-0.2401072477783216
noninteger_bin_demo,35,56,-0.7586380430069564,-0.6118235265186345
noninteger_bin_demo,35,57,-0.44687023830492306,-0.8492664699965258
noninteger_bin_demo,35,58,-0.06962627602102463,-0.9648217154345129
noninteger_bin_demo,35,59,0.3002365064740038,-0.9374362752871738
noninteger_bin_demo,35,60,0.6458582162652151,-0.741811173912886
noninteger_bin_demo,35,61,0.9421876308246512,-0.3958653619574649
noninteger_bin_demo,35,62,1.0281564267626002,-0.0635315830183105
noninteger_bin_demo,35,63,0.9331438607049295,0.3405506680569653
noninteger_bin_demo,35,64,0.7054571429998694,0.74213907253292
noninteger_bin_demo,35,65,0.31116209776447323,0.9240451690668471
noninteger_bin_demo,35,66,-0.07550687315108118,1.0078096724270567
noninteger_bin_demo,35,67,-0.5029058504204272,0.8749816371360762
noninteger_bin_demo,35,68,-0.7356429988875858,0.6049716371118347
noninteger_bin_demo,35,69,-0.950555679876671,0.3259108035382415
noninteger_bin_demo,35,70,-0.9560603897402816,-0.05566111791714365
noninteger_bin_demo,35,71,-0.8491838037489708,-0.5111713828901182
noninteger_bin_demo,35,72,-0.5981286932731422,-0.7354004183073054
noninteger_bin_demo,35,73,-0.17800210611734774,-0.9459403714977382
noninteger_bin_demo,35,74,0.20604884949745686,-1.0102618736612856
noninteger_bin_demo,35,75,0.5565799357833059,-0.8397615876604132
noninteger_bin_demo,35,76,0.8628153246599948,-0.5390109572678022
noninteger_bin_demo,35,77,0.9954728320173684,-0.2048596448780286
noninteger_bin_demo,35,78,0.9969976940144224,0.28566185701914987
noninteger_bin_demo,35,79,0.7526833026532159,0.5706135693420405
noninteger_bin_demo,35,80,0.47307056578297685,0.8585334423519668
noninteger_bin_demo,35,81,0.058952680334935385,0.9922752110472225
noninteger_bin_demo,35,82,-0.4163501250732725,0.9123227820201874
noninteger_bin_demo,35,83,-0.6478999210736199,0.7653627645428496
noninteger_bin_demo,35,84,-0.8839992226066629,0.41133763594354067
noninteger_bin_demo,35,85,-0.9995662736621493,-0.004928002134325177
noninteger_bin_demo,35,86,-0.9403285040895653,-0.35256444490649724
noninteger_bin_demo,35,87,-0.6573701789524224,-0.7536269687899153
noninteger_bin_demo,35,88,-0.3153276511080807,-0.947121336435764
noninteger_bin_demo,35,89,0.10113761865808595,-0.9847539978899995
noninteger_bin_demo,35,90,0.47547449148574,-0.9067317933657904
noninteger_bin_demo,35,91,0.7383920236381125,-0.6803286999821301
noninteger_bin_demo,35,92,0.9555554641505036,-0.2980364225020155
noninteger_bin_demo,35,93,0.9699066088803695,0.1329133892132502
noninteger_bin_demo,35,94,0.888703824945072,0.4846755908151074
noninteger_bin_demo,35,95,0.5824176125250402,0.8002436340754134
noninteger_bin_demo,35,96,0.17711373437888378,1.0112616474318197
noninteger_bin_demo,35,97,-0.20707493940144367,0.9317726085301685
noninteger_bin_demo,35,98,-0.535603148769397,0.8170576841840138
noninteger_bin_demo,35,99,-0.9000522136854988,0.5815054998412766
noninteger_bin_demo,35,100,-1.0424183852609108,0.08327909045348665
noninteger_bin_demo,35,101,-1.015790120976884,-0.2909375195066476
noninteger_bin_demo,35,102,-0.8296987911183294,-0.5655168919986377
noninteger_bin_demo,35,103,-0.44756841968605204,-0.8396271401743673
noninteger_bin_demo,35,104,-0.07021937968682114,-1.0470639589169375
noninteger_bin_demo,35,105,0.34285032700872137,-0.9034450347947539
noninteger_bin_demo,35,106,0.7212841119646234,-0.7233154417103467
noninteger_bin_demo,35,107,0.9352926475383179,-0.4133146163283431
noninteger_bin_demo,35,108,1.002401677640655,-0.06155731853037844
noninteger_bin_demo,35,109,0.9095601299878742,0.39861372156252306
noninteger_bin_demo,35,110,0.690859870069607,0.7128697690010377
noninteger_bin_demo,35,111,0.39086281956718916,0.9293075319928654
noninteger_bin_demo,35,112,-0.0676198658488752,0.9910789798811392
noninteger_bin_demo,35,113,-0.45523198377745094,0.8541968916925252
noninteger_bin_demo,35,114,-0.7918464763410866,0.6380752985759715
noninteger_bin_demo,35,115,-0.9673776937663825,0.28983829750006296
noninteger_bin_demo,35,116,-0.9722092087230039,-0.13355874591479944
noninteger_bin_demo,35,117,-0.8599936240396845,-0.4709056019694824
noninteger_bin_demo,35,118,-0.6391477767552196,-0.8043684837729597
noninteger_bin_demo,35,119,-0.21218574750565095,-1.008647373267647
noninteger_bin_demo,35,120,0.19927739248325274,-0.9474313220103392
noninteger_bin_demo,35,121,0.6490675973133857,-0.8093228259056345
noninteger_bin_demo,35,122,0.8788502015702906,-0.5500206295849547
noninteger_bin_demo,35,123,0.9904581078724566,-0.14169826585577983
noninteger_bin_demo,35,124,0.9680525583883139,0.2464982763776142
noninteger_bin_demo,35,125,0.7613728208230899,0.5885051926183182
noninteger_bin_demo,35,126,0.48169346773426164,0.903917328459021
noninteger_bin_demo,35,127,0.10433771238805031,1.0057940601678597
noninteger_bin_demo,36,0,1.0121438317670028,0.20411833605796098
noninteger_bin_demo,36,1,0.8106370505729347,0.6032726673129425
noninteger_bin_demo,36,2,0.529342318413142,0.8401366832383331
noninteger_bin_demo,36,3,0.08047869691083112,1.0040677217035574
noninteger_bin_demo,36,4,-0.25993737981058207,1.0074558849009205
noninteger_bin_demo,36,5,-0.6869965461775657,0.749746166370547
noninteger_bin_demo,36,6,-0.9016893858149448,0.46641734467210083
noninteger_bin_demo,36,7,-1.0488162176283613,-0.0015476192561274596
noninteger_bin_demo,36,8,-0.9614906543763884,-0.3916755081927265
noninteger_bin_demo,36,9,-0.7391611335305528,-0.6974197733094497
noninteger_bin_demo,36,10,-0.3025442887229836,-0.9464094780666875
noninteger_bin_demo,36,11,0.07676322768379917,-0.9763173181651725
noninteger_bin_demo,36,12,0.48204429670762317,-0.8732197230258604
noninteger_bin_demo,36,13,0.7571117056262826,-0.655803358355
noninteger_bin_demo,36,14,0.9412493602502184,-0.2970194195249352
noninteger_bin_demo,36,15,0.9939616652534956,0.08366046540856724
noninteger_bin_demo,36,16,0.8629485185979333,0.4796599242232014
noninteger_bin_demo,36,17,0.6282401929438092,0.7493583767930919
noninteger_bin_demo,36,18,0.24147018888607383,0.977092140867777
noninteger_bin_demo,36,19,-0.12428053720563714,0.9785760053883548
noninteger_bin_demo,36,20,-0.5872111785876286,0.8320148313258258
noninteger_bin_demo,36,21,-0.8321661413088254,0.557109743105008
noninteger_bin_demo,36,22,-1.0227878818210803,0.17928479000102182
noninteger_bin_demo,36,23,-0.9839950269240987,-0.3106554262921649
noninteger_bin_demo,36,24,-0.8089387205210834,-0.6300560627200029
noninteger_bin_demo,36,25,-0.5133229616901811,-0.8672599388450409
noninteger_bin_demo,36,26,-0.09910578420537061,-0.9850448187646298
noninteger_bin_demo,36,27,0.22469739015978646,-0.9364256306082835
noninteger_bin_demo,36,28,0.6872032743831925,-0.7632531612926152
noninteger_bin_demo,36,29,0.9036734591361154,-0.41389147481598393
noninteger_bin_demo,36,30,1.0610375651655684,-0.02294705926155332
noninteger_bin_demo,36,31,0.9392401257068059,0.34726250328582176
noninteger_bin_demo,36,32,0.7154310900844659,0.7255198433018328
noninteger_bin_demo,36,33,0.3612442949828372,0.948402862183659
noninteger_bin_demo,36,34,-0.058815144235792705,0.9630010502760833
noninteger_bin_demo,36,35,-0.45625554171943905,0.8736648461815655
noninteger_bin_demo,36,36,-0.7768251116136737,0.5953639557171401
noninteger_bin_demo,36,37,-0.9031022844092688,0.33867271895601564
noninteger_bin_demo,36,38,-0.925180501590672,-0.12111998618421645
noninteger_bin_demo,36,39,-0.9037511381467479,-0.44742616441080657
noninteger_bin_demo,36,40,-0.6139574901734242,-0.8409237164470297
noninteger_bin_demo,36,41,-0.23992048603596158,-0.9919627825219087
noninteger_bin_demo,36,42,0.18375143022758922,-0.9422961479849408
noninteger_bin_demo,36,43,0.5980257937843362,-0.8262987017052681
noninteger_bin_demo,36,44,0.8476039160966449,-0.534934514715436
noninteger_bin_demo,36,45,1.0325603188244148,-0.18324980609220487
noninteger_bin_demo,36,46,1.0264759305929,0.20796219967347246
noninteger_bin_demo,36,47,0.8662736397773299,0.6453089012110362
noninteger_bin_demo,36,48,0.481538034432731,0.8530004764604522
noninteger_bin_demo,36,49,0.06434847009185465,0.9609374779164435
noninteger_bin_demo,36,50,-0.29106731290978427,0.9296385980621833
noninteger_bin_demo,36,51,-0.7017670874583949,0.7453668959214782
noninteger_bin_demo,36,52,-0.8655345774463746,0.41904969013579435
noninteger_bin_demo,36,53,-1.0206502142707676,0.06506506179018573
noninteger_bin_demo,36,54,-0.8765785407654219,-0.3643813576823629
noninteger_bin_demo,36,55,-0.6707416835391841,-0.7171540368553092
noninteger_bin_demo,36,56,-0.3283057451800977,-0.9315593832067139
noninteger_bin_demo,36,57,-0.015365455131045945,-0.997748008502567
noninteger_bin_demo,36,58,0.47803805951099376,-0.8681161046686925
noninteger_bin_demo,36,59,0.7812736617897081,-0.6415696571981832
noninteger_bin_demo,36,60,0.9283901439828588,-0.31478105498917974
noninteger_bin_demo,36,61,0.9967265225022814,0.12429870988399308
noninteger_bin_demo,36,62,0.8825228451680599,0.5308071307660233
noninteger_bin_demo,36,63,0.5707909666941574,0.8295505938586839
noninteger_bin_demo,36,64,0.18861206320595306,1.012619945960502
noninteger_bin_demo,36,65,-0.15858880308520112,0.9955091348508598
noninteger_bin_demo,36,66,-0.6407589156957381,0.8389964346072875
noninteger_bin_demo,36,67,-0.9282267753233475,0.5034424773251424
noninteger_bin_demo,36,68,-1.0022774297732824,0.17353530709992937
noninteger_bin_demo,36,69,-0.9648873409803992,-0.26567885564294
noninteger_bin_demo,36,70,-0.8382820291426715,-0.5960780696816009
noninteger_bin_demo,36,71,-0.5617955963357548,-0.8216863843922041
noninteger_bin_demo,36,72,-0.12672657797984543,-1.0023014455616437
noninteger_bin_demo,36,73,0.28647681477885645,-0.9349829578410624
noninteger_bin_demo,36,74,0.6622884351738462,-0.7605452987194641
noninteger_bin_demo,36,75,0.9215433369390769,-0.37689342060448694
noninteger_bin_demo,36,76,0.9932596238703827,-0.032551319279612245
noninteger_bin_demo,36,77,0.8996906822735055,0.36612567552682085
noninteger_bin_demo,36,78,0.6959134759034046,0.7081061543174554
noninteger_bin_demo,36,79,0.34037432614676566,0.9822677853636268
noninteger_bin_demo,36,80,-0.06717739347225184,0.9860566606988949
noninteger_bin_demo,36,81,-0.419454782903005,0.8998877576877635
noninteger_bin_demo,36,82,-0.7414734730749094,0.7245425631866502
noninteger_bin_demo,36,83,-0.9645699023730095,0.2705424675899162
noninteger_bin_demo,36,84,-1.0287074544698063,-0.055546531250280244
noninteger_bin_demo,36,85,-0.807872543282599,-0.5375995818918462
noninteger_bin_demo,36,86,-0.6216068343840258,-0.8304848717867882
noninteger_bin_demo,36,87,-0.2607173722040676,-0.9343946449187419
noninteger_bin_demo,36,88,0.18790329892329355,-1.0210959486567883
noninteger_bin_demo,36,89,0.5693685183460948,-0.8290345759923129
noninteger_bin_demo,36,90,0.736114316334588,-0.5481096619711345
noninteger_bin_demo,36,91,1.0022859162840312,-0.12388685559570953
noninteger_bin_demo,36,92,0.9647285460203688,0.23986535678386164
noninteger_bin_demo,36,93,0.7986338024035946,0.6088547298927297
noninteger_bin_demo,36,94,0.49962347642867594,0.9160835430165857
noninteger_bin_demo,36,95,0.13477637307851517,1.0508629191280423
noninteger_bin_demo,36,96,-0.3255620170784955,0.9522673285047283
noninteger_bin_demo,36,97,-0.6670580524530761,0.7853303803869864
noninteger_bin_demo,36,98,-0.8597195569502631,0.42619977579643825
noninteger_bin_demo,36,99,-0.9630122407801996,0.014570085968597204
noninteger_bin_demo,36,100,-0.885417505649623,-0.33571533586670366
noninteger_bin_demo,36,101,-0.6952638118386149,-0.7834760614875732
noninteger_bin_demo,36,102,-0.4105392706345759,-0.9403079640139549
noninteger_bin_demo,36,103,0.04084934929063817,-0.9621627420033462
noninteger_bin_demo,36,104,0.4112389534896579,-0.8993743412831419
noninteger_bin_demo,36,105,0.771826802983002,-0.6780781541596141
noninteger_bin_demo,36,106,0.9709284826225445,-0.3461148774776397
noninteger_bin_demo,36,107,1.0497229973671778,0.07711290209734264
noninteger_bin_demo,36,108,0.8308376647633099,0.4956722520525278
noninteger_bin_demo,36,109,0.6073312468233472,0.7430961468793192
noninteger_bin_demo,36,110,0.2416763884206239,0.9699418914821608
noninteger_bin_demo,36,111,-0.172384952782226,1.0125118379889961
noninteger_bin_demo,36,112,-0.5315018764722306,0.8185489271623646
noninteger_bin_demo,36,113,-0.82277071337497,0.5705098784685041
noninteger_bin_demo,36,114,-1.0206572662003839,0.16009477093372254
noninteger_bin_demo,36,115,-0.9528507774501834,-0.28618587009539986
noninteger_bin_demo,36,116,-0.7642124081223252,-0.6222579231877022
noninteger_bin_demo,36,117,-0.46405777603309256,-0.8730384300753865
noninteger_bin_demo,36,118,-0.1257023782116149,-0.9964191774901826
noninteger_bin_demo,36,119,0.3752105103988011,-0.9531922705602796
noninteger_bin_demo,36,120,0.6866237295305614,-0.7604025155871604
noninteger_bin_demo,36,121,0.9334291193690106,-0.410603089788615
noninteger_bin_demo,36,122,1.0178344369733696,-0.02425825174037717
noninteger_bin_demo,36,123,0.8844159058007822,0.388742440348566
noninteger_bin_demo,36,124,0.6715183322507079,0.6380299190428039
noninteger_bin_demo,36,125,0.3477686520404864,0.9315179164510793
noninteger_bin_demo,36,126,-0.08092961228655379,0.9802671768344171
noninteger_bin_demo,36,127,-0.4341527641623707,0.8632357348132967
noninteger_bin_demo,37,0,0.7048289379505736,0.6753096255777848
noninteger_bin_demo,37,1,0.36689163479978215,0.9124081294076201
noninteger_bin_demo,37,2,-0.02716905701440782,0.9986847511719235
noninteger_bin_demo,37,3,-0.4200739684762392,0.92446231926188
noninteger_bin_demo,37,4,-0.7349881326688926,0.7136494422414037
noninteger_bin_demo,37,5,-0.9825240833389359,0.3465923592023301
noninteger_bin_demo,37,6,-1.0487127237165421,-0.063418331969718
noninteger_bin_demo,37,7,-0.8692693269886221,-0.499446362408127
noninteger_bin_demo,37,8,-0.5795154652114523,-0.745298548870221
noninteger_bin_demo,37,9,-0.2757592326265769,-0.9738741300984421
noninteger_bin_demo,37,10,0.17353282816852558,-1.0080172750027996
noninteger_bin_demo,37,11,0.5337730863504125,-0.8698543656287148
noninteger_bin_demo,37,12,0.7958358304718869,-0.5310987871366462
noninteger_bin_demo,37,13,1.0201190506812716,-0.19189842359794332
noninteger_bin_demo,37,14,0.968250867353722,0.1735307271784034
noninteger_bin_demo,37,15,0.8431074214497198,0.610056304809517
noninteger_bin_demo,37,16,0.5598351615409652,0.9049150667178175
noninteger_bin_demo,37,17,0.13214453647544797,0.962073047275068
noninteger_bin_demo,37,18,-0.27469121994077794,0.9038111165526534
noninteger_bin_demo,37,19,-0.6675295842433087,0.7850641750859074
noninteger_bin_demo,37,20,-0.9175833878645335,0.4474512985149518
noninteger_bin_demo,37,21,-0.9910812799463439,0.046973061309816135
noninteger_bin_demo,37,22,-0.9840240124530275,-0.38276655344557386
noninteger_bin_demo,37,23,-0.7195165188877295,-0.702355351425831
noninteger_bin_demo,37,24,-0.3757118132554733,-0.9366295695217658
noninteger_bin_demo,37,25,0.05495974592653813,-1.0379545334105242
noninteger_bin_demo,37,26,0.43125884604509235,-0.8736861306441682
noninteger_bin_demo,37,27,0.7455448631601382,-0.6922405070967432
noninteger_bin_demo,37,28,0.9571262194352247,-0.3233933515859144
noninteger_bin_demo,37,29,0.9816372199235714,0.062322130695391956
noninteger_bin_demo,37,30,0.8807872835372131,0.45474463165234585
noninteger_bin_demo,37,31,0.6283034293126514,0.800037426150373
noninteger_bin_demo,37,32,0.2390329479500597,1.0042206056682974
noninteger_bin_demo,37,33,-0.11715330328356252,0.970126899384356
noninteger_bin_demo,37,34,-0.5473542280083671,0.8014675324094003
noninteger_bin_demo,37,35,-0.7932395074347319,0.5547032036689921
noninteger_bin_demo,37,36,-0.925444945142659,0.1331354514658408
noninteger_bin_demo,37,37,-0.9427346910880307,-0.21813925711634793
noninteger_bin_demo,37,38,-0.8135262388889023,-0.5908325912638185
noninteger_bin_demo,37,39,-0.5020166249461314,-0.8217416037465466
noninteger_bin_demo,37,40,-0.11747572419669,-1.0319037921121932
noninteger_bin_demo,37,41,0.23739740757410838,-0.9092542454125517
noninteger_bin_demo,37,42,0.6878435497896648,-0.758573432860491
noninteger_bin_demo,37,43,0.8728252544124502,-0.47570647170153346
noninteger_bin_demo,37,44,0.9528798495597343,-0.006007681828774376
noninteger_bin_demo,37,45,0.8895938972518638,0.29817117173054664
noninteger_bin_demo,37,46,0.6998030746506854,0.6906643604834362
noninteger_bin_demo,37,47,0.37388831039823356,0.8840692508200537
noninteger_bin_demo,37,48,-0.016823076813150768,1.0348588811167798
noninteger_bin_demo,37,49,-0.4680227783443474,0.9057813285906715
noninteger_bin_demo,37,50,-0.7945875964920276,0.6408110062872672
noninteger_bin_demo,37,51,-0.9425607618344114,0.30262498268438426
noninteger_bin_demo,37,52,-1.036490332588383,-0.09714416651065315
noninteger_bin_demo,37,53,-0.922834442093963,-0.4668123440797368
noninteger_bin_demo,37,54,-0.5971968165302735,-0.7712816424895088
noninteger_bin_demo,37,55,-0.24100897705024174,-0.9812307089393378
noninteger_bin_demo,37,56,0.1897261061217938,-0.9447176197971124
noninteger_bin_demo,37,57,0.5507406128195008,-0.8317933101988104
noninteger_bin_demo,37,58,0.808717706321753,-0.5687848961584497
noninteger_bin_demo,37,59,0.9304825370771852,-0.18180168984272452
noninteger_bin_demo,37,60,0.9521517768582942,0.28802320237698376
noninteger_bin_demo,37,61,0.8401054240706701,0.6006962689351809
noninteger_bin_demo,37,62,0.5501833394352604,0.8651602585462411
noninteger_bin_demo,37,63,0.11377007427350368,0.9903929889769426
noninteger_bin_demo,37,64,-0.3113232899889861,0.9500377647697819
noninteger_bin_demo,37,65,-0.6158579512411122,0.7784375090576691
noninteger_bin_demo,37,66,-0.9153947906999498,0.4106387905047737
noninteger_bin_demo,37,67,-0.9914488487301089,0.021262959187345838
noninteger_bin_demo,37,68,-0.9299542913532272,-0.36701004566924333
noninteger_bin_demo,37,69,-0.7343103507955168,-0.6999951209205322
noninteger_bin_demo,37,70,-0.3904017328099053,-0.9701598722279373
noninteger_bin_demo,37,71,0.023541072691144048,-1.0249247140773612
noninteger_bin_demo,37,72,0.40012561959764553,-0.9421858772320644
noninteger_bin_demo,37,73,0.790182286816619,-0.6355534262381229
noninteger_bin_demo,37,74,0.9400225132625669,-0.3042182724205501
noninteger_bin_demo,37,75,0.9830264159885569,0.06710352915371842
noninteger_bin_demo,37,76,0.8772658349445748,0.46908361136704757
noninteger_bin_demo,37,77,0.5908243203313225,0.7727848704830172
noninteger_bin_demo,37,78,0.2747919945734923,0.9982164741058832
noninteger_bin_demo,37,79,-0.16295818502410214,0.979689060297015
noninteger_bin_demo,37,80,-0.5783218271463785,0.8695940035496135
noninteger_bin_demo,37,81,-0.8311939697667728,0.6049312816381113
noninteger_bin_demo,37,82,-0.9900329282055976,0.1680615845121921
noninteger_bin_demo,37,83,-0.9456742121698208,-0.21640493294661683
noninteger_bin_demo,37,84,-0.7851685861354066,-0.5986863342135613
noninteger_bin_demo,37,85,-0.526455486571219,-0.829206463886004
noninteger_bin_demo,37,86,-0.13869070815335982,-1.0012187416982248
noninteger_bin_demo,37,87,0.3107691401848301,-0.9158015517657394
noninteger_bin_demo,37,88,0.6393403641337781,-0.7329610033950382
noninteger_bin_demo,37,89,0.8973774085882876,-0.380115852926458
noninteger_bin_demo,37,90,0.9920447740223937,-0.01627754031468372
noninteger_bin_demo,37,91,0.9405421969674981,0.3255013485168261
noninteger_bin_demo,37,92,0.7127352687666382,0.6315732889247494
noninteger_bin_demo,37,93,0.37710809655314775,0.9444025430311412
noninteger_bin_demo,37,94,-0.033855358453813676,1.0411124593304162
noninteger_bin_demo,37,95,-0.4343069938584443,0.8785685151303003
noninteger_bin_demo,37,96,-0.7328140167239747,0.6568463395037051
noninteger_bin_demo,37,97,-0.9425619829058186,0.29459802705868177
noninteger_bin_demo,37,98,-0.9954062062959267,-0.13356502581607127
noninteger_bin_demo,37,99,-0.8670042477174521,-0.5097560586911771
noninteger_bin_demo,37,100,-0.6146345064335368,-0.8090842791821198
noninteger_bin_demo,37,101,-0.26503902190668205,-0.9614347829225751
noninteger_bin_demo,37,102,0.13372606582203514,-1.0012710435253578
noninteger_bin_demo,37,103,0.5150331600549662,-0.808838580549876
noninteger_bin_demo,37,104,0.7997176299946924,-0.5624727675095881
noninteger_bin_demo,37,105,0.957412850494462,-0.18625969745667004
noninteger_bin_demo,37,106,0.9765191912257888,0.23785335958966
noninteger_bin_demo,37,107,0.795130284839043,0.5857669897190685
noninteger_bin_demo,37,108,0.4990313980652594,0.8658552855188747
noninteger_bin_demo,37,109,0.08911059990714701,0.9768508496311659
noninteger_bin_demo,37,110,-0.2771381562039213,0.9759837113069196
noninteger_bin_demo,37,111,-0.652709343842752,0.7183338930007438
noninteger_bin_demo,37,112,-0.8989184886140883,0.42179169469652233
noninteger_bin_demo,37,113,-0.9997829038771421,0.025733766332547137
noninteger_bin_demo,37,114,-0.9861363614246043,-0.32999720429898927
noninteger_bin_demo,37,115,-0.6663772087466883,-0.7370127417510418
noninteger_bin_demo,37,116,-0.37417930083088563,-0.9451103762023435
noninteger_bin_demo,37,117,0.008310428698759649,-1.0080682115738586
noninteger_bin_demo,37,118,0.41455927249950714,-0.9217307158776779
noninteger_bin_demo,37,119,0.7123111737356265,-0.7122821012187994
noninteger_bin_demo,37,120,0.9117745609372705,-0.36443528444698964
noninteger_bin_demo,37,121,0.9735953116213598,0.10785515857594989
noninteger_bin_demo,37,122,0.8819881667166589,0.4941388574939463
noninteger_bin_demo,37,123,0.5833018215062836,0.7689516450156186
noninteger_bin_demo,37,124,0.2589963557937883,0.9535430028803136
noninteger_bin_demo,37,125,-0.16006123430803326,0.9690508343557498
noninteger_bin_demo,37,126,-0.603414187937187,0.8203988435391234
noninteger_bin_demo,37,127,-0.8358008345783684,0.6396136459472186
noninteger_bin_demo,38,0,0.28922667271630326,0.9668421441326472
noninteger_bin_demo,38,1,-0.07426860562977874,0.982336223774987
noninteger_bin_demo,38,2,-0.5129581567154404,0.8569602148018745
noninteger_bin_demo,38,3,-0.8626241873072594,0.5897896272853501
noninteger_bin_demo,38,4,-0.9783752581407933,0.1947598557620221
noninteger_bin_demo,38,5,-1.030313571090638,-0.21035231120192352
noninteger_bin_demo,38,6,-0.7566465010207338,-0.5568965738020982
noninteger_bin_demo,38,7,-0.5588710704234168,-0.9580354807504414
noninteger_bin_demo,38,8,-0.11365415281617375,-0.9435791435195384
noninteger_bin_demo,38,9,0.2383538510791626,-0.9975046497592719
noninteger_bin_demo,38,10,0.6773468529008874,-0.7443089316218092
noninteger_bin_demo,38,11,0.873411437652568,-0.44862589938821096
noninteger_bin_demo,38,12,0.9572062125549915,-0.07263849605345173
noninteger_bin_demo,38,13,0.9341243028580807,0.3483742396527517
noninteger_bin_demo,38,14,0.7788792342865044,0.6892165012426434
noninteger_bin_demo,38,15,0.35739393990479296,0.9957713925108289
noninteger_bin_demo,38,16,-0.0037014129383265413,0.9910290873217749
noninteger_bin_demo,38,17,-0.372209973857469,0.902326538703402
noninteger_bin_demo,38,18,-0.7274571869155586,0.725351488468299
noninteger_bin_demo,38,19,-0.9609569905539164,0.3326780704497379
noninteger_bin_demo,38,20,-1.0344631922467449,-0.022423277116078513
noninteger_bin_demo,38,21,-0.8487354645266315,-0.4771134281535817
noninteger_bin_demo,38,22,-0.6518722631901632,-0.755785743723019
noninteger_bin_demo,38,23,-0.3217224478664039,-0.9335481933493066
noninteger_bin_demo,38,24,0.11653823742921075,-0.9593400385990896
noninteger_bin_demo,38,25,0.47533007057959165,-0.8861297574194331
noninteger_bin_demo,38,26,0.8388054754643629,-0.5647327380458232
noninteger_bin_demo,38,27,0.9778173947447858,-0.19930922129787004
noninteger_bin_demo,38,28,0.9670888738599509,0.1687885107316714
noninteger_bin_demo,38,29,0.8082436200015801,0.6365447388104738
noninteger_bin_demo,38,30,0.5241890662556425,0.8489489915839816
noninteger_bin_demo,38,31,0.10735243511734681,0.9821588686453406
noninteger_bin_demo,38,32,-0.24594803344750524,1.0264765736211992
noninteger_bin_demo,38,33,-0.6390635697586777,0.7827929113913045
noninteger_bin_demo,38,34,-0.9094117054725095,0.49191290817258226
noninteger_bin_demo,38,35,-0.972914102444901,0.08192152990213583
noninteger_bin_demo,38,36,-0.937618911365913,-0.33813061093788876
noninteger_bin_demo,38,37,-0.6832014577635077,-0.7413246760096077
noninteger_bin_demo,38,38,-0.4071776903519205,-0.9076813525683433
noninteger_bin_demo,38,39,0.013897793521401977,-0.9407274821616434
noninteger_bin_demo,38,40,0.40006081111153075,-0.9484723974629837
noninteger_bin_demo,38,41,0.741581999094782,-0.6447504225605051
noninteger_bin_demo,38,42,0.9658258740069275,-0.33036157494190543
noninteger_bin_demo,38,43,0.9722802373795689,0.0910812314022609
noninteger_bin_demo,38,44,0.9121566827536383,0.47440724078430263
noninteger_bin_demo,38,45,0.6170393931850751,0.7692338335759391
noninteger_bin_demo,38,46,0.248282443935152,0.9484891713596304
noninteger_bin_demo,38,47,-0.17037298568294099,0.9799963987246121
noninteger_bin_demo,38,48,-0.5331433490821597,0.8988553567436863
noninteger_bin_demo,38,49,-0.8128522761715374,0.6276024421757161
noninteger_bin_demo,38,50,-1.0168480350070124,0.19820161996084817
noninteger_bin_demo,38,51,-0.9743189587534318,-0.19903060225805733
noninteger_bin_demo,38,52,-0.772217366988077,-0.6063964324376487
noninteger_bin_demo,38,53,-0.5701923607070962,-0.8412071526117769
noninteger_bin_demo,38,54,-0.11592468796799771,-0.992366974141015
noninteger_bin_demo,38,55,0.26765954168279876,-1.0034561346579598
noninteger_bin_demo,38,56,0.6246273252610111,-0.7873667133486993
noninteger_bin_demo,38,57,0.881326065004985,-0.3959730800842923
noninteger_bin_demo,38,58,1.0021761057682566,-0.08288112637178212
noninteger_bin_demo,38,59,0.9319080367493361,0.3585788576889254
noninteger_bin_demo,38,60,0.7278208496532974,0.6303792719361103
noninteger_bin_demo,38,61,0.432141146743914,0.91919054766237
noninteger_bin_demo,38,62,-0.05314391666916726,0.9588895998882316
noninteger_bin_demo,38,63,-0.3829446286309359,0.930309867238144
noninteger_bin_demo,38,64,-0.7132107295924551,0.70637632428786
noninteger_bin_demo,38,65,-0.9120783534275518,0.3641958179223819
noninteger_bin_demo,38,66,-1.0265938585101464,-0.1049999862876402
noninteger_bin_demo,38,67,-0.8975273937848993,-0.47807811092107066
noninteger_bin_demo,38,68,-0.6286568546098044,-0.8050082170288227
noninteger_bin_demo,38,69,-0.25275178211620297,-0.9303210616912456
noninteger_bin_demo,38,70,0.15138675373641058,-0.9970843314653828
noninteger_bin_demo,38,71,0.538795178426335,-0.8484512689502587
noninteger_bin_demo,38,72,0.7653032403428678,-0.5863521918187149
noninteger_bin_demo,38,73,0.9962215540921543,-0.17381394466285638
noninteger_bin_demo,38,74,0.9523903012938951,0.18977287272460688
noninteger_bin_demo,38,75,0.7941456401086009,0.5987311884779584
noninteger_bin_demo,38,76,0.47614178413846425,0.8323135719035403
noninteger_bin_demo,38,77,0.11988184350965493,0.9458499708084143
noninteger_bin_demo,38,78,-0.2735698158872345,0.9949292412990152
noninteger_bin_demo,38,79,-0.6535774905487062,0.727573808852235
noninteger_bin_demo,38,80,-0.9117402533284709,0.4843686668848364
noninteger_bin_demo,38,81,-1.018118173540749,0.04743218907873381
noninteger_bin_demo,38,82,-0.9199868064439156,-0.39122223635602876
noninteger_bin_demo,38,83,-0.7557993999557707,-0.6600368055431429
noninteger_bin_demo,38,84,-0.35389410273556493,-0.937008483530086
noninteger_bin_demo,38,85,0.05159823998493714,-0.9703724774381632
noninteger_bin_demo,38,86,0.4149352404569964,-0.8371113893875521
noninteger_bin_demo,38,87,0.751197793510172,-0.6459911762200733
noninteger_bin_demo,38,88,0.933824390759849,-0.31868214642505754
noninteger_bin_demo,38,89,1.0319148853036697,0.05447311655981851
noninteger_bin_demo,38,90,0.9179618645152471,0.47369544356930327
noninteger_bin_demo,38,91,0.6228331714594183,0.8179376284033576
noninteger_bin_demo,38,92,0.23927624998904706,0.9860565022005436
noninteger_bin_demo,38,93,-0.15499984964485763,0.994218343162862
noninteger_bin_demo,38,94,-0.5197696512704331,0.8433734818389601
noninteger_bin_demo,38,95,-0.8040193298352978,0.5689194069632864
noninteger_bin_demo,38,96,-0.9268701461159125,0.1481930909806453
noninteger_bin_demo,38,97,-0.9935494253848155,-0.21196241446588646
noninteger_bin_demo,38,98,-0.7452697334867281,-0.6292280802103813
noninteger_bin_demo,38,99,-0.5163395612136412,-0.8504093890216071
noninteger_bin_demo,38,100,-0.10019077797489173,-0.994004669845223
noninteger_bin_demo,38,101,0.24879581689852223,-0.9910475823611524
noninteger_bin_demo,38,102,0.6302384076523836,-0.7428083224815275
noninteger_bin_demo,38,103,0.8719912092891938,-0.44543494673104334
noninteger_bin_demo,38,104,1.0106201154296013,-0.017654185824956023
noninteger_bin_demo,38,105,0.9918484537937423,0.3338273112497435
noninteger_bin_demo,38,106,0.7862901926832514,0.7038585687589854
noninteger_bin_demo,38,107,0.4050678229922835,0.9453848279414566
noninteger_bin_demo,38,108,-0.020728558814215772,1.0060624209465256
noninteger_bin_demo,38,109,-0.3608329123950622,0.9033144658254656
noninteger_bin_demo,38,110,-0.7310504903851384,0.6884098395211531
noninteger_bin_demo,38,111,-0.9534829542499327,0.2642560501812527
noninteger_bin_demo,38,112,-0.9963869786757509,-0.08863709083290028
noninteger_bin_demo,38,113,-0.8833924461562088,-0.44537773673600817
noninteger_bin_demo,38,114,-0.6349127361510093,-0.7939566578664029
noninteger_bin_demo,38,115,-0.22627524392037857,-0.9932746183941971
noninteger_bin_demo,38,116,0.1376335372239968,-0.9165282856604926
noninteger_bin_demo,38,117,0.5460543066926379,-0.8825293419969835
noninteger_bin_demo,38,118,0.823577036854049,-0.5561691895401008
noninteger_bin_demo,38,119,0.8943199569570676,-0.09786093823974995
noninteger_bin_demo,38,120,0.9641945501663145,0.1981427833350805
noninteger_bin_demo,38,121,0.7730176964183779,0.6220498749795816
noninteger_bin_demo,38,122,0.5109294890809686,0.8299966339303041
noninteger_bin_demo,38,123,0.1005713917689682,0.9830010494390136
noninteger_bin_demo,38,124,-0.34246679922674683,0.9622106408157027
noninteger_bin_demo,38,125,-0.6651110028928457,0.777896046940508
noninteger_bin_demo,38,126,-0.9162189546274679,0.4533922319325683
noninteger_bin_demo,38,127,-0.9873234749220569,0.03244257266482401
noninteger_bin_demo,39,0,-0.24830227406618433,0.9672625280194846
noninteger_bin_demo,39,1,-0.5870955791294029,0.8014377993650313
noninteger_bin_demo,39,2,-0.9190917145378248,0.4555695584935007
noninteger_bin_demo,39,3,-0.9543025823794036,0.023675176759612705
noninteger_bin_demo,39,4,-0.9369789594137486,-0.2916451366953021
noninteger_bin_demo,39,5,-0.759793065303767,-0.692060114877147
noninteger_bin_demo,39,6,-0.4485148019205621,-0.9273784275173756
noninteger_bin_demo,39,7,0.003984853420074961,-1.0095714436185983
noninteger_bin_demo,39,8,0.4298743094050819,-0.9592469480645892
noninteger_bin_demo,39,9,0.6887003440215964,-0.6489012680535045
noninteger_bin_demo,39,10,0.9157750815980884,-0.34064872022627335
noninteger_bin_demo,39,11,0.9775202281008726,0.059000502901953994
noninteger_bin_demo,39,12,0.8880434203679627,0.46542118107811964
noninteger_bin_demo,39,13,0.6756843905590816,0.7398329778795838
noninteger_bin_demo,39,14,0.29713337155498437,0.9149788334245827
noninteger_bin_demo,39,15,-0.1054088975774681,1.016836032672249
noninteger_bin_demo,39,16,-0.5355836455921081,0.8922305304651565
noninteger_bin_demo,39,17,-0.7693713412894827,0.6585720272408584
noninteger_bin_demo,39,18,-0.9535408902634646,0.2583986887674227
noninteger_bin_demo,39,19,-1.0321744007189713,-0.20235081912785965
noninteger_bin_demo,39,20,-0.8006280432616886,-0.5352731046826773
noninteger_bin_demo,39,21,-0.5464338462722585,-0.877886852585862
noninteger_bin_demo,39,22,-0.09881203056895577,-1.0055353627724763
noninteger_bin_demo,39,23,0.31050116069396155,-0.9190361448839273
noninteger_bin_demo,39,24,0.6079159117197924,-0.8001863813659155
noninteger_bin_demo,39,25,0.9175788454021161,-0.5019619303101157
noninteger_bin_demo,39,26,1.0072692461547437,-0.12427240327781869
noninteger_bin_demo,39,27,0.9384942787296118,0.26937057385523294
noninteger_bin_demo,39,28,0.7661704003107376,0.6718202634041907
noninteger_bin_demo,39,29,0.4338718408545221,0.926044889100695
noninteger_bin_demo,39,30,0.008026709947250802,0.992853724974037
noninteger_bin_demo,39,31,-0.40649544823350037,0.9315014394621248
noninteger_bin_demo,39,32,-0.7430093310729218,0.6581402556110978
noninteger_bin_demo,39,33,-0.9013995636498144,0.42868313071079356
noninteger_bin_demo,39,34,-1.0183053367607164,-0.051968401150658365
noninteger_bin_demo,39,35,-0.9026300104276135,-0.43450886273766093
noninteger_bin_demo,39,36,-0.6333347003905264,-0.7673018981599727
noninteger_bin_demo,39,37,-0.2987461776004791,-0.9763827333359776
noninteger_bin_demo,39,38,0.11927219440386738,-1.0050093396031856
noninteger_bin_demo,39,39,0.5415927205242893,-0.8073356759626961
noninteger_bin_demo,39,40,0.7816140664834664,-0.6080313763665963
noninteger_bin_demo,39,41,0.9625450289374191,-0.2145560702784978
noninteger_bin_demo,39,42,0.951176556680576,0.21189143253554846
noninteger_bin_demo,39,43,0.8164870717958638,0.5383884794740912
noninteger_bin_demo,39,44,0.5226692465159674,0.8838247666340421
noninteger_bin_demo,39,45,0.08707136945493114,0.9416628771248711
noninteger_bin_demo,39,46,-0.2286487930706415,0.9685418746589088
noninteger_bin_demo,39,47,-0.649635825424862,0.8500745595135557
noninteger_bin_demo,39,48,-0.8798379220607658,0.47298789717016887
noninteger_bin_demo,39,49,-0.9608253992209154,0.0812322565767772
noninteger_bin_demo,39,50,-0.9297856218274851,-0.28934755583510313
noninteger_bin_demo,39,51,-0.6879054018022002,-0.6930685211862451
noninteger_bin_demo,39,52,-0.40347852327556444,-0.9437901242635018
noninteger_bin_demo,39,53,0.026493312308700973,-0.9834182042617831
noninteger_bin_demo,39,54,0.37087515704527263,-0.9256967585593665
noninteger_bin_demo,39,55,0.7296940842706281,-0.6997617176956733
noninteger_bin_demo,39,56,0.9758131537707554,-0.3363810096710041
noninteger_bin_demo,39,57,0.9712318543669337,0.057558195693219696
noninteger_bin_demo,39,58,0.9283257719131476,0.4589069239646359
noninteger_bin_demo,39,59,0.6452379239050899,0.8026054157607326
noninteger_bin_demo,39,60,0.32672548960020187,0.9748151872104391
noninteger_bin_demo,39,61,-0.1885263883207731,0.9914819512648315
noninteger_bin_demo,39,62,-0.4854583932250654,0.8708117541474463
noninteger_bin_demo,39,63,-0.8318252359725311,0.6109470806171798
noninteger_bin_demo,39,64,-0.995454040283707,0.2567125362228179
noninteger_bin_demo,39,65,-1.0433120252205594,-0.2203181365181734
noninteger_bin_demo,39,66,-0.8304743691895266,-0.6175141261625099
noninteger_bin_demo,39,67,-0.496352456267307,-0.8114181195941855
noninteger_bin_demo,39,68,-0.11191919736751327,-0.9739434367946246
noninteger_bin_demo,39,69,0.20408683395521096,-1.0146187511209757
noninteger_bin_demo,39,70,0.6209902564350837,-0.823749748984188
noninteger_bin_demo,39,71,0.9393782219024308,-0.49823497061322647
noninteger_bin_demo,39,72,1.0017933436121669,-0.12464142361403281
noninteger_bin_demo,39,73,0.9540866868994378,0.30529986033622547
noninteger_bin_demo,39,74,0.7615437779732233,0.6587668351979865
noninteger_bin_demo,39,75,0.35041766552922793,0.9079309874686438
noninteger_bin_demo,39,76,-0.028979654214701056,0.9736406894946174
noninteger_bin_demo,39,77,-0.42672355729678124,0.9013346963785367
noninteger_bin_demo,39,78,-0.7572681541705184,0.6549851147428638
noninteger_bin_demo,39,79,-0.9220695490732712,0.33526849230355044
noninteger_bin_demo,39,80,-0.9741140133956759,-0.1095043758254146
noninteger_bin_demo,39,81,-0.8948724138349974,-0.4800741111945344
noninteger_bin_demo,39,82,-0.5939400120688159,-0.7148675073027256
noninteger_bin_demo,39,83,-0.2538311000096245,-0.9162077048289049
noninteger_bin_demo,39,84,0.13727154312023532,-0.9911123737170068
noninteger_bin_demo,39,85,0.5811440065777466,-0.7933882556533344
noninteger_bin_demo,39,86,0.8222562136808194,-0.6196402180688836
noninteger_bin_demo,39,87,1.0181136767058343,-0.2176893253210145
noninteger_bin_demo,39,88,0.9597479663973525,0.20058421488727327
noninteger_bin_demo,39,89,0.7702290805593943,0.5512285000620404
noninteger_bin_demo,39,90,0.5520166763972003,0.8382189101607598
noninteger_bin_demo,39,91,0.15850105304267836,0.9829868607516327
noninteger_bin_demo,39,92,-0.27439200307710415,0.9542427216658675
noninteger_bin_demo,39,93,-0.6289755546530025,0.7299004732267292
noninteger_bin_demo,39,94,-0.92768241707684,0.4263858406821671
noninteger_bin_demo,39,95,-0.9857474222014021,0.11826471143787905
noninteger_bin_demo,39,96,-0.934033184602204,-0.3464789438005147
noninteger_bin_demo,39,97,-0.7488024011662843,-0.6692300216847304
noninteger_bin_demo,39,98,-0.3706776338669313,-0.9032502169578868
noninteger_bin_demo,39,99,0.01053996952953718,-0.9864801615411648
noninteger_bin_demo,39,100,0.4228961360471245,-0.9433653153198448
noninteger_bin_demo,39,101,0.6377749930231338,-0.6614550229849672
noninteger_bin_demo,39,102,0.929346351448487,-0.3676093762483289
noninteger_bin_demo,39,103,0.9807393202363581,0.04009057142828133
noninteger_bin_demo,39,104,0.8666672645328437,0.4303566905125173
noninteger_bin_demo,39,105,0.6525197454929924,0.7786291186764657
noninteger_bin_demo,39,106,0.24276039940665517,0.981102330341774
noninteger_bin_demo,39,107,-0.12639323581737347,0.9828600258075835
noninteger_bin_demo,39,108,-0.507006570342325,0.869336895134803
noninteger_bin_demo,39,109,-0.8010016188174252,0.6014088577739134
noninteger_bin_demo,39,110,-0.9831457280243957,0.2536617834864029
noninteger_bin_demo,39,111,-0.9517262965112862,-0.181939393910619
noninteger_bin_demo,39,112,-0.8370742659983813,-0.5647222648937497
noninteger_bin_demo,39,113,-0.546794787883962,-0.8761674643244173
noninteger_bin_demo,39,114,-0.15345634442681425,-1.0105835904816072
noninteger_bin_demo,39,115,0.2628890189951017,-1.0014067980627386
noninteger_bin_demo,39,116,0.6031689333939984,-0.7842465778738404
noninteger_bin_demo,39,117,0.9179785312712625,-0.4713602413043918
noninteger_bin_demo,39,118,1.0179658266089346,-0.08401508155241146
noninteger_bin_demo,39,119,0.9270414818889658,0.3460066590608493
noninteger_bin_demo,39,120,0.7493467522814078,0.6197431946631438
noninteger_bin_demo,39,121,0.42913510445380965,0.8914568347947415
noninteger_bin_demo,39,122,0.018129767636170607,0.9666345032454732
noninteger_bin_demo,39,123,-0.3255139357535023,0.9541729751089728
noninteger_bin_demo,39,124,-0.7561910580327371,0.7215369802216784
noninteger_bin_demo,39,125,-0.9401840730118697,0.34579317331234966
noninteger_bin_demo,39,126,-0.9999925265662406,-0.07084418248429174
noninteger_bin_demo,39,127,-0.8569916883511361,-0.5677048906518942
noninteger_bin_demo,40,0,-0.6910852134381923,0.6894500548160946
noninteger_bin_demo,40,1,-0.8522674888084684,0.37457011950550234
noninteger_bin_demo,40,2,-1.0137665319160498,-0.03860302801975531
noninteger_bin_demo,40,3,-0.9186962000377046,-0.3715891640290152
noninteger_bin_demo,40,4,-0.6755111450997121,-0.745828651643784
noninteger_bin_demo,40,5,-0.3142297991555854,-0.9484121557280799
noninteger_bin_demo,40,6,0.11764716710335761,-0.9774368311240125
noninteger_bin_demo,40,7,0.491327885954464,-0.8353696906472501
noninteger_bin_demo,40,8,0.817430736488129,-0.5906329140128257
noninteger_bin_demo,40,9,0.9659331575047652,-0.21768814581554796
noninteger_bin_demo,40,10,0.9452513970961626,0.12363571625197992
noninteger_bin_demo,40,11,0.8472706125765452,0.4991523422799406
noninteger_bin_demo,40,12,0.583060016594131,0.8340122166967138
noninteger_bin_demo,40,13,0.16147810060141032,0.9934949914327127
noninteger_bin_demo,40,14,-0.2533882111969908,0.9652243891206572
noninteger_bin_demo,40,15,-0.6251380532435301,0.7492743011249199
noninteger_bin_demo,40,16,-0.8419055307201372,0.5081798123701847
noninteger_bin_demo,40,17,-0.998010143195897,0.13270507061141978
noninteger_bin_demo,40,18,-0.9479295966587825,-0.26365454390427673
noninteger_bin_demo,40,19,-0.7480387064723057,-0.6429116278989325
noninteger_bin_demo,40,20,-0.4341943640720661,-0.8632382928106934
noninteger_bin_demo,40,21,-0.032738069910251834,-1.031597014380964
noninteger_bin_demo,40,22,0.3685297907931043,-0.9358030446808823
noninteger_bin_demo,40,23,0.7059011640367534,-0.7169345192431905
noninteger_bin_demo,40,24,0.9048125086725486,-0.3455204392477314
noninteger_bin_demo,40,25,0.9904376270794522,0.013889549259793636
noninteger_bin_demo,40,26,0.8829235264835151,0.40885112144977986
noninteger_bin_demo,40,27,0.6176694274876554,0.7609151521923312
noninteger_bin_demo,40,28,0.28472799503018703,0.8909779525066603
noninteger_bin_demo,40,29,-0.1876988450316926,0.984673806000796
noninteger_bin_demo,40,30,-0.4199396221287675,0.8306720326469327
noninteger_bin_demo,40,31,-0.8229984846926243,0.567314257043493
noninteger_bin_demo,40,32,-0.9936064716497532,0.21852504550345997
noninteger_bin_demo,40,33,-1.0085569147667819,-0.15286680578886136
noninteger_bin_demo,40,34,-0.8090987953843806,-0.5674428228939298
noninteger_bin_demo,40,35,-0.5857870988007089,-0.8226643496129276
noninteger_bin_demo,40,36,-0.18928929555252408,-0.9866384360303738
noninteger_bin_demo,40,37,0.20496611223828648,-0.9925153716619587
noninteger_bin_demo,40,38,0.636455653569961,-0.7732150001722358
noninteger_bin_demo,40,39,0.8847023176755942,-0.46261752764229175
noninteger_bin_demo,40,40,0.9604555161859621,-0.09435338355200806
noninteger_bin_demo,40,41,0.9475849057155957,0.2876319405861564
noninteger_bin_demo,40,42,0.7214815961498161,0.6895969298575233
noninteger_bin_demo,40,43,0.4472830460267562,0.9171570913381148
noninteger_bin_demo,40,44,0.010872919623397658,0.9792611944862205
noninteger_bin_demo,40,45,-0.3686444452373193,0.9478344487670086
noninteger_bin_demo,40,46,-0.7131610995171197,0.6981534420613197
noninteger_bin_demo,40,47,-0.9543638912516134,0.35049863989519586
noninteger_bin_demo,40,48,-1.0000943554953425,-0.057040620450399135
noninteger_bin_demo,40,49,-0.8212881861619743,-0.43171836532687546
noninteger_bin_demo,40,50,-0.6925388311994505,-0.7095328373320201
noninteger_bin_demo,40,51,-0.2746499290953012,-0.970298410955381
noninteger_bin_demo,40,52,0.08203269714196666,-0.9938784782816746
noninteger_bin_demo,40,53,0.4728826581657646,-0.8970872267123641
noninteger_bin_demo,40,54,0.817367795920078,-0.5520701189457099
noninteger_bin_demo,40,55,1.0534201548239424,-0.20285232247987636
noninteger_bin_demo,40,56,0.9878307430732809,0.1533071114164567
noninteger_bin_demo,40,57,0.8477199112594049,0.5333765268276799
noninteger_bin_demo,40,58,0.5086664202951142,0.8644668311775431
noninteger_bin_demo,40,59,0.18537261052072493,0.9833353170617638
noninteger_bin_demo,40,60,-0.20624880285120467,0.9694348203940315
noninteger_bin_demo,40,61,-0.6610444601525676,0.7931171740988134
noninteger_bin_demo,40,62,-0.9466528652410556,0.42104884493809336
noninteger_bin_demo,40,63,-0.9980643222436393,0.10634563867743566
noninteger_bin_demo,40,64,-0.9292055898748474,-0.3176223107468929
noninteger_bin_demo,40,65,-0.7017189659163836,-0.680463389685006
noninteger_bin_demo,40,66,-0.4580007547593159,-0.9180661152486148
noninteger_bin_demo,40,67,-0.016249449755637083,-0.9966492625379308
noninteger_bin_demo,40,68,0.3808146756620705,-0.91757035804635
noninteger_bin_demo,40,69,0.7364011211509599,-0.7001286342555734
noninteger_bin_demo,40,70,0.948119932162542,-0.33128777567418927
noninteger_bin_demo,40,71,1.0318965209893864,0.06662684679022343
noninteger_bin_demo,40,72,0.9019214952783386,0.5219580275435097
noninteger_bin_demo,40,73,0.6723098716219975,0.7822811826219556
noninteger_bin_demo,40,74,0.3142945305978208,0.9840852897906156
noninteger_bin_demo,40,75,-0.057450643871406255,1.010869025988564
noninteger_bin_demo,40,76,-0.4692836557897462,0.8302332143366664
noninteger_bin_demo,40,77,-0.8359816700145237,0.5349435135340029
noninteger_bin_demo,40,78,-1.0323648110722021,0.2661985436329434
noninteger_bin_demo,40,79,-1.0025826386206103,-0.20452727369902993
noninteger_bin_demo,40,80,-0.8274646070226733,-0.5393292919277275
noninteger_bin_demo,40,81,-0.4902097740720972,-0.8219928329117769
noninteger_bin_demo,40,82,-0.15174123569865391,-0.9979707574077941
noninteger_bin_demo,40,83,0.2940241295879414,-0.9593118239171742
noninteger_bin_demo,40,84,0.6220020490552967,-0.7827253661877668
noninteger_bin_demo,40,85,0.8727601771626914,-0.4817231602510396
noninteger_bin_demo,40,86,1.0313782982495614,-0.13643412919730977
noninteger_bin_demo,40,87,0.9542903633345668,0.30011682982964394
noninteger_bin_demo,40,88,0.7395429377056065,0.7227617448128776
noninteger_bin_demo,40,89,0.35938289685833263,0.9093155184246966
noninteger_bin_demo,40,90,0.027295882122272436,0.9590173659285751
noninteger_bin_demo,40,91,-0.33382504523536793,0.882200941474075
noninteger_bin_demo,40,92,-0.7279714457362094,0.7117080068942843
noninteger_bin_demo,40,93,-0.9146703664578872,0.39308268437502175
noninteger_bin_demo,40,94,-0.9942875221143264,-0.04470190638687718
noninteger_bin_demo,40,95,-0.8872074304115204,-0.4237371853294343
noninteger_bin_demo,40,96,-0.658972641950048,-0.8390777853862594
noninteger_bin_demo,40,97,-0.3408006602399217,-0.911739464182166
noninteger_bin_demo,40,98,0.11350459433072586,-0.9764684713732898
noninteger_bin_demo,40,99,0.5421577254619233,-0.8305050319557037
noninteger_bin_demo,40,100,0.7890750708732389,-0.69504494438926
noninteger_bin_demo,40,101,1.0156292198882195,-0.17076361712727653
noninteger_bin_demo,40,102,0.9566193054863027,0.12467896002332195
noninteger_bin_demo,40,103,0.8194274322079257,0.5193066458729575
noninteger_bin_demo,40,104,0.5384095994564575,0.9050744020137642
noninteger_bin_demo,40,105,0.11397214242063905,1.050150350631263
noninteger_bin_demo,40,106,-0.24381126778368717,0.9545449929794909
noninteger_bin_demo,40,107,-0.6344677225921362,0.7961141884408557
noninteger_bin_demo,40,108,-0.8694097430254287,0.48236069933737424
noninteger_bin_demo,40,109,-1.0066770303786752,0.0907983812301187
noninteger_bin_demo,40,110,-0.9319699919637121,-0.23957311328863165
noninteger_bin_demo,40,111,-0.7521100437910362,-0.7004448671421863
noninteger_bin_demo,40,112,-0.4142685760793672,-0.8760983216215754
noninteger_bin_demo,40,113,-0.026394295553520613,-1.038893351159749
noninteger_bin_demo,40,114,0.3635205243707328,-0.9581578698578856
noninteger_bin_demo,40,115,0.7311570990591049,-0.7304848172740042
noninteger_bin_demo,40,116,0.9270756386069408,-0.3586513415585587
noninteger_bin_demo,40,117,0.9894134027301302,0.0145168262463184
noninteger_bin_demo,40,118,0.8919727124556077,0.47810924123128373
noninteger_bin_demo,40,119,0.6311571380404114,0.726441952549263
noninteger_bin_demo,40,120,0.2749222559350074,0.8828792769394711
noninteger_bin_demo,40,121,-0.12028246637677045,0.957972665822532
noninteger_bin_demo,40,122,-0.49106998695921544,0.7836511697389088
noninteger_bin_demo,40,123,-0.8722666928452237,0.5786416305111756
noninteger_bin_demo,40,124,-0.9615959136095115,0.2370381488293412
noninteger_bin_demo,40,125,-1.030938600946478,-0.1699274474745048
noninteger_bin_demo,40,126,-0.7520200382536892,-0.5476658129444154
noninteger_bin_demo,40,127,-0.5149428902738851,-0.8825847872035733
noninteger_bin_demo,41,0,-0.9328597768438375,0.27419999502995873
noninteger_bin_demo,41,1,-0.9885611311758179,-0.14820955475236045
noninteger_bin_demo,41,2,-0.860268624773017,-0.5434205491240258
noninteger_bin_demo,41,3,-0.5550435138347944,-0.8250944739171165
noninteger_bin_demo,41,4,-0.2408471918987552,-0.9767786641600043
noninteger_bin_demo,41,5,0.2197478300896975,-0.9700207388928725
noninteger_bin_demo,41,6,0.5965524230168054,-0.70059635886386
noninteger_bin_demo,41,7,0.898015154475515,-0.5021726906785653
noninteger_bin_demo,41,8,0.9581517693243939,-0.16580330885512196
noninteger_bin_demo,41,9,0.9509630223605207,0.3326147918663773
noninteger_bin_demo,41,10,0.766366925137961,0.6711812224382635
noninteger_bin_demo,41,11,0.41532414694845887,0.8966921600504165
noninteger_bin_demo,41,12,0.025678750339971596,0.9771913824488336
noninteger_bin_demo,41,13,-0.3214990641048193,0.8887177637070023
noninteger_bin_demo,41,14,-0.6652094844663196,0.6854572724015803
noninteger_bin_demo,41,15,-0.9552618397726602,0.3697897945047817
noninteger_bin_demo,41,16,-0.9622234098837241,-0.06147817632777278
noninteger_bin_demo,41,17,-0.922498942131836,-0.41039521005770824
noninteger_bin_demo,41,18,-0.703507068960894,-0.7629561394962581
noninteger_bin_demo,41,19,-0.3206947090331741,-0.9685081931190938
noninteger_bin_demo,41,20,0.07375364813946117,-0.9485836762626751
noninteger_bin_demo,41,21,0.5121896595040338,-0.9013767000673754
noninteger_bin_demo,41,22,0.8451391874242763,-0.58466778824696
noninteger_bin_demo,41,23,0.9730669224615366,-0.2726675109578311
noninteger_bin_demo,41,24,0.9709376313574725,0.14363556124632815
noninteger_bin_demo,41,25,0.8608105722622935,0.5185074557705458
noninteger_bin_demo,41,26,0.5880595305594432,0.7906687450264687
noninteger_bin_demo,41,27,0.15697446250492245,1.015012928733187
noninteger_bin_demo,41,28,-0.15765040307789785,0.9753145694727258
noninteger_bin_demo,41,29,-0.5798784299141683,0.8079587488956441
noninteger_bin_demo,41,30,-0.8598354775171565,0.5047807713385377
noninteger_bin_demo,41,31,-1.0539971972444335,0.10903422295365243
noninteger_bin_demo,41,32,-1.0159958989196987,-0.26219400498775886
noninteger_bin_demo,41,33,-0.7953665340987418,-0.6577117376543851
noninteger_bin_demo,41,34,-0.40932406604478905,-0.8866406673435165
noninteger_bin_demo,41,35,-0.10621391128465005,-1.0360343985952052
noninteger_bin_demo,41,36,0.3527361470595967,-0.977344279804511
noninteger_bin_demo,41,37,0.7792614542109992,-0.6956546687380899
noninteger_bin_demo,41,38,0.9658661971059713,-0.38265281905354886
noninteger_bin_demo,41,39,1.0147651106964053,0.001437036507503299
noninteger_bin_demo,41,40,0.9039548142223577,0.40877264845270406
noninteger_bin_demo,41,41,0.7129384046715693,0.7427892042379165
noninteger_bin_demo,41,42,0.33058883877885353,1.0256117688685562
noninteger_bin_demo,41,43,-0.039125587393925604,0.99723050982835
noninteger_bin_demo,41,44,-0.43080897092045894,0.9165331678711214
noninteger_bin_demo,41,45,-0.8270380239555978,0.5707901255825011
noninteger_bin_demo,41,46,-0.9561836434002338,0.2914924585038302
noninteger_bin_demo,41,47,-0.935762837733369,-0.18086380870750637
noninteger_bin_demo,41,48,-0.8326763080412196,-0.5402386758399309
noninteger_bin_demo,41,49,-0.5718216162921328,-0.8201343805791756
noninteger_bin_demo,41,50,-0.18033201384196076,-1.0185152238026223
noninteger_bin_demo,41,51,0.23138432752244117,-0.954690723614501
noninteger_bin_demo,41,52,0.608145344435111,-0.8213258269067757
noninteger_bin_demo,41,53,0.8376231127978021,-0.465174319673193
noninteger_bin_demo,41,54,0.9948303193237095,-0.13692323740202472
noninteger_bin_demo,41,55,0.9606281771227408,0.3397441518221257
noninteger_bin_demo,41,56,0.7981545242465489,0.6417259933566378
noninteger_bin_demo,41,57,0.44485859209737194,0.9081392266000028
noninteger_bin_demo,41,58,0.028215768326937916,1.0536810872891011
noninteger_bin_demo,41,59,-0.34778759332054354,0.9392293652594284
noninteger_bin_demo,41,60,-0.6944471457719203,0.6925812684324447
noninteger_bin_demo,41,61,-0.8929181028050159,0.3643582688956369
noninteger_bin_demo,41,62,-1.002890797420077,-0.047304032247010665
noninteger_bin_demo,41,63,-0.9269475065233734,-0.39692247338321884
noninteger_bin_demo,41,64,-0.6247850722183914,-0.7659800631793358
noninteger_bin_demo,41,65,-0.31082825456428737,-0.9064488200803877
noninteger_bin_demo,41,66,0.12119331621705616,-0.9640183990505854
noninteger_bin_demo,41,67,0.4780222276350186,-0.8882591553124849
noninteger_bin_demo,41,68,0.7841725591597069,-0.6094301350856817
noninteger_bin_demo,41,69,0.9548612367884237,-0.266069586570412
noninteger_bin_demo,41,70,0.9926211518851807,0.14769433426136613
noninteger_bin_demo,41,71,0.8474316178959129,0.5710108917126886
noninteger_bin_demo,41,72,0.5665779137241141,0.8437567791026197
noninteger_bin_demo,41,73,0.1918694416833192,0.9580971692185664
noninteger_bin_demo,41,74,-0.2834378016537711,0.9356804228390493
noninteger_bin_demo,41,75,-0.661680011796786,0.793210904526803
noninteger_bin_demo,41,76,-0.8691027039790926,0.47099882426329714
noninteger_bin_demo,41,77,-1.046734900748525,0.07316847593585232
noninteger_bin_demo,41,78,-0.9723355674077413,-0.31742223961278293
noninteger_bin_demo,41,79,-0.7554924018153126,-0.6672973921529003
noninteger_bin_demo,41,80,-0.4394642197027901,-0.9584151244646248
noninteger_bin_demo,41,81,-0.039973440519991646,-1.00015211177868
noninteger_bin_demo,41,82,0.3537332243173447,-0.9094030725693417
noninteger_bin_demo,41,83,0.7153747911032992,-0.6515072891888178
noninteger_bin_demo,41,84,0.9728120416642518,-0.35988394644935223
noninteger_bin_demo,41,85,0.9769950018889223,-0.005990310131366881
noninteger_bin_demo,41,86,0.8758132721912959,0.36566366675575396
noninteger_bin_demo,41,87,0.6530470136968598,0.7429022991308001
noninteger_bin_demo,41,88,0.29782675857603425,0.9687240785673571
noninteger_bin_demo,41,89,-0.0379640195127367,0.9922788139743621
noninteger_bin_demo,41,90,-0.4536146442615482,0.8634872821902139
noninteger_bin_demo,41,91,-0.7808965912526012,0.5902904272490065
noninteger_bin_demo,41,92,-0.9312204340283451,0.2931252102608145
noninteger_bin_demo,41,93,-0.9653686781493731,-0.13745819819208344
noninteger_bin_demo,41,94,-0.8596584206188524,-0.5137230401197048
noninteger_bin_demo,41,95,-0.576185894592205,-0.800722905807995
noninteger_bin_demo,41,96,-0.1782364586990666,-0.9942528553608802
noninteger_bin_demo,41,97,0.23673579139932494,-0.9963669705277678
noninteger_bin_demo,41,98,0.5443807002562244,-0.8155395032205778
noninteger_bin_demo,41,99,0.8623330907661898,-0.521344903933419
noninteger_bin_demo,41,100,0.9740598904127178,-0.10923778661810475
noninteger_bin_demo,41,101,0.9882544768576942,0.2583717272926074
noninteger_bin_demo,41,102,0.761292206424747,0.6591254908886854
noninteger_bin_demo,41,103,0.4290494843093834,0.9129037116914219
noninteger_bin_demo,41,104,0.06865640387777547,0.9385105338665963
noninteger_bin_demo,41,105,-0.296869544172648,0.9200914085814721
noninteger_bin_demo,41,106,-0.6987755862691079,0.6885847339095094
noninteger_bin_demo,41,107,-0.9211514908099397,0.394485798567598
noninteger_bin_demo,41,108,-1.0453417780895213,-0.009165820624693854
noninteger_bin_demo,41,109,-0.8972446658795389,-0.42615491542457784
noninteger_bin_demo,41,110,-0.6249378799458793,-0.7529156283245265
noninteger_bin_demo,41,111,-0.32931979135248424,-0.942677022924321
noninteger_bin_demo,41,112,0.0946398857250382,-0.9836369321959602
noninteger_bin_demo,41,113,0.4807619379900856,-0.8552641808843052
noninteger_bin_demo,41,114,0.8222312280556564,-0.6354854723930979
noninteger_bin_demo,41,115,0.9763949861678036,-0.26561133718710783
noninteger_bin_demo,41,116,0.9809124033141936,0.1624150253062404
noninteger_bin_demo,41,117,0.8545984908968022,0.5823653640637569
noninteger_bin_demo,41,118,0.5755289032144092,0.8444890450000397
noninteger_bin_demo,41,119,0.15831654199528986,1.0198160724421088
noninteger_bin_demo,41,120,-0.2257223767757275,0.9561989940439217
noninteger_bin_demo,41,121,-0.5831362840099205,0.8149983391714797
noninteger_bin_demo,41,122,-0.8371351544957536,0.4991461755623873
noninteger_bin_demo,41,123,-0.963362690993989,0.05964661320393712
noninteger_bin_demo,41,124,-0.9600283501622434,-0.25595329215353335
noninteger_bin_demo,41,125,-0.8097116874500411,-0.6813840270413309
noninteger_bin_demo,41,126,-0.4617670230814242,-0.8746724539149499
noninteger_bin_demo,41,127,-0.04009194708055026,-0.9808642898250323
noninteger_bin_demo,42,0,-0.9537797316080608,-0.27718954871318663
noninteger_bin_demo,42,1,-0.7259874961500129,-0.5834587309377722
noninteger_bin_demo,42,2,-0.4134489495139646,-0.8625528051892458
noninteger_bin_demo,42,3,-0.11512158516146284,-0.968610468653787
noninteger_bin_demo,42,4,0.38244411092028335,-0.9620703894922226
noninteger_bin_demo,42,5,0.6597571408507167,-0.6830960836215453
noninteger_bin_demo,42,6,0.9030109165116876,-0.37215795200762974
noninteger_bin_demo,42,7,1.0113118681685702,-0.016601299958898412
noninteger_bin_demo,42,8,0.9131014137730351,0.3545293098096266
noninteger_bin_demo,42,9,0.678384928920626,0.7437447063178146
noninteger_bin_demo,42,10,0.29282238680753764,0.9238467712737981
noninteger_bin_demo,42,11,-0.09349742866809224,1.02988994842331
noninteger_bin_demo,42,12,-0.41982729631819415,0.892832137804402
noninteger_bin_demo,42,13,-0.7792629744770441,0.6115254806023894
noninteger_bin_demo,42,14,-0.9365222138462654,0.27023268157523556
noninteger_bin_demo,42,15,-1.0004189815522122,-0.1779227629981386
noninteger_bin_demo,42,16,-0.8098369351342557,-0.5293204964962213
noninteger_bin_demo,42,17,-0.5768666420583534,-0.8567132776503114
noninteger_bin_demo,42,18,-0.1810262093544183,-1.0107227575083948
noninteger_bin_demo,42,19,0.24215922259474076,-0.9987270075433856
noninteger_bin_demo,42,20,0.5536282919071585,-0.8071954989335356
noninteger_bin_demo,42,21,0.8359712409497517,-0.5137827144955617
noninteger_bin_demo,42,22,0.9775367382470423,-0.1829067480428878
noninteger_bin_demo,42,23,1.006188514010193,0.3024697047626396
noninteger_bin_demo,42,24,0.7907363681863886,0.6141416195595185
noninteger_bin_demo,42,25,0.47761546954664125,0.8371309685755947
noninteger_bin_demo,42,26,0.058849993568224096,1.0035883432053794
noninteger_bin_demo,42,27,-0.2997920172158591,1.0422346959969448
noninteger_bin_demo,42,28,-0.6533255128391301,0.6874047696559149
noninteger_bin_demo,42,29,-0.93105788793372,0.4003229743718342
noninteger_bin_demo,42,30,-0.9594440899088785,-0.05981540697416256
noninteger_bin_demo,42,31,-0.8821645555158973,-0.40423928497292394
noninteger_bin_demo,42,32,-0.6933288542911727,-0.7158069232847345
noninteger_bin_demo,42,33,-0.2993881874105045,-0.907187419292323
noninteger_bin_demo,42,34,0.07591839603298578,-0.9884380088037685
noninteger_bin_demo,42,35,0.44373534466039105,-0.8605773270812188
noninteger_bin_demo,42,36,0.7276009504675665,-0.6238655688822202
noninteger_bin_demo,42,37,0.9825070063628204,-0.2810995261729978
noninteger_bin_demo,42,38,0.9527472388451381,0.10822591882333739
noninteger_bin_demo,42,39,0.823167735914094,0.5401050010603691
noninteger_bin_demo,42,40,0.5426097570062055,0.8523708174277463
noninteger_bin_demo,42,41,0.17011850664804978,0.916604048508335
noninteger_bin_demo,42,42,-0.2670483459549332,0.9635543550348911
noninteger_bin_demo,42,43,-0.585604649766773,0.8126146546593864
noninteger_bin_demo,42,44,-0.863161559075963,0.528294035278776
noninteger_bin_demo,42,45,-0.9626411999094185,0.1262435218772865
noninteger_bin_demo,42,46,-0.9569970543193848,-0.2798744542088874
noninteger_bin_demo,42,47,-0.7550137753307458,-0.6461449162213082
noninteger_bin_demo,42,48,-0.48166764404718776,-0.9429544256532087
noninteger_bin_demo,42,49,-0.028928546753938543,-0.9111905142258276
noninteger_bin_demo,42,50,0.34419886329396243,-0.9243243376595124
noninteger_bin_demo,42,51,0.6657819803412272,-0.6429695547143714
noninteger_bin_demo,42,52,0.9285365938413584,-0.4005436049219843
noninteger_bin_demo,42,53,0.9996795214101729,0.029645872001890932
noninteger_bin_demo,42,54,0.8832516002355127,0.41010167652178114
noninteger_bin_demo,42,55,0.6781549971205323,0.7658485108562879
noninteger_bin_demo,42,56,0.3531094780299844,0.9156717925418906
noninteger_bin_demo,42,57,-0.07883404820309402,0.9973592718515077
noninteger_bin_demo,42,58,-0.4400776634632287,0.8796602681073762
noninteger_bin_demo,42,59,-0.793245788629834,0.6620062633113164
noninteger_bin_demo,42,60,-0.9353517041301721,0.23482447537018097
noninteger_bin_demo,42,61,-1.045945102914138,-0.10548634673080162
noninteger_bin_demo,42,62,-0.8315698699831744,-0.5140905830885717
noninteger_bin_demo,42,63,-0.5551046291432943,-0.87574166959801
noninteger_bin_demo,42,64,-0.16145161764932595,-0.9290439473037185
noninteger_bin_demo,42,65,0.1733259326477101,-0.9692480500122458
noninteger_bin_demo,42,66,0.5889070068376414,-0.7840532820267337
noninteger_bin_demo,42,67,0.9047241540176068,-0.5382204098279614
noninteger_bin_demo,42,68,1.0035982667806118,-0.1298161172762694
noninteger_bin_demo,42,69,0.9408736494450612,0.31057368240249145
noninteger_bin_demo,42,70,0.8325947587358666,0.6472470938359338
noninteger_bin_demo,42,71,0.45924759041958224,0.9096119672293784
noninteger_bin_demo,42,72,-0.0065700583919741234,1.0129867365690872
noninteger_bin_demo,42,73,-0.3367240479416919,0.930777004751496
noninteger_bin_demo,42,74,-0.7257968657652077,0.79305788900232
noninteger_bin_demo,42,75,-0.9432256319759804,0.36186392867425843
noninteger_bin_demo,42,76,-0.9961570662643979,-0.020182937272420966
noninteger_bin_demo,42,77,-0.9356710476948983,-0.38869830884179696
noninteger_bin_demo,42,78,-0.6749506125634186,-0.7058486484060393
noninteger_bin_demo,42,79,-0.2642703808863007,-0.9311618845896585
noninteger_bin_demo,42,80,0.05400392516704734,-1.059687601625243
noninteger_bin_demo,42,81,0.43807755250139213,-0.8916736258560454
noninteger_bin_demo,42,82,0.8251486097033455,-0.5744711393179697
noninteger_bin_demo,42,83,0.9294547167610074,-0.2745894170471716
noninteger_bin_demo,42,84,0.966993609260559,0.12800634812487782
noninteger_bin_demo,42,85,0.8034690433146181,0.5010809492128393
noninteger_bin_demo,42,86,0.6063273246889509,0.8722219722905209
noninteger_bin_demo,42,87,0.23115213721832023,1.0620864972179718
noninteger_bin_demo,42,88,-0.23551343756728768,1.0265506678057612
noninteger_bin_demo,42,89,-0.6080208511955156,0.8049441874997657
noninteger_bin_demo,42,90,-0.7901018716561063,0.47274555132882856
noninteger_bin_demo,42,91,-1.0054086106125784,0.10515655592937959
noninteger_bin_demo,42,92,-0.9495464783522888,-0.29788158711078144
noninteger_bin_demo,42,93,-0.7458160004780571,-0.6182776579199288
noninteger_bin_demo,42,94,-0.4039948685720223,-0.8838817805787019
noninteger_bin_demo,42,95,-0.073176449703545,-0.9698397004432583
noninteger_bin_demo,42,96,0.375241254059208,-0.9465010809688004
noninteger_bin_demo,42,97,0.6928425243760651,-0.7539063899356634
noninteger_bin_demo,42,98,0.9132936281535751,-0.3808025957317118
noninteger_bin_demo,42,99,1.0246227111761117,0.006799904484698911
noninteger_bin_demo,42,100,0.9090513349457409,0.42976133544503814
noninteger_bin_demo,42,101,0.6691173417108623,0.7667762994047266
noninteger_bin_demo,42,102,0.34849447545346374,1.0011670802371153
noninteger_bin_demo,42,103,-0.0773610034591086,0.9771778172046948
noninteger_bin_demo,42,104,-0.46703394805495513,0.8585962697284272
noninteger_bin_demo,42,105,-0.7585001401229806,0.6109045308407873
noninteger_bin_demo,42,106,-0.9389153546148911,0.22657931854974897
noninteger_bin_demo,42,107,-0.9633302451985776,-0.1584772082876921
noninteger_bin_demo,42,108,-0.8739679176832365,-0.5398485224195659
noninteger_bin_demo,42,109,-0.5340014778720958,-0.8190640185589069
noninteger_bin_demo,42,110,-0.20075673898609497,-1.0175706180337056
noninteger_bin_demo,42,111,0.18009731132368637,-0.957297050701284
noninteger_bin_demo,42,112,0.5991253217983751,-0.7895794840902415
noninteger_bin_demo,42,113,0.8978805949468119,-0.49614085337044656
noninteger_bin_demo,42,114,0.947772408428184,-0.06738984664224196
noninteger_bin_demo,42,115,1.0337472231833944,0.281375702773541
noninteger_bin_demo,42,116,0.7649893131205379,0.6358383916795294
noninteger_bin_demo,42,117,0.46175555931341966,0.8560660275121091
noninteger_bin_demo,42,118,0.054130755175249984,1.01269918421749
noninteger_bin_demo,42,119,-0.3551842445720591,0.9061080828144361
noninteger_bin_demo,42,120,-0.6715396355635894,0.725282742268091
noninteger_bin_demo,42,121,-0.9317932879341291,0.40234073796505027
noninteger_bin_demo,42,122,-1.034092979037198,-0.024698769462054744
noninteger_bin_demo,42,123,-0.9143968635750186,-0.4457037897567804
noninteger_bin_demo,42,124,-0.7005095883239114,-0.7414880237997217
noninteger_bin_demo,42,125,-0.31595213831569197,-0.9211968283206081
noninteger_bin_demo,42,126,0.0527672840233892,-0.983096957723286
noninteger_bin_demo,42,127,0.48638338121595376,-0.8733697478503395
noninteger_bin_demo,43,0,-0.682280121163619,-0.6893496354320431
noninteger_bin_demo,43,1,-0.347205720208518,-0.9703130996978702
noninteger_bin_demo,43,2,0.11437030669930986,-0.9954141894951116
noninteger_bin_demo,43,3,0.456747824147382,-0.8873232718079676
noninteger_bin_demo,43,4,0.7363309834579791,-0.6677341486045951
noninteger_bin_demo,43,5,0.9456368379331273,-0.2195345969558123
noninteger_bin_demo,43,6,0.9737515273004644,0.15786611188860164
noninteger_bin_demo,43,7,0.9102953257745964,0.526302206835543
noninteger_bin_demo,43,8,0.5703737332777532,0.7862048232551274
noninteger_bin_demo,43,9,0.25634955396049036,1.0114929654005078
noninteger_bin_demo,43,10,-0.1601986667371071,1.0129576494313592
noninteger_bin_demo,43,11,-0.5759385188070584,0.7858779121178328
noninteger_bin_demo,43,12,-0.8464405668789374,0.516053088173424
noninteger_bin_demo,43,13,-1.0082349787830993,0.17977519830987912
noninteger_bin_demo,43,14,-0.8866328603978141,-0.23750030474352618
noninteger_bin_demo,43,15,-0.7770569381205921,-0.6733564448038978
noninteger_bin_demo,43,16,-0.466865613778325,-0.9282037613562112
noninteger_bin_demo,43,17,-0.053000865333617427,-0.992449044347183
noninteger_bin_demo,43,18,0.3007789115560917,-0.9489967993096554
noninteger_bin_demo,43,19,0.6893183651166087,-0.8205435468593684
noninteger_bin_demo,43,20,0.9303643428724645,-0.4184139220560858
noninteger_bin_demo,43,21,0.9967500205065877,-0.07862633328068337
noninteger_bin_demo,43,22,0.9274837020880244,0.3289585982092135
noninteger_bin_demo,43,23,0.6942540229360928,0.7249551071801258
noninteger_bin_demo,43,24,0.31939850674789605,0.9250358307623164
noninteger_bin_demo,43,25,-0.0409127912779484,0.9772318134352955
noninteger_bin_demo,43,26,-0.4012887140245984,0.9550621540660107
noninteger_bin_demo,43,27,-0.7851722543906317,0.6562418830563163
noninteger_bin_demo,43,28,-0.961090813993012,0.2509925518387447
noninteger_bin_demo,43,29,-0.9981219852119806,-0.12108389517451935
noninteger_bin_demo,43,30,-0.8861055868308172,-0.510475572891027
noninteger_bin_demo,43,31,-0.6114499499118059,-0.8028031239807493
noninteger_bin_demo,43,32,-0.24990753386621029,-0.9653177701951058
noninteger_bin_demo,43,33,0.18267993866443882,-1.0192944838532816
noninteger_bin_demo,43,34,0.5762996677706436,-0.8372746946755174
noninteger_bin_demo,43,35,0.8623869403047537,-0.5291123659100236
noninteger_bin_demo,43,36,1.0138260977211333,-0.09026176459125275
noninteger_bin_demo,43,37,0.9628754144641029,0.23372892050918118
noninteger_bin_demo,43,38,0.7801597808664855,0.631450761078863
noninteger_bin_demo,43,39,0.4674910432032051,0.9214445532161593
noninteger_bin_demo,43,40,0.05687576147184857,0.9979000722671784
noninteger_bin_demo,43,41,-0.3240328509169952,0.9203620679903116
noninteger_bin_demo,43,42,-0.6771491261090015,0.7458026072431567
noninteger_bin_demo,43,43,-0.9306703399576676,0.46281881944271747
noninteger_bin_demo,43,44,-1.0346527475465206,-0.025183730125303477
noninteger_bin_demo,43,45,-0.8948327406178632,-0.36264257100779473
noninteger_bin_demo,43,46,-0.707905473598645,-0.7478081872153775
noninteger_bin_demo,43,47,-0.2875070672939783,-0.9590882434076592
noninteger_bin_demo,43,48,0.1452982084358347,-0.975876839341859
noninteger_bin_demo,43,49,0.38701387175738444,-0.882847663641569
noninteger_bin_demo,43,50,0.7326906837993794,-0.6641858467739784
noninteger_bin_demo,43,51,0.9557902307244688,-0.3074814712822504
noninteger_bin_demo,43,52,0.9855533160877809,0.120063935711015
noninteger_bin_demo,43,53,0.8194196999930118,0.5150830801434461
noninteger_bin_demo,43,54,0.5887641708935212,0.7925242960576148
noninteger_bin_demo,43,55,0.18566318381033828,1.0037062135289185
noninteger_bin_demo,43,56,-0.2050085900779806,1.018743037216224
noninteger_bin_demo,43,57,-0.5208381614026534,0.8300994063074861
noninteger_bin_demo,43,58,-0.9007910343679192,0.4922889928482331
noninteger_bin_demo,43,59,-0.9536454614705303,0.13469166487070794
noninteger_bin_demo,43,60,-0.9835626305359505,-0.25446316513374906
noninteger_bin_demo,43,61,-0.73788373604273,-0.6328432111574848
noninteger_bin_demo,43,62,-0.4505031150993254,-0.8682729972709697
noninteger_bin_demo,43,63,-0.04084894482160487,-0.9854359276156688
noninteger_bin_demo,43,64,0.32183252501268744,-0.9937386125002899
noninteger_bin_demo,43,65,0.6816768588298457,-0.7219087196550741
noninteger_bin_demo,43,66,0.8949645035918167,-0.3904278985868039
noninteger_bin_demo,43,67,1.001160929317998,-0.05943116476354776
noninteger_bin_demo,43,68,0.9459351757368175,0.45287948153432384
noninteger_bin_demo,43,69,0.7502491335447402,0.7075579611451372
noninteger_bin_demo,43,70,0.34112510021924114,0.9694856870693253
noninteger_bin_demo,43,71,-0.09220835709896592,0.9984509250792435
noninteger_bin_demo,43,72,-0.4302590321214383,0.8681260038578972
noninteger_bin_demo,43,73,-0.6923436813350907,0.6984082964656123
noninteger_bin_demo,43,74,-1.0084992919954627,0.2446796687303769
noninteger_bin_demo,43,75,-0.9887841632234974,-0.15087212955847468
noninteger_bin_demo,43,76,-0.8981291896824737,-0.519228372870841
noninteger_bin_demo,43,77,-0.5621075314342484,-0.8274843898263179
noninteger_bin_demo,43,78,-0.21097566867659737,-0.9817486788458984
noninteger_bin_demo,43,79,0.18527535504661313,-0.9400888489719762
noninteger_bin_demo,43,80,0.5746782605640613,-0.8121050451687463
noninteger_bin_demo,43,81,0.8567229708958422,-0.5432828672269019
noninteger_bin_demo,43,82,0.9936032879557098,-0.15371955646446436
noninteger_bin_demo,43,83,0.9910025683955269,0.27676285222539904
noninteger_bin_demo,43,84,0.8246264429839861,0.5737767368598615
noninteger_bin_demo,43,85,0.4932654030345659,0.8050306989571362
noninteger_bin_demo,43,86,0.03448921863178357,0.9792711125286097
noninteger_bin_demo,43,87,-0.2875205663477616,0.9283306248691896
noninteger_bin_demo,43,88,-0.6565633035291638,0.735225478113973
noninteger_bin_demo,43,89,-0.9247638732001399,0.4702742099385025
noninteger_bin_demo,43,90,-0.9638183762517858,0.03480611842973348
noninteger_bin_demo,43,91,-0.925118611077962,-0.354320162482032
noninteger_bin_demo,43,92,-0.7194405492229851,-0.759461313158781
noninteger_bin_demo,43,93,-0.341832730595387,-0.9503494567015862
noninteger_bin_demo,43,94,0.028405806099004116,-1.0023783399686348
noninteger_bin_demo,43,95,0.44718259891156686,-0.8994796317366331
noninteger_bin_demo,43,96,0.7639291540195977,-0.627461347138823
noninteger_bin_demo,43,97,0.9446631619899821,-0.23959418012378286
noninteger_bin_demo,43,98,1.0214407959629062,0.13010041391884514
noninteger_bin_demo,43,99,0.8328568846661868,0.4901484596154853
noninteger_bin_demo,43,100,0.5772247358303267,0.7964910957547374
noninteger_bin_demo,43,101,0.23444693869521904,0.9592098251651682
noninteger_bin_demo,43,102,-0.2101417747197805,0.964116512477575
noninteger_bin_demo,43,103,-0.5638945371884412,0.7891429092483057
noninteger_bin_demo,43,104,-0.8567327483507063,0.5157715712208609
noninteger_bin_demo,43,105,-0.9735455403056059,0.11246681806182203
noninteger_bin_demo,43,106,-0.958046312666497,-0.22260186853101177
noninteger_bin_demo,43,107,-0.7734549329174671,-0.6269476800452001
noninteger_bin_demo,43,108,-0.4816315489637709,-0.873137687913695
noninteger_bin_demo,43,109,-0.12871211858180306,-1.0044301470897876
noninteger_bin_demo,43,110,0.34556321850721067,-0.8891876004842735
noninteger_bin_demo,43,111,0.704376821045484,-0.7340098935077375
noninteger_bin_demo,43,112,0.9197101389341164,-0.36259217860351706
noninteger_bin_demo,43,113,1.0199831996944693,0.0180265707283026
noninteger_bin_demo,43,114,0.9473539460009985,0.3892502350855882
noninteger_bin_demo,43,115,0.7012243607709013,0.7048307326003949
noninteger_bin_demo,43,116,0.3408745282981962,0.9672091091395754
noninteger_bin_demo,43,117,-0.09007536731938345,0.9859027354681014
noninteger_bin_demo,43,118,-0.4489281950186544,0.8991020445330692
noninteger_bin_demo,43,119,-0.7483350604829102,0.597779295476256
noninteger_bin_demo,43,120,-0.980376973597585,0.2962593293187106
noninteger_bin_demo,43,121,-0.9925094976493852,-0.1640612694766248
noninteger_bin_demo,43,122,-0.8707424721527527,-0.5370865848399476
noninteger_bin_demo,43,123,-0.566619737844065,-0.8115190050867552
noninteger_bin_demo,43,124,-0.22068906086938114,-1.015244689974806
noninteger_bin_demo,43,125,0.18465575172067134,-0.9514468368124847
noninteger_bin_demo,43,126,0.5330468135362059,-0.8381508343967756
noninteger_bin_demo,43,127,0.8516638572520155,-0.5346118565855558
noninteger_bin_demo,44,0,-0.2556574570530969,-0.968977699392302
noninteger_bin_demo,44,1,0.1382770693761602,-1.027001046362256
noninteger_bin_demo,44,2,0.4963712593817438,-0.8609701911786144
noninteger_bin_demo,44,3,0.8203605188845671,-0.4939835625060032
noninteger_bin_demo,44,4,0.9839164728300264,-0.20062231559505284
noninteger_bin_demo,44,5,0.9563291457384911,0.19688282609577207
noninteger_bin_demo,44,6,0.7897005747881771,0.6080608432975806
noninteger_bin_demo,44,7,0.4692894824082905,0.8458420348996609
noninteger_bin_demo,44,8,0.0603357381924229,0.9836960918271084
noninteger_bin_demo,44,9,-0.27631182229680695,0.9732907393903338
noninteger_bin_demo,44,10,-0.6729821300156118,0.7098215352717688
noninteger_bin_demo,44,11,-0.9236374746806275,0.3606614349373414
noninteger_bin_demo,44,12,-0.9945406053191215,0.02163008148546179
noninteger_bin_demo,44,13,-0.9010472123196559,-0.33602093525772614
noninteger_bin_demo,44,14,-0.7056199780796549,-0.7631709922543093
noninteger_bin_demo,44,15,-0.3550825322750843,-0.9089617377395774
noninteger_bin_demo,44,16,0.07081349675177559,-1.0162701350584054
noninteger_bin_demo,44,17,0.4043021151074207,-0.9047936637387914
noninteger_bin_demo,44,18,0.6940249428544507,-0.6437609075352779
noninteger_bin_demo,44,19,0.9634020408798386,-0.28146406195328033
noninteger_bin_demo,44,20,0.9980033645363368,0.11208356689392679
noninteger_bin_demo,44,21,0.8858254732094946,0.4504596802784382
noninteger_bin_demo,44,22,0.5485340220163115,0.8050130179636001
noninteger_bin_demo,44,23,0.2539837420591638,0.9497694838063948
noninteger_bin_demo,44,24,-0.14957050196490085,1.034375103613656
noninteger_bin_demo,44,25,-0.6320336214180677,0.8722168687881142
noninteger_bin_demo,44,26,-0.8841777186293579,0.5367375542571687
noninteger_bin_demo,44,27,-0.9292785431898383,0.16998420251277396
noninteger_bin_demo,44,28,-0.9636005033974797,-0.2098807455340374
noninteger_bin_demo,44,29,-0.7413639050874147,-0.6078673539705485
noninteger_bin_demo,44,30,-0.4859695744611988,-0.8878580681178807
noninteger_bin_demo,44,31,-0.07989266536131721,-0.9252657923714758
noninteger_bin_demo,44,32,0.32070497041787166,-0.9533612060292256
noninteger_bin_demo,44,33,0.6665167575744373,-0.7898586950216167
noninteger_bin_demo,44,34,0.8956774164519984,-0.4404036842054249
noninteger_bin_demo,44,35,0.9875538158479052,-0.014608557071169431
noninteger_bin_demo,44,36,0.9549598324681409,0.3887727626557999
noninteger_bin_demo,44,37,0.7442815465205752,0.6990380047044409
noninteger_bin_demo,44,38,0.38500352603777815,0.9370145889605798
noninteger_bin_demo,44,39,-0.022774586384872328,1.0327707491505962
noninteger_bin_demo,44,40,-0.43449350082824567,0.8586813489978465
noninteger_bin_demo,44,41,-0.7322078211465436,0.6190640468996935
noninteger_bin_demo,44,42,-0.9538115472280622,0.28389479529253553
noninteger_bin_demo,44,43,-1.0031561904667423,-0.12158941350249641
noninteger_bin_demo,44,44,-0.8565045246128558,-0.4722621950655214
noninteger_bin_demo,44,45,-0.5974384608481017,-0.7608443650825126
noninteger_bin_demo,44,46,-0.20395934693642753,-0.9653972482858313
noninteger_bin_demo,44,47,0.184445762027884,-0.9709052691910904
noninteger_bin_demo,44,48,0.5941293696813827,-0.7986733814497252
noninteger_bin_demo,44,49,0.8111248856790505,-0.5243336439360663
noninteger_bin_demo,44,50,0.960801943916119,-0.15191625554898175
noninteger_bin_demo,44,51,0.9760026586686821,0.25355568438433707
noninteger_bin_demo,44,52,0.8013928435401598,0.6086969671953875
noninteger_bin_demo,44,53,0.4730986261766538,0.906647360352755
noninteger_bin_demo,44,54,0.08214945815867794,0.9946845691169044
noninteger_bin_demo,44,55,-0.3506975656245117,0.9421146593208969
noninteger_bin_demo,44,56,-0.6852177595352046,0.7451430439240996
noninteger_bin_demo,44,57,-0.8608894003136522,0.40155752465025973
noninteger_bin_demo,44,58,-1.0074380509247927,0.01702953062478126
noninteger_bin_demo,44,59,-0.9686353660808346,-0.3836177287170025
noninteger_bin_demo,44,60,-0.7175883779051537,-0.7334812684236656
noninteger_bin_demo,44,61,-0.322260381087032,-0.9335239602296272
noninteger_bin_demo,44,62,0.08537499569136374,-1.002893821608924
noninteger_bin_demo,44,63,0.39653363052972224,-0.9170940875017157
noninteger_bin_demo,44,64,0.7352320082312207,-0.648409448132193
noninteger_bin_demo,44,65,0.9435119923289051,-0.2564345015386895
noninteger_bin_demo,44,66,0.9925164512975099,0.08639477121062247
noninteger_bin_demo,44,67,0.8370221312288666,0.4865433862670886
noninteger_bin_demo,44,68,0.6077797105009201,0.7737079076782611
noninteger_bin_demo,44,69,0.22232104537889208,0.982593375861045
noninteger_bin_demo,44,70,-0.17472912002185095,0.9332592223882639
noninteger_bin_demo,44,71,-0.5349104037681536,0.8458406563317182
noninteger_bin_demo,44,72,-0.8614115638203996,0.5011010785062738
noninteger_bin_demo,44,73,-0.9914849532214036,0.09610138012950008
noninteger_bin_demo,44,74,-0.989479415229854,-0.2432310544831998
noninteger_bin_demo,44,75,-0.8049163785044032,-0.5654390249263211
noninteger_bin_demo,44,76,-0.4987469529267561,-0.8971208831262089
noninteger_bin_demo,44,77,-0.10644126389233126,-1.016013592001607
noninteger_bin_demo,44,78,0.40279340316950285,-0.9520979188601937
noninteger_bin_demo,44,79,0.6638255023648184,-0.7745160589717259
noninteger_bin_demo,44,80,0.8667772191119005,-0.39487085117403886
noninteger_bin_demo,44,81,0.9766854708114445,-0.020935107100662997
noninteger_bin_demo,44,82,0.9378983649147437,0.37871119915948087
noninteger_bin_demo,44,83,0.6659927847916183,0.733889981928357
noninteger_bin_demo,44,84,0.34501452593967286,0.9878751181881484
noninteger_bin_demo,44,85,-0.029429212286410926,1.0100833415153236
noninteger_bin_demo,44,86,-0.45122080286729516,0.9083633716643816
noninteger_bin_demo,44,87,-0.7391265727502886,0.6492414312374505
noninteger_bin_demo,44,88,-0.9483141797873804,0.2827592889930163
noninteger_bin_demo,44,89,-1.0322829702798169,-0.1183426986962581
noninteger_bin_demo,44,90,-0.7941257124069722,-0.47551015641155286
noninteger_bin_demo,44,91,-0.563659216168303,-0.8265134780112121
noninteger_bin_demo,44,92,-0.22597108422258502,-0.9365649195489533
noninteger_bin_demo,44,93,0.17780139196710817,-0.9433337437368207
noninteger_bin_demo,44,94,0.5585665315112088,-0.8237508763202518
noninteger_bin_demo,44,95,0.907725951558268,-0.5556755686891514
noninteger_bin_demo,44,96,1.0651050387289949,-0.14889966702713495
noninteger_bin_demo,44,97,0.983106001130605,0.24592874983699498
noninteger_bin_demo,44,98,0.7688004638517586,0.6354794849248521
noninteger_bin_demo,44,99,0.4401486500831349,0.8714215999414845
noninteger_bin_demo,44,100,0.03661611232919623,0.964499361966393
noninteger_bin_demo,44,101,-0.3272144470011125,0.9674700727949065
noninteger_bin_demo,44,102,-0.6805816496200758,0.7389516082116807
noninteger_bin_demo,44,103,-0.886395384001579,0.43857700862914256
noninteger_bin_demo,44,104,-1.0263355723163798,-0.032577893271208413
noninteger_bin_demo,44,105,-0.9568027852536909,-0.338163505030371
noninteger_bin_demo,44,106,-0.7307278740383285,-0.6848003714953591
noninteger_bin_demo,44,107,-0.33987868395341775,-0.9035670559892035
noninteger_bin_demo,44,108,0.10658349798268482,-0.946339303607469
noninteger_bin_demo,44,109,0.4747613065643186,-0.886230263683847
noninteger_bin_demo,44,110,0.7928584559085201,-0.637388267297266
noninteger_bin_demo,44,111,0.98985094078803,-0.304948747817268
noninteger_bin_demo,44,112,1.0038875156007447,0.10849767897877106
noninteger_bin_demo,44,113,0.8797527027935993,0.44679776841651725
noninteger_bin_demo,44,114,0.5904745866441596,0.8102680161255882
noninteger_bin_demo,44,115,0.17507696233609019,0.9948359520711433
noninteger_bin_demo,44,116,-0.17658916451461873,1.0108957535487917
noninteger_bin_demo,44,117,-0.5448734675389577,0.8254939399634315
noninteger_bin_demo,44,118,-0.7997841955681282,0.5512279605158129
noninteger_bin_demo,44,119,-0.966324141823691,0.18263379716048767
noninteger_bin_demo,44,120,-0.9259818275644116,-0.17730957980008444
noninteger_bin_demo,44,121,-0.7578153331008907,-0.6551826054009271
noninteger_bin_demo,44,122,-0.449905587157846,-0.9017860374639374
noninteger_bin_demo,44,123,-0.11705756917285108,-0.9335183193666432
noninteger_bin_demo,44,124,0.26663541667194346,-0.9921692850574874
noninteger_bin_demo,44,125,0.6960357453581166,-0.7405703325249798
noninteger_bin_demo,44,126,0.8854046369485711,-0.36006753618237625
noninteger_bin_demo,44,127,0.9831204988261844,0.006259114826986361
noninteger_bin_demo,45,0,0.26699028755557164,-1.0088364472138565
noninteger_bin_demo,45,1,0.6645010695485154,-0.816610012903407
noninteger_bin_demo,45,2,0.8650161488552496,-0.4606210838244498
noninteger_bin_demo,45,3,1.0025563736028285,-0.02273851970332499
noninteger_bin_demo,45,4,0.9336371060314681,0.2842534364623754
noninteger_bin_demo,45,5,0.7481082689077933,0.65110997145124
noninteger_bin_demo,45,6,0.3957478177154019,0.9187737948925436
noninteger_bin_demo,45,7,-0.03336398192828598,1.0217469282407419
noninteger_bin_demo,45,8,-0.4074266351385644,0.8182375808476968
noninteger_bin_demo,45,9,-0.6780036329655457,0.7124574872685716
noninteger_bin_demo,45,10,-0.9046984675005314,0.32897483065305677
noninteger_bin_demo,45,11,-1.006306306119555,-0.12216603133072665
noninteger_bin_demo,45,12,-0.879939887344858,-0.4870321818927221
noninteger_bin_demo,45,13,-0.6009749115771569,-0.7674189451595604
noninteger_bin_demo,45,14,-0.24204904200945968,-0.9291441524995847
noninteger_bin_demo,45,15,0.2003565048569158,-0.9933175118970344
noninteger_bin_demo,45,16,0.5375391763753505,-0.8899384464621363
noninteger_bin_demo,45,17,0.8126869875844054,-0.5741078421520247
noninteger_bin_demo,45,18,0.966280595804873,-0.19106263310737917
noninteger_bin_demo,45,19,0.9374439364678486,0.24791876851245365
noninteger_bin_demo,45,20,0.794351078919493,0.5601483515361808
noninteger_bin_demo,45,21,0.5371743342034849,0.8780743895853848
noninteger_bin_demo,45,22,0.0688857421476061,0.9866097277046108
noninteger_bin_demo,45,23,-0.25679223221228786,0.9603146148298994
noninteger_bin_demo,45,24,-0.6689085974145907,0.791056006650073
noninteger_bin_demo,45,25,-0.8777143427325936,0.4624213045520824
noninteger_bin_demo,45,26,-0.9403483830396587,-0.016511176463874462
noninteger_bin_demo,45,27,-0.9348935372629457,-0.372975962720976
noninteger_bin_demo,45,28,-0.7105880519761035,-0.7076390249964702
noninteger_bin_demo,45,29,-0.3182979790846997,-0.9265301608438171
noninteger_bin_demo,45,30,0.07380983101000388,-1.0032829970428
noninteger_bin_demo,45,31,0.40120978424766146,-0.9183277205638093
noninteger_bin_demo,45,32,0.7877481927618025,-0.6619645776832436
noninteger_bin_demo,45,33,0.9391871698220785,-0.28224432526288973
noninteger_bin_demo,45,34,1.026295445973971,0.13332413123914078
noninteger_bin_demo,45,35,0.8460828791011872,0.4547285616009839
noninteger_bin_demo,45,36,0.6535062739502553,0.8043385131620622
noninteger_bin_demo,45,37,0.20275176889163374,0.9515568287028168
noninteger_bin_demo,45,38,-0.1987073822892603,1.0150939354903263
noninteger_bin_demo,45,39,-0.5716734344552392,0.8036603886572683
noninteger_bin_demo,45,40,-0.8432105672446412,0.6104816311602542
noninteger_bin_demo,45,41,-1.0138225964646514,0.18836905541856416
noninteger_bin_demo,45,42,-1.0017764922036287,-0.2579537806560492
noninteger_bin_demo,45,43,-0.8264336269952623,-0.5704163521942046
noninteger_bin_demo,45,44,-0.4826441308718201,-0.812691036325364
noninteger_bin_demo,45,45,-0.09861129961613517,-0.9855650322009953
noninteger_bin_demo,45,46,0.31858186661587923,-1.001326024901009
noninteger_bin_demo,45,47,0.6598525868706796,-0.7314504738104787
noninteger_bin_demo,45,48,0.8826384258775183,-0.38590906245052337
noninteger_bin_demo,45,49,1.039493667723837,-0.027760257499825136
noninteger_bin_demo,45,50,0.9492860431348286,0.360137863441442
noninteger_bin_demo,45,51,0.7310188091033414,0.655535091002202
noninteger_bin_demo,45,52,0.3753978155640471,0.9302471505631035
noninteger_bin_demo,45,53,-0.011031964672215427,1.0190445381952262
noninteger_bin_demo,45,54,-0.4805590156000562,0.8433938638418798
noninteger_bin_demo,45,55,-0.7759603059925174,0.6690250569990032
noninteger_bin_demo,45,56,-0.9501867611688477,0.28824244224792805
noninteger_bin_demo,45,57,-0.9933701371976291,-0.09577752833231103
noninteger_bin_demo,45,58,-0.8683168585149342,-0.40603566795261925
noninteger_bin_demo,45,59,-0.5674198021892142,-0.7875687908408021
noninteger_bin_demo,45,60,-0.2081091250783304,-1.0093909408400163
noninteger_bin_demo,45,61,0.17631267397858402,-0.979466441837483
noninteger_bin_demo,45,62,0.5514931690782878,-0.8509345697669979
noninteger_bin_demo,45,63,0.7559769776692845,-0.5505831830833344
noninteger_bin_demo,45,64,0.9588750761526846,-0.16992150042470466
noninteger_bin_demo,45,65,0.9770255207699673,0.23071560630539173
noninteger_bin_demo,45,66,0.8299684894888048,0.6418895886707118
noninteger_bin_demo,45,67,0.5014510726825184,0.8549931686834066
noninteger_bin_demo,45,68,0.12418817178642176,1.000215703614313
noninteger_bin_demo,45,69,-0.2626448796037003,0.9003305379180957
noninteger_bin_demo,45,70,-0.6141371286186047,0.7318396306107153
noninteger_bin_demo,45,71,-0.8937430489600908,0.4639662655215941
noninteger_bin_demo,45,72,-1.0105684822210856,0.034877938730946814
noninteger_bin_demo,45,73,-0.9536477638527254,-0.35172286258336494
noninteger_bin_demo,45,74,-0.7746401585241798,-0.6944364379873976
noninteger_bin_demo,45,75,-0.35833032161416695,-0.9464348338117
noninteger_bin_demo,45,76,0.08798437922757164,-1.0152498455935026
noninteger_bin_demo,45,77,0.4165229156287959,-0.8906535136773225
noninteger_bin_demo,45,78,0.7368111496799539,-0.6922198042730705
noninteger_bin_demo,45,79,0.9524696532242392,-0.2647476690987943
noninteger_bin_demo,45,80,1.0048735591989462,0.1054028403911571
noninteger_bin_demo,45,81,0.8089526843147536,0.5336128095176534
noninteger_bin_demo,45,82,0.5971059220028485,0.7961416852999863
noninteger_bin_demo,45,83,0.2813241683736084,0.9586975691823074
noninteger_bin_demo,45,84,-0.13060521904868105,1.0224935279625125
noninteger_bin_demo,45,85,-0.5599974570458327,0.8476723062131732
noninteger_bin_demo,45,86,-0.8476565040511369,0.5395643689705322
noninteger_bin_demo,45,87,-0.9965733244488801,0.18838896279022171
noninteger_bin_demo,45,88,-0.9692930825225023,-0.22482084358026463
noninteger_bin_demo,45,89,-0.8266972904056239,-0.5728153243194368
noninteger_bin_demo,45,90,-0.5158543765705845,-0.8614862980633076
noninteger_bin_demo,45,91,-0.09935095418793675,-0.9570686887319187
noninteger_bin_demo,45,92,0.31905666261493365,-0.9969521786464619
noninteger_bin_demo,45,93,0.6649957509201166,-0.7680474429723018
noninteger_bin_demo,45,94,0.9041833247345388,-0.4023337637832455
noninteger_bin_demo,45,95,0.9669453917920096,0.0047254271425498165
noninteger_bin_demo,45,96,0.9311607323345957,0.3628019668514623
noninteger_bin_demo,45,97,0.6756442752518054,0.7476675113222839
noninteger_bin_demo,45,98,0.3805597822111031,0.9176644907231052
noninteger_bin_demo,45,99,0.06095791146021125,1.0507775488030875
noninteger_bin_demo,45,100,-0.4474001286336854,0.9112261422967265
noninteger_bin_demo,45,101,-0.7453107806507299,0.6743119215145758
noninteger_bin_demo,45,102,-0.9871760786834085,0.3477226991123968
noninteger_bin_demo,45,103,-0.9931230627832226,-0.12876390100831964
noninteger_bin_demo,45,104,-0.8557726416259738,-0.5175011716562307
noninteger_bin_demo,45,105,-0.622283402320144,-0.8109116444263218
noninteger_bin_demo,45,106,-0.15042281549894132,-1.0379166872369374
noninteger_bin_demo,45,107,0.1409176991132119,-0.963257535185424
noninteger_bin_demo,45,108,0.5749420023304809,-0.8467183140005976
noninteger_bin_demo,45,109,0.7803978364146392,-0.5687883529706508
noninteger_bin_demo,45,110,1.0347210969352767,-0.14672987977230337
noninteger_bin_demo,45,111,0.9707627097140648,0.24487513846104403
noninteger_bin_demo,45,112,0.7964269088583009,0.5557540130389275
noninteger_bin_demo,45,113,0.5280412181080937,0.8934383402344256
noninteger_bin_demo,45,114,0.0709532966882968,0.9624283714634038
noninteger_bin_demo,45,115,-0.2675795098142602,0.9330906581850205
noninteger_bin_demo,45,116,-0.6325924544638236,0.7851906363900562
noninteger_bin_demo,45,117,-0.9578292047783862,0.4524138905216454
noninteger_bin_demo,45,118,-1.0141119065730362,0.04576321949507048
noninteger_bin_demo,45,119,-0.9231932567859149,-0.3732214846099062
noninteger_bin_demo,45,120,-0.698273226897558,-0.7039035516002258
noninteger_bin_demo,45,121,-0.363108226755365,-0.9429002963076587
noninteger_bin_demo,45,122,0.04005534603209339,-1.082384603983616
noninteger_bin_demo,45,123,0.43164605511053183,-0.9481348179475232
noninteger_bin_demo,45,124,0.7586138934609337,-0.6521548405700365
noninteger_bin_demo,45,125,0.9799674011545039,-0.303075359325429
noninteger_bin_demo,45,126,1.018027406109591,0.10139379469946672
noninteger_bin_demo,45,127,0.8562347772485837,0.4912431543918182
noninteger_bin_demo,46,0,0.7234005266981628,-0.6505629942929312
noninteger_bin_demo,46,1,0.9287719886779966,-0.2980108514657376
noninteger_bin_demo,46,2,0.9840802602482044,0.0493763079424958
noninteger_bin_demo,46,3,0.8847101514909431,0.4520901528870229
noninteger_bin_demo,46,4,0.5729189751097445,0.7743751098215581
noninteger_bin_demo,46,5,0.29123658891564724,1.0752992323758568
noninteger_bin_demo,46,6,-0.15050134526052492,0.9830658079456664
noninteger_bin_demo,46,7,-0.4840684745854743,0.8184436421181961
noninteger_bin_demo,46,8,-0.8752793524358963,0.5763367434554252
noninteger_bin_demo,46,9,-0.9527912040280101,0.15105008268829517
noninteger_bin_demo,46,10,-0.9359062877789815,-0.19151305264444746
noninteger_bin_demo,46,11,-0.7854904028437277,-0.5540335334215964
noninteger_bin_demo,46,12,-0.5358706943702201,-0.8903459893339787
noninteger_bin_demo,46,13,-0.15529214748027462,-0.9702143716172599
noninteger_bin_demo,46,14,0.30709210641672213,-0.9792244460728566
noninteger_bin_demo,46,15,0.6291544454725411,-0.7374340058400256
noninteger_bin_demo,46,16,0.9212878735068252,-0.41370308014817203
noninteger_bin_demo,46,17,0.9991211956066198,-0.02985479600027447
noninteger_bin_demo,46,18,0.9347615952779655,0.38225228677154743
noninteger_bin_demo,46,19,0.7954137534254285,0.678351937806165
noninteger_bin_demo,46,20,0.4252155143181975,0.8987069249485259
noninteger_bin_demo,46,21,-0.002169480582649057,0.9663853455334028
noninteger_bin_demo,46,22,-0.40278656996087264,0.9323014650120639
noninteger_bin_demo,46,23,-0.7238434903359737,0.6526701229271981
noninteger_bin_demo,46,24,-0.9177804832004973,0.31780866258345325
noninteger_bin_demo,46,25,-1.0626758770744116,-0.09284279392723513
noninteger_bin_demo,46,26,-0.8856373156210449,-0.42718018907731314
noninteger_bin_demo,46,27,-0.5907521023707117,-0.7812985343619263
noninteger_bin_demo,46,28,-0.34527800501278394,-0.963054211816024
noninteger_bin_demo,46,29,0.16545290971278326,-0.9389632225019238
noninteger_bin_demo,46,30,0.5298383572058637,-0.8375408208773928
noninteger_bin_demo,46,31,0.830093449193929,-0.5254476049719399
noninteger_bin_demo,46,32,1.016213205043499,-0.2058002334336929
noninteger_bin_demo,46,33,1.0617554553089916,0.24468793012949708
noninteger_bin_demo,46,34,0.8405687117368192,0.574184457717985
noninteger_bin_demo,46,35,0.5216432843545397,0.8556777231238177
noninteger_bin_demo,46,36,0.11176733278290898,0.9679948634779245
noninteger_bin_demo,46,37,-0.24050880209779144,0.9351828782408776
noninteger_bin_demo,46,38,-0.5904932547501873,0.8162347049893071
noninteger_bin_demo,46,39,-0.8984501128375881,0.5106451564070932
noninteger_bin_demo,46,40,-0.9895400847451091,0.06936273852259434
noninteger_bin_demo,46,41,-0.9583748912352733,-0.3924076787265385
noninteger_bin_demo,46,42,-0.6844283415398232,-0.6787500080079262
noninteger_bin_demo,46,43,-0.45938629287400684,-0.8960602539373848
noninteger_bin_demo,46,44,0.0018428770837871748,-0.9853872774587632
noninteger_bin_demo,46,45,0.3998758672262383,-0.9385762648119946
noninteger_bin_demo,46,46,0.7705466764281568,-0.6473882827922763
noninteger_bin_demo,46,47,0.9477104404062254,-0.30267753689740995
noninteger_bin_demo,46,48,0.9725356709708918,0.033290879548138495
noninteger_bin_demo,46,49,0.9306761031219619,0.4630705460985267
noninteger_bin_demo,46,50,0.6247840976465837,0.7728180081388148
noninteger_bin_demo,46,51,0.2164754618558745,0.9572616018133054
noninteger_bin_demo,46,52,-0.14340005320871574,0.9893624003435656
noninteger_bin_demo,46,53,-0.5457978294586457,0.7775910633512384
noninteger_bin_demo,46,54,-0.8022676829498535,0.5205813579873114
noninteger_bin_demo,46,55,-1.0032418088328223,0.17415728882862896
noninteger_bin_demo,46,56,-0.9411261792664903,-0.22101263771971855
noninteger_bin_demo,46,57,-0.8039711590053552,-0.561826881824205
noninteger_bin_demo,46,58,-0.5159648626359599,-0.8700796178744669
noninteger_bin_demo,46,59,-0.12169045909655221,-1.056026750451383
noninteger_bin_demo,46,60,0.2827595466549125,-0.9275339646108487
noninteger_bin_demo,46,61,0.6143703668479077,-0.79929147545237
noninteger_bin_demo,46,62,0.9146496188100605,-0.4646723207098851
noninteger_bin_demo,46,63,0.9898885881240207,-0.11194601161803502
noninteger_bin_demo,46,64,0.93694104100978,0.38415770461509074
noninteger_bin_demo,46,65,0.6889128102093518,0.7419426003742737
noninteger_bin_demo,46,66,0.4031351555129901,0.8859877428339256
noninteger_bin_demo,46,67,0.00553708552903639,0.9564960199475182
noninteger_bin_demo,46,68,-0.44930882057509525,0.9395659791991066
noninteger_bin_demo,46,69,-0.7605580844571175,0.729169601071724
noninteger_bin_demo,46,70,-0.9444669301792686,0.29906437575836226
noninteger_bin_demo,46,71,-1.0574528338649125,-0.08029880383061737
noninteger_bin_demo,46,72,-0.9020407322856809,-0.46352847557488025
noninteger_bin_demo,46,73,-0.5795240035703336,-0.7979024578117087
noninteger_bin_demo,46,74,-0.19569854533268766,-0.8936857883844977
noninteger_bin_demo,46,75,0.16281766095330644,-0.9522350904883726
noninteger_bin_demo,46,76,0.5175197954818864,-0.8559351421393386
noninteger_bin_demo,46,77,0.8394706247755888,-0.5448823739047771
noninteger_bin_demo,46,78,0.972624249716954,-0.14820724693701515
noninteger_bin_demo,46,79,0.9612096391605555,0.2348105707170162
noninteger_bin_demo,46,80,0.8243847630667994,0.5754825453913922
noninteger_bin_demo,46,81,0.4930148649175415,0.8431808285868501
noninteger_bin_demo,46,82,0.1229701408876382,0.9604143925358789
noninteger_bin_demo,46,83,-0.31886236333391044,0.9331365661186973
noninteger_bin_demo,46,84,-0.6271577239122352,0.7928070208445256
noninteger_bin_demo,46,85,-0.9230291873926433,0.4573495585200152
noninteger_bin_demo,46,86,-0.9501755745301893,0.009810761735061013
noninteger_bin_demo,46,87,-0.9826092434035075,-0.3770177624466221
noninteger_bin_demo,46,88,-0.6823124497726858,-0.7057592616356345
noninteger_bin_demo,46,89,-0.4104466663412849,-0.9041684933669022
noninteger_bin_demo,46,90,0.02805147814956079,-1.0095054317941048
noninteger_bin_demo,46,91,0.4193798520362922,-0.9276589137480687
noninteger_bin_demo,46,92,0.7449777203553182,-0.605365624175468
noninteger_bin_demo,46,93,0.8900269298587862,-0.28931046156332213
noninteger_bin_demo,46,94,0.9813006856584956,0.07595243241172431
noninteger_bin_demo,46,95,0.913606943961127,0.4800399890305641
noninteger_bin_demo,46,96,0.5612786604486968,0.7841587034545716
noninteger_bin_demo,46,97,0.24675131665073055,0.9352879093336824
noninteger_bin_demo,46,98,-0.2191936881368012,0.963149404797485
noninteger_bin_demo,46,99,-0.5717931216611951,0.8320234910796378
noninteger_bin_demo,46,100,-0.8342237811691676,0.5116331352039004
noninteger_bin_demo,46,101,-0.9952898765433448,0.19562524116980964
noninteger_bin_demo,46,102,-0.9559740101629649,-0.2226822229186191
noninteger_bin_demo,46,103,-0.8258497307114852,-0.5736028458009158
noninteger_bin_demo,46,104,-0.5001510853041009,-0.9057483270628695
noninteger_bin_demo,46,105,-0.17972187267871817,-1.0537253362461723
noninteger_bin_demo,46,106,0.2994569504036769,-0.9591860358987875
noninteger_bin_demo,46,107,0.6328559452100423,-0.7532933178213368
noninteger_bin_demo,46,108,0.8848895651442066,-0.3914294707659963
noninteger_bin_demo,46,109,0.9661050988072881,-0.05545236130729546
noninteger_bin_demo,46,110,0.89292004662457,0.3423291014139709
noninteger_bin_demo,46,111,0.7023255913253357,0.6913585767260126
noninteger_bin_demo,46,112,0.3449281518762417,0.8964087705738034
noninteger_bin_demo,46,113,-0.02625791022203694,1.0235742855727343
noninteger_bin_demo,46,114,-0.37837000795061376,0.8550684553035821
noninteger_bin_demo,46,115,-0.7857568592105718,0.7098610557060812
noninteger_bin_demo,46,116,-1.0016245472737972,0.3047898121595589
noninteger_bin_demo,46,117,-0.9520199236808005,-0.029245166106304003
noninteger_bin_demo,46,118,-0.9218836382663254,-0.4459131890766768
noninteger_bin_demo,46,119,-0.6039467689160274,-0.7867452718910883
noninteger_bin_demo,46,120,-0.22931808227490771,-1.0029920463029482
noninteger_bin_demo,46,121,0.14157529889092405,-0.9904812961212337
noninteger_bin_demo,46,122,0.5774604570037005,-0.8438578127452356
noninteger_bin_demo,46,123,0.8464020490519938,-0.5611048248197581
noninteger_bin_demo,46,124,1.0072083681993347,-0.19891399118589603
noninteger_bin_demo,46,125,0.9483387911210439,0.2186768375525419
noninteger_bin_demo,46,126,0.8308779500564855,0.6166111745286822
noninteger_bin_demo,46,127,0.5277630574166425,0.8958022809964922
noninteger_bin_demo,47,0,0.9625840317797197,-0.21609150782163059
noninteger_bin_demo,47,1,0.9785373525407322,0.20675451640564738
noninteger_bin_demo,47,2,0.852803961713339,0.5536961272535255
noninteger_bin_demo,47,3,0.5553700028903082,0.8792945018118751
noninteger_bin_demo,47,4,0.1154039651660258,1.0187885964006176
noninteger_bin_demo,47,5,-0.2303559251963734,0.9497313066384975
noninteger_bin_demo,47,6,-0.5895762745167931,0.7971396730126384
noninteger_bin_demo,47,7,-0.8667133816747276,0.5042492790066786
noninteger_bin_demo,47,8,-1.0124543519360565,0.05932757624314376
noninteger_bin_demo,47,9,-0.9746871528679385,-0.3504687281067604
noninteger_bin_demo,47,10,-0.735950099644444,-0.646601228196139
noninteger_bin_demo,47,11,-0.4598823421005659,-0.9462001179226025
noninteger_bin_demo,47,12,-0.0491063379380689,-1.0492095264142218
noninteger_bin_demo,47,13,0.4043209437511855,-0.9156643063197407
noninteger_bin_demo,47,14,0.7302832474838132,-0.6581865571580559
noninteger_bin_demo,47,15,0.9813956915389173,-0.36668181909251635
noninteger_bin_demo,47,16,1.02484214608956,0.030849419591425394
noninteger_bin_demo,47,17,0.8981348424157666,0.4592785564202457
noninteger_bin_demo,47,18,0.6763100948326494,0.7783167209733313
noninteger_bin_demo,47,19,0.2543026210752268,0.9442996168477851
noninteger_bin_demo,47,20,-0.13074316005455547,0.9990461004192265
noninteger_bin_demo,47,21,-0.5252212584325083,0.8574713626557535
noninteger_bin_demo,47,22,-0.7624909404303545,0.5962254126389425
noninteger_bin_demo,47,23,-0.9659614295242779,0.255910749577887
noninteger_bin_demo,47,24,-1.0009294409512584,-0.20714654317745365
noninteger_bin_demo,47,25,-0.8363907243693476,-0.5912138362004489
noninteger_bin_demo,47,26,-0.5855542259734134,-0.8422428361901266
noninteger_bin_demo,47,27,-0.18300836218887218,-0.9147881946620157
noninteger_bin_demo,47,28,0.2438313969917307,-0.9472789010662921
noninteger_bin_demo,47,29,0.6547561576590352,-0.7947674419098717
noninteger_bin_demo,47,30,0.8969114675536892,-0.4580034053105687
noninteger_bin_demo,47,31,0.9475278053145884,-0.11797423262491619
noninteger_bin_demo,47,32,0.9782402155727018,0.3294441170518715
noninteger_bin_demo,47,33,0.6993346056231285,0.6597058131045684
noninteger_bin_demo,47,34,0.4038963907460161,0.937123099133384
noninteger_bin_demo,47,35,-0.01979184667514472,1.0037018516239742
noninteger_bin_demo,47,36,-0.37746917334402047,0.9118499177073723
noninteger_bin_demo,47,37,-0.702889926012758,0.7420645651265263
noninteger_bin_demo,47,38,-0.9454511428883965,0.3272323905196933
noninteger_bin_demo,47,39,-1.0051736423583462,-0.062391620230039295
noninteger_bin_demo,47,40,-0.8668420336721138,-0.42996367175217737
noninteger_bin_demo,47,41,-0.6189184613685628,-0.7744269495506129
noninteger_bin_demo,47,42,-0.24972011351591758,-0.9371551724042456
noninteger_bin_demo,47,43,0.1485039389511096,-0.9652990723802621
noninteger_bin_demo,47,44,0.46755561965981685,-0.856266392954205
noninteger_bin_demo,47,45,0.7590090481117505,-0.555199080219898
noninteger_bin_demo,47,46,0.9666056555604843,-0.25550925328378743
noninteger_bin_demo,47,47,1.0251767618643297,0.13921107448500883
noninteger_bin_demo,47,48,0.8617399990922797,0.561825375515513
noninteger_bin_demo,47,49,0.5182038438922365,0.8506554166678542
noninteger_bin_demo,47,50,0.08205526592247181,0.9414711146056399
noninteger_bin_demo,47,51,-0.25449476226746526,0.9823244045161359
noninteger_bin_demo,47,52,-0.6195073635690191,0.7805978190755561
noninteger_bin_demo,47,53,-0.8436937619337564,0.44269637681077395
noninteger_bin_demo,47,54,-0.945021818967706,0.05685301998755138
noninteger_bin_demo,47,55,-1.010009940619768,-0.3178573816939646
noninteger_bin_demo,47,56,-0.7248461104310555,-0.7278577939694769
noninteger_bin_demo,47,57,-0.35732806567277986,-0.9025025310906856
noninteger_bin_demo,47,58,-0.025893713161852516,-1.0435439416495593
noninteger_bin_demo,47,59,0.3527155216433682,-0.966935580665103
noninteger_bin_demo,47,60,0.7041997775077464,-0.7394838060493049
noninteger_bin_demo,47,61,0.9902333272355087,-0.30583546162272207
noninteger_bin_demo,47,62,1.0067220061377402,0.07328988430759924
noninteger_bin_demo,47,63,0.9476040948016005,0.4893810949216335
noninteger_bin_demo,47,64,0.629440587838319,0.7945803688029209
noninteger_bin_demo,47,65,0.26252241301750795,0.9778369581424917
noninteger_bin_demo,47,66,-0.15657920625924435,0.997103713117703
noninteger_bin_demo,47,67,-0.518551332774066,0.894862056189688
noninteger_bin_demo,47,68,-0.8090138596009288,0.5914515207368701
noninteger_bin_demo,47,69,-1.0118512056716578,0.2053981484351991
noninteger_bin_demo,47,70,-0.9777675738151123,-0.22758407934792227
noninteger_bin_demo,47,71,-0.8123394195815087,-0.5792900385731594
noninteger_bin_demo,47,72,-0.520020204273891,-0.8403154621481158
noninteger_bin_demo,47,73,-0.12349060777430385,-0.9718021348707889
noninteger_bin_demo,47,74,0.27025384382828566,-0.9801245700323659
noninteger_bin_demo,47,75,0.6379342806420719,-0.8432817806870867
noninteger_bin_demo,47,76,0.8477382821138926,-0.44979887532015134
noninteger_bin_demo,47,77,0.9690518214938701,-0.03783460910410542
noninteger_bin_demo,47,78,0.9430122498038677,0.3499346453975981
noninteger_bin_demo,47,79,0.72416807059718,0.6919162712567473
noninteger_bin_demo,47,80,0.45783463267075863,0.9422343363418134
noninteger_bin_demo,47,81,-0.01973708063459189,0.9601369313676666
noninteger_bin_demo,47,82,-0.42880396354709305,0.9022323327477081
noninteger_bin_demo,47,83,-0.7767587114677961,0.710987619126391
noninteger_bin_demo,47,84,-0.9087976253864509,0.2924453721934943
noninteger_bin_demo,47,85,-1.0060591303473296,-0.018524000637750823
noninteger_bin_demo,47,86,-0.9110433801697074,-0.41045340234076644
noninteger_bin_demo,47,87,-0.6529294412109214,-0.8502746197192435
noninteger_bin_demo,47,88,-0.282006750313042,-0.9393800527086966
noninteger_bin_demo,47,89,0.1446268114697429,-0.9734574657284845
noninteger_bin_demo,47,90,0.4797900641155294,-0.8814410468458087
noninteger_bin_demo,47,91,0.8472885113518085,-0.5879284844488668
noninteger_bin_demo,47,92,0.9913898118256437,-0.22012737303499896
noninteger_bin_demo,47,93,1.0053002280130927,0.20076330964203254
noninteger_bin_demo,47,94,0.763384675200234,0.6174536394567308
noninteger_bin_demo,47,95,0.5482890671609553,0.8511381248328824
noninteger_bin_demo,47,96,0.1390926247739515,1.035814767230354
noninteger_bin_demo,47,97,-0.3204919001262764,0.9555062582917704
noninteger_bin_demo,47,98,-0.6357056961231816,0.8020505905972697
noninteger_bin_demo,47,99,-0.8259010135901389,0.485119415685579
noninteger_bin_demo,47,100,-1.0605260666402376,0.09822769503106439
noninteger_bin_demo,47,101,-0.9365344718433664,-0.3395685156155527
noninteger_bin_demo,47,102,-0.7000523879164459,-0.6603228740650351
noninteger_bin_demo,47,103,-0.4127072776772681,-0.9078529973891643
noninteger_bin_demo,47,104,0.008171003567521018,-1.0054847994935618
noninteger_bin_demo,47,105,0.3955727832278627,-0.9195511867127577
noninteger_bin_demo,47,106,0.733458690675499,-0.6347784597704924
noninteger_bin_demo,47,107,0.9623593014884952,-0.3335685000311082
noninteger_bin_demo,47,108,1.0172222407462952,0.012427274568430222
noninteger_bin_demo,47,109,0.8865532705423468,0.4121610767951781
noninteger_bin_demo,47,110,0.6574071900459442,0.7797402755830863
noninteger_bin_demo,47,111,0.3126010493648976,0.9809664687688858
noninteger_bin_demo,47,112,-0.1503703351084683,1.0215097879094865
noninteger_bin_demo,47,113,-0.4887359459016984,0.8405005781085954
noninteger_bin_demo,47,114,-0.7935598024788413,0.5393220727511674
noninteger_bin_demo,47,115,-1.0388305387822196,0.19288499777089485
noninteger_bin_demo,47,116,-0.9615487283926287,-0.1781984232044081
noninteger_bin_demo,47,117,-0.8770730841346535,-0.6151426215678205
noninteger_bin_demo,47,118,-0.507435698046867,-0.8669784187653107
noninteger_bin_demo,47,119,-0.13704524374863644,-1.010014570152287
noninteger_bin_demo,47,120,0.3343971581216002,-0.975624285091649
noninteger_bin_demo,47,121,0.6474679829443382,-0.7794265935359672
noninteger_bin_demo,47,122,0.9182919961972004,-0.47206236626918835
noninteger_bin_demo,47,123,1.0255552182487684,-0.036155486832778125
noninteger_bin_demo,47,124,0.9657092970778459,0.3769926365761537
noninteger_bin_demo,47,125,0.7116562171296301,0.6849903144342556
noninteger_bin_demo,47,126,0.45212546447259194,0.8668970699263392
noninteger_bin_demo,47,127,0.029000768043663968,0.9991385521836533
noninteger_bin_demo,48,0,0.9279700734174989,0.28478199333859777
noninteger_bin_demo,48,1,0.7406869513385469,0.6811016493453179
noninteger_bin_demo,48,2,0.42925916312683565,0.8948866515422145
noninteger_bin_demo,48,3,-0.02359733237492261,1.0374534727195246
noninteger_bin_demo,48,4,-0.3779520329770263,0.9472188435327769
noninteger_bin_demo,48,5,-0.6747302282981229,0.6929118040418882
noninteger_bin_demo,48,6,-0.8891172567808103,0.38220531947962866
noninteger_bin_demo,48,7,-0.991763140947739,-0.06902036523894275
noninteger_bin_demo,48,8,-0.9188445665879742,-0.47297045979688684
noninteger_bin_demo,48,9,-0.6389755647464888,-0.7299010299523494
noninteger_bin_demo,48,10,-0.3427275370597422,-0.9943786497248943
noninteger_bin_demo,48,11,0.08310257912708172,-1.02854111272078
noninteger_bin_demo,48,12,0.5172324966023221,-0.7913224082145194
noninteger_bin_demo,48,13,0.8205809949945876,-0.596841976936717
noninteger_bin_demo,48,14,1.0012672456862384,-0.20327040433159776
noninteger_bin_demo,48,15,0.9751789690842564,0.17552819833499114
noninteger_bin_demo,48,16,0.8429419395126455,0.5316891689659715
noninteger_bin_demo,48,17,0.5130481280263655,0.8136167188841785
noninteger_bin_demo,48,18,0.22157692671703397,0.9867674760373676
noninteger_bin_demo,48,19,-0.2951522752487629,0.9930427290649264
noninteger_bin_demo,48,20,-0.5750322857436027,0.81984395770515
noninteger_bin_demo,48,21,-0.8750689832061608,0.5009244213071656
noninteger_bin_demo,48,22,-0.9686334316183804,0.062066140225217864
noninteger_bin_demo,48,23,-0.9670966128477518,-0.32757581134437386
noninteger_bin_demo,48,24,-0.7896770461932866,-0.6396088181263717
noninteger_bin_demo,48,25,-0.46873842084621464,-0.9299188606125403
noninteger_bin_demo,48,26,-0.013635690825897334,-1.0305179341005404
noninteger_bin_demo,48,27,0.3301736015031203,-0.9681432411827914
noninteger_bin_demo,48,28,0.7017458516511942,-0.6218586691002083
noninteger_bin_demo,48,29,0.9087555467026621,-0.3762752346643414
noninteger_bin_demo,48,30,0.9583521002840314,0.057225685136599716
noninteger_bin_demo,48,31,0.8575642648622661,0.4622651139176957
noninteger_bin_demo,48,32,0.6103051237642387,0.8229130911645128
noninteger_bin_demo,48,33,0.3077080682637006,0.9443641265165112
noninteger_bin_demo,48,34,-0.10213358535680492,0.9736080566575199
noninteger_bin_demo,48,35,-0.4582521684589315,0.9079268436578802
noninteger_bin_demo,48,36,-0.8060498122371077,0.5911185096234512
noninteger_bin_demo,48,37,-0.969888862354746,0.22659958224613744
noninteger_bin_demo,48,38,-0.9690517204745249,-0.15373561636519323
noninteger_bin_demo,48,39,-0.8730262744207749,-0.5757514005361865
noninteger_bin_demo,48,40,-0.49060642448342195,-0.8298595072018283
noninteger_bin_demo,48,41,-0.14938391708450335,-1.01537383631212
noninteger_bin_demo,48,42,0.20006403124400007,-1.0112766838335243
noninteger_bin_demo,48,43,0.6244075382873867,-0.7893165884327807
noninteger_bin_demo,48,44,0.8523631803437305,-0.4399319162411082
noninteger_bin_demo,48,45,1.0256039999233408,-0.08423776254109706
noninteger_bin_demo,48,46,0.958596783230138,0.32120635462090946
noninteger_bin_demo,48,47,0.7607335222640098,0.6759822143353227
noninteger_bin_demo,48,48,0.36330726670576247,0.9475911029765531
noninteger_bin_demo,48,49,0.02907205122076316,1.0381949304254827
noninteger_bin_demo,48,50,-0.40376215077962274,0.8614404841730834
noninteger_bin_demo,48,51,-0.7201586281356509,0.7360769634485549
noninteger_bin_demo,48,52,-0.9003823926109904,0.37918570893210657
noninteger_bin_demo,48,53,-0.9930316179724125,-0.03624866364376951
noninteger_bin_demo,48,54,-0.9071396303750641,-0.4352892309685175
noninteger_bin_demo,48,55,-0.6414277869926375,-0.7067104766402863
noninteger_bin_demo,48,56,-0.3095980230981902,-0.9776176306020137
noninteger_bin_demo,48,57,0.10356464249556518,-0.9934699056090972
noninteger_bin_demo,48,58,0.45355987183643204,-0.8288817943428015
noninteger_bin_demo,48,59,0.7777922629922196,-0.6058160146302934
noninteger_bin_demo,48,60,0.9621774499589245,-0.17973773758032352
noninteger_bin_demo,48,61,1.017657159671536,0.15126001299649272
noninteger_bin_demo,48,62,0.8156711779845051,0.5991696229686183
noninteger_bin_demo,48,63,0.5312547288888568,0.8059837120235352
noninteger_bin_demo,48,64,0.15530019872478318,1.0285415798992728
noninteger_bin_demo,48,65,-0.24377508109811918,0.9629603777826188
noninteger_bin_demo,48,66,-0.5705098153745989,0.8026127860672467
noninteger_bin_demo,48,67,-0.9082103990469103,0.4843468382608174
noninteger_bin_demo,48,68,-0.9613790536877341,0.11553157766814334
noninteger_bin_demo,48,69,-0.9439509685717895,-0.3232535418948484
noninteger_bin_demo,48,70,-0.7725972606177147,-0.6460814964110962
noninteger_bin_demo,48,71,-0.37801169111301525,-0.9232827061098249
noninteger_bin_demo,48,72,-0.09256961994696732,-1.0234143849193205
noninteger_bin_demo,48,73,0.2939607681747783,-0.909234289530478
noninteger_bin_demo,48,74,0.700462272559657,-0.7017004700973053
noninteger_bin_demo,48,75,0.9417062447101542,-0.37933988785141975
noninteger_bin_demo,48,76,0.9744495020423511,0.0510166759706154
noninteger_bin_demo,48,77,0.84610231373875,0.49227362410135744
noninteger_bin_demo,48,78,0.6271043739803366,0.7312541164326223
noninteger_bin_demo,48,79,0.30624353110431213,0.9904158692984403
noninteger_bin_demo,48,80,-0.0919664667906021,0.9967885419768924
noninteger_bin_demo,48,81,-0.5017725485590195,0.8564503907426013
noninteger_bin_demo,48,82,-0.8341833887257935,0.6172301478136165
noninteger_bin_demo,48,83,-0.9711533503324836,0.2014601687592
noninteger_bin_demo,48,84,-0.9479395041511411,-0.17382869709029086
noninteger_bin_demo,48,85,-0.8077211756312827,-0.5436409845678254
noninteger_bin_demo,48,86,-0.5297813574624314,-0.8633685371736888
noninteger_bin_demo,48,87,-0.14251066600096252,-1.0445734607330788
noninteger_bin_demo,48,88,0.22945543942162322,-0.9749251961767529
noninteger_bin_demo,48,89,0.5913405216070575,-0.8206982217813562
noninteger_bin_demo,48,90,0.8680881600865136,-0.5010378587314596
noninteger_bin_demo,48,91,0.9956935986621643,-0.09269791428838817
noninteger_bin_demo,48,92,0.9729536255348247,0.29127557155795436
noninteger_bin_demo,48,93,0.730825217003413,0.6706821592348454
noninteger_bin_demo,48,94,0.3877751688487565,0.8844454341625352
noninteger_bin_demo,48,95,-0.01210690709271776,1.0317168070736853
noninteger_bin_demo,48,96,-0.3445843970705538,0.9520922501463369
noninteger_bin_demo,48,97,-0.7301988937473304,0.7375040434857442
noninteger_bin_demo,48,98,-0.9406346706211094,0.32362676926629474
noninteger_bin_demo,48,99,-1.005174412440434,-0.06524579645093716
noninteger_bin_demo,48,100,-0.9278158772918516,-0.41626582464231154
noninteger_bin_demo,48,101,-0.6630173894277812,-0.7466317029832048
noninteger_bin_demo,48,102,-0.24190016796081606,-0.9245605966638674
noninteger_bin_demo,48,103,0.15732960791149248,-1.004993468482745
noninteger_bin_demo,48,104,0.5168464564750231,-0.9127470873863381
noninteger_bin_demo,48,105,0.8764176305864727,-0.5816282104776416
noninteger_bin_demo,48,106,0.9648784092336329,-0.18751100331450182
noninteger_bin_demo,48,107,0.9737810688612044,0.17192145360227623
noninteger_bin_demo,48,108,0.8578932530819438,0.5394716636670717
noninteger_bin_demo,48,109,0.5636823844867613,0.8340573824874744
noninteger_bin_demo,48,110,0.20994075859999772,0.9601548186719543
noninteger_bin_demo,48,111,-0.19937473189767152,0.976857487990977
noninteger_bin_demo,48,112,-0.6214421773227679,0.7904873744638925
noninteger_bin_demo,48,113,-0.8580470639205305,0.4783518966375281
noninteger_bin_demo,48,114,-0.955374299991663,0.051980618365465886
noninteger_bin_demo,48,115,-0.9260920672304759,-0.3108810598534172
noninteger_bin_demo,48,116,-0.7344923935014755,-0.6635732482945946
noninteger_bin_demo,48,117,-0.4010570024070485,-0.8764132079001015
noninteger_bin_demo,48,118,-0.031155785925876242,-1.0266369900551002
noninteger_bin_demo,48,119,0.35224567463547496,-0.9193816336732572
noninteger_bin_demo,48,120,0.7089510364446017,-0.689697886799751
noninteger_bin_demo,48,121,0.9680924852451365,-0.33878777233649604
noninteger_bin_demo,48,122,0.981813577777812,0.04484034521888601
noninteger_bin_demo,48,123,0.8978148130300206,0.4638874043682885
noninteger_bin_demo,48,124,0.6669732441536557,0.728943148233581
noninteger_bin_demo,48,125,0.2848129121845675,0.9570192756757775
noninteger_bin_demo,48,126,-0.1456007133941394,0.9858005159245944
noninteger_bin_demo,48,127,-0.5095327176061164,0.8600922323085327
noninteger_bin_demo,49,0,0.6578652967819067,0.6940937838324883
noninteger_bin_demo,49,1,0.3034273114058268,0.9232911010728423
noninteger_bin_demo,49,2,-0.09307996581615333,1.0017533595186452
noninteger_bin_demo,49,3,-0.506817354227417,0.892120059100658
noninteger_bin_demo,49,4,-0.7481510439526415,0.5836515773417202
noninteger_bin_demo,49,5,-0.9746853916806142,0.22097406598261538
noninteger_bin_demo,49,6,-0.9571332861993536,-0.13201646312015256
noninteger_bin_demo,49,7,-0.8806503345424933,-0.5495666820432513
noninteger_bin_demo,49,8,-0.5334482832508187,-0.8582964673473977
noninteger_bin_demo,49,9,-0.16103185505625273,-1.0050952812909992
noninteger_bin_demo,49,10,0.23064460844410312,-0.9097359953202886
noninteger_bin_demo,49,11,0.6060621091352679,-0.773194453488317
noninteger_bin_demo,49,12,0.8761858456433474,-0.5500702812819036
noninteger_bin_demo,49,13,0.9671774133192756,-0.1217317936581793
noninteger_bin_demo,49,14,0.9840574275712516,0.2946933293390288
noninteger_bin_demo,49,15,0.7134097264278941,0.6603063608663354
noninteger_bin_demo,49,16,0.46916016666423405,0.8737587253553406
noninteger_bin_demo,49,17,0.007066643710696881,0.9805597357625087
noninteger_bin_demo,49,18,-0.36939050348795077,0.9366149862439878
noninteger_bin_demo,49,19,-0.7202736918004503,0.7096101283279778
noninteger_bin_demo,49,20,-0.9649516235983109,0.3852305685152174
noninteger_bin_demo,49,21,-0.9571740221056402,-0.051721018052996115
noninteger_bin_demo,49,22,-0.8715185642780261,-0.4638739481304573
noninteger_bin_demo,49,23,-0.696444596252786,-0.7522377278194621
noninteger_bin_demo,49,24,-0.29398577339780974,-0.9144659467224182
noninteger_bin_demo,49,25,0.13415001163342502,-1.02351630271144
noninteger_bin_demo,49,26,0.4720551278395001,-0.9094415482515255
noninteger_bin_demo,49,27,0.7872807996034203,-0.6287628377507074
noninteger_bin_demo,49,28,0.9378164916019772,-0.24227511068300966
noninteger_bin_demo,49,29,0.9243554771619019,0.1051837077792139
noninteger_bin_demo,49,30,0.8377706227778707,0.500987307969632
noninteger_bin_demo,49,31,0.5046535838668065,0.7875162159171938
noninteger_bin_demo,49,32,0.19831136756960155,0.9845871452471942
noninteger_bin_demo,49,33,-0.2016650135193807,0.9522527046455669
noninteger_bin_demo,49,34,-0.5725991241878075,0.8258501656419724
noninteger_bin_demo,49,35,-0.8620760991084416,0.5399856069717878
noninteger_bin_demo,49,36,-1.016202692698808,0.10249233973773103
noninteger_bin_demo,49,37,-0.9693686696422875,-0.2386857643308743
noninteger_bin_demo,49,38,-0.7324561185273536,-0.6855790130301604
noninteger_bin_demo,49,39,-0.3909833299983076,-0.9570298550148436
noninteger_bin_demo,49,40,-0.06814994453002525,-1.0365246308513605
noninteger_bin_demo,49,41,0.36497032331909357,-0.981727337969262
noninteger_bin_demo,49,42,0.7204101959010363,-0.6684855893897831
noninteger_bin_demo,49,43,0.942979816569219,-0.4167403062969796
noninteger_bin_demo,49,44,1.0312414097337599,0.08335126070219964
noninteger_bin_demo,49,45,0.8642702832401136,0.4278634875377825
noninteger_bin_demo,49,46,0.6722206708176068,0.7739809277309112
noninteger_bin_demo,49,47,0.2979072735982171,0.969690576076685
noninteger_bin_demo,49,48,-0.09974071508458324,1.0332460014836444
noninteger_bin_demo,49,49,-0.5241529488562153,0.9063180488185779
noninteger_bin_demo,49,50,-0.7347013471667795,0.5876058433149679
noninteger_bin_demo,49,51,-0.9657734984931845,0.23534540447262572
noninteger_bin_demo,49,52,-0.9410998125276059,-0.14162447876363674
noninteger_bin_demo,49,53,-0.8782941636101905,-0.5173523452119275
noninteger_bin_demo,49,54,-0.561838195427321,-0.8275605226282599
noninteger_bin_demo,49,55,-0.18654236958795248,-0.9875707173833728
noninteger_bin_demo,49,56,0.17109939939456417,-0.988652144596473
noninteger_bin_demo,49,57,0.6438650484835015,-0.8098038186301454
noninteger_bin_demo,49,58,0.8710152317095843,-0.46170293665991863
noninteger_bin_demo,49,59,1.0407102572681588,-0.09232008770651416
noninteger_bin_demo,49,60,0.9248650254758622,0.30190427108930923
noninteger_bin_demo,49,61,0.8035430569828311,0.6377174529514192
noninteger_bin_demo,49,62,0.4587382625088531,0.8867459763089253
noninteger_bin_demo,49,63,0.03621661754632504,0.9674166224552189
noninteger_bin_demo,49,64,-0.3485887367647864,0.8772502986089434
noninteger_bin_demo,49,65,-0.6485519564655778,0.7370210006546729
noninteger_bin_demo,49,66,-0.8492089483250685,0.3232938058459641
noninteger_bin_demo,49,67,-0.9729986350620105,-0.007200000563660557
noninteger_bin_demo,49,68,-0.8616256999973491,-0.40567019178686037
noninteger_bin_demo,49,69,-0.6597787175012803,-0.7570931613033145
noninteger_bin_demo,49,70,-0.29932201102623807,-0.9977951057914498
noninteger_bin_demo,49,71,0.11759411943689999,-0.9882599819152453
noninteger_bin_demo,49,72,0.42076440608702326,-0.8555756853050495
noninteger_bin_demo,49,73,0.7762553250251963,-0.623442541332723
noninteger_bin_demo,49,74,0.9790565530789019,-0.23590317729481583
noninteger_bin_demo,49,75,1.021584035795779,0.22168463130736693
noninteger_bin_demo,49,76,0.887518795956457,0.49144331334893254
noninteger_bin_demo,49,77,0.5242693748478459,0.8609010243498314
noninteger_bin_demo,49,78,0.11946725295104303,1.0221482446726227
noninteger_bin_demo,49,79,-0.22681645007631668,0.9840811533593083
noninteger_bin_demo,49,80,-0.5929486787259627,0.8368467928364888
noninteger_bin_demo,49,81,-0.8345625138627217,0.4945970099521988
noninteger_bin_demo,49,82,-0.9496327202099362,0.06385985230170912
noninteger_bin_demo,49,83,-0.9704684493058717,-0.2858682163348476
noninteger_bin_demo,49,84,-0.7678308145545171,-0.6526984520434088
noninteger_bin_demo,49,85,-0.4194552410208351,-0.9520714170528803
noninteger_bin_demo,49,86,-0.05859570492849299,-0.9484271460503284
noninteger_bin_demo,49,87,0.3896413045743521,-0.94256138489136
noninteger_bin_demo,49,88,0.7494905246982945,-0.7289389900101462
noninteger_bin_demo,49,89,0.9535051713513378,-0.3807066012836844
noninteger_bin_demo,49,90,1.0494964305520775,0.06311098008341583
noninteger_bin_demo,49,91,0.9546938989128169,0.4728413224576321
noninteger_bin_demo,49,92,0.6888881004750225,0.7305605389778377
noninteger_bin_demo,49,93,0.2668654000112609,0.9010966340737603
noninteger_bin_demo,49,94,-0.09257374923930993,0.963973166147424
noninteger_bin_demo,49,95,-0.5293332613159137,0.9030424595188979
noninteger_bin_demo,49,96,-0.77631721893935,0.5906011157806044
noninteger_bin_demo,49,97,-0.9312579160675188,0.2292250310059984
noninteger_bin_demo,49,98,-0.9892833347146589,-0.17175155136850723
noninteger_bin_demo,49,99,-0.8326384251240152,-0.5193287601859079
noninteger_bin_demo,49,100,-0.5462109549947974,-0.8545469421035515
noninteger_bin_demo,49,101,-0.1776579408814788,-0.94950341716953
noninteger_bin_demo,49,102,0.18956653304699758,-0.8754012883678219
noninteger_bin_demo,49,103,0.5495845797139477,-0.7898271045403529
noninteger_bin_demo,49,104,0.8528172620253904,-0.4723303744844158
noninteger_bin_demo,49,105,1.0641061285659843,-0.13042684568131757
noninteger_bin_demo,49,106,0.925800063800222,0.3474082402244007
noninteger_bin_demo,49,107,0.7719961816253906,0.7042118712320327
noninteger_bin_demo,49,108,0.4416431537650781,0.8180271703038489
noninteger_bin_demo,49,109,0.041233210400610315,1.025403273839711
noninteger_bin_demo,49,110,-0.3934576463439761,0.9152392796079121
noninteger_bin_demo,49,111,-0.7457477706191542,0.73270436360322
noninteger_bin_demo,49,112,-0.953781869037626,0.36810386221537905
noninteger_bin_demo,49,113,-0.9668567088952285,-0.02949643906295074
noninteger_bin_demo,49,114,-0.8840209847152811,-0.42503974540349065
noninteger_bin_demo,49,115,-0.697920804626676,-0.7954413207352815
noninteger_bin_demo,49,116,-0.32818882091110974,-0.9485681930859794
noninteger_bin_demo,49,117,0.09204937801473395,-1.0465095262542414
noninteger_bin_demo,49,118,0.5205618304771464,-0.8839367609123242
noninteger_bin_demo,49,119,0.8086017177258956,-0.6146585956063402
noninteger_bin_demo,49,120,0.9956351610258852,-0.25215800944444744
noninteger_bin_demo,49,121,1.0016912499658501,0.19065308674818252
noninteger_bin_demo,49,122,0.8574727899422976,0.5627843579258325
noninteger_bin_demo,49,123,0.5219555739624727,0.7959179239014444
noninteger_bin_demo,49,124,0.11902467041553147,1.0257536803362306
noninteger_bin_demo,49,125,-0.22317173260301582,0.9826571401174318
noninteger_bin_demo,49,126,-0.6275811579100613,0.7883576534177541
noninteger_bin_demo,49,127,-0.8933910263321853,0.4714976950195219
noninteger_bin_demo,50,0,0.18340131298075135,0.9951000791542368
noninteger_bin_demo,50,1,-0.18343153473402296,0.9868481648746174
noninteger_bin_demo,50,2,-0.5243128385716775,0.8085745431726279
noninteger_bin_demo,50,3,-0.8463247292166608,0.5253242680994413
noninteger_bin_demo,50,4,-0.9912951118758174,0.02903853315449363
noninteger_bin_demo,50,5,-0.9415115559626731,-0.2619455899877238
noninteger_bin_demo,50,6,-0.7939769937211045,-0.6547889688647902
noninteger_bin_demo,50,7,-0.4623525359430072,-0.8925883421655808
noninteger_bin_demo,50,8,-0.06883492226229841,-0.9651684389413434
noninteger_bin_demo,50,9,0.3330270732894496,-0.9433282598304406
noninteger_bin_demo,50,10,0.700054825269198,-0.7286400479007602
noninteger_bin_demo,50,11,0.9029049179010031,-0.39931266506106755
noninteger_bin_demo,50,12,1.0082979456754326,0.01769688515348817
noninteger_bin_demo,50,13,0.9529825219624746,0.4110849779141502
noninteger_bin_demo,50,14,0.5844643819744438,0.7529490206809676
noninteger_bin_demo,50,15,0.3237908874681276,0.9339652334326948
noninteger_bin_demo,50,16,-0.06660345161872884,1.0254898852983871
noninteger_bin_demo,50,17,-0.45350138187193356,0.930633037098991
noninteger_bin_demo,50,18,-0.7548754749130161,0.5981548050413401
noninteger_bin_demo,50,19,-0.981156515297033,0.26045428692294337
noninteger_bin_demo,50,20,-0.9961679428939029,-0.11382115980566268
noninteger_bin_demo,50,21,-0.8222046636848164,-0.5538405078146049
noninteger_bin_demo,50,22,-0.5518498100904382,-0.8279365564628807
noninteger_bin_demo,50,23,-0.21539726000309023,-0.983145644898895
noninteger_bin_demo,50,24,0.21027824931579037,-0.9748458791737704
noninteger_bin_demo,50,25,0.601756558103374,-0.8409409836264156
noninteger_bin_demo,50,26,0.8918116461815914,-0.47029230080993956
noninteger_bin_demo,50,27,0.9975655909395476,-0.09922892885236063
noninteger_bin_demo,50,28,0.9421091434628331,0.2725397354336478
noninteger_bin_demo,50,29,0.7622930053676394,0.6405675284555352
noninteger_bin_demo,50,30,0.4460630556014934,0.9020546677880544
noninteger_bin_demo,50,31,0.05687822690135321,0.9804561368035943
noninteger_bin_demo,50,32,-0.38430299661893613,0.9557720411039197
noninteger_bin_demo,50,33,-0.6924006681867301,0.7256976911247366
noninteger_bin_demo,50,34,-0.9267817129465269,0.38696912863677724
noninteger_bin_demo,50,35,-1.0112497446823263,-0.013141597585153415
noninteger_bin_demo,50,36,-0.8940485357134627,-0.3883139649296123
noninteger_bin_demo,50,37,-0.6605115869207996,-0.7497476924291647
noninteger_bin_demo,50,38,-0.29947545643309686,-0.9383865437034595
noninteger_bin_demo,50,39,0.039873134060031845,-1.0191472874774083
noninteger_bin_demo,50,40,0.5099886652591449,-0.8238588963330792
noninteger_bin_demo,50,41,0.8016084799040978,-0.6601854591966198
noninteger_bin_demo,50,42,0.9734670980592123,-0.24714630140506488
noninteger_bin_demo,50,43,0.9735068499089645,0.16290699603071362
noninteger_bin_demo,50,44,0.9167301589714081,0.5002866185587573
noninteger_bin_demo,50,45,0.5881373934722834,0.8443809641921561
noninteger_bin_demo,50,46,0.18397204343488224,0.9883416693822078
noninteger_bin_demo,50,47,-0.1944608619360217,1.0102794381848206
noninteger_bin_demo,50,48,-0.5880517366022265,0.8424815678153358
noninteger_bin_demo,50,49,-0.8739667530837021,0.46038716091947024
noninteger_bin_demo,50,50,-1.008020870898152,0.11268906839011472
noninteger_bin_demo,50,51,-0.9582088732558685,-0.25114656928506846
noninteger_bin_demo,50,52,-0.7836348990556957,-0.6465384137144699
noninteger_bin_demo,50,53,-0.4532255513145592,-0.89846999737634
noninteger_bin_demo,50,54,-0.10334606917803234,-1.0068692419596847
noninteger_bin_demo,50,55,0.33020198879592694,-0.9028270777827178
noninteger_bin_demo,50,56,0.6690685344557974,-0.7375093828948504
noninteger_bin_demo,50,57,0.9346345808252001,-0.3682097323699007
noninteger_bin_demo,50,58,0.9790184006292368,0.005263825677259779
noninteger_bin_demo,50,59,0.8967915732219257,0.43050172560565625
noninteger_bin_demo,50,60,0.6366391538117342,0.7281744995584258
noninteger_bin_demo,50,61,0.32663178757638217,0.9605697051542419
noninteger_bin_demo,50,62,-0.08295068077684523,0.9073506591453078
noninteger_bin_demo,50,63,-0.5037175595890497,0.9143751919873795
noninteger_bin_demo,50,64,-0.7071464307161556,0.6046321358945218
noninteger_bin_demo,50,65,-0.9275113927101818,0.26831532581437895
noninteger_bin_demo,50,66,-1.0618080574195274,-0.1618737681596092
noninteger_bin_demo,50,67,-0.8535101668081273,-0.5736354007254258
noninteger_bin_demo,50,68,-0.5462321218290609,-0.8023032766166696
noninteger_bin_demo,50,69,-0.19529563845007697,-0.9766628154139473
noninteger_bin_demo,50,70,0.19053953014293906,-1.0295169968759335
noninteger_bin_demo,50,71,0.5592340844171793,-0.7682008898025003
noninteger_bin_demo,50,72,0.8384595457778885,-0.5041949273963118
noninteger_bin_demo,50,73,1.0041027863277048,-0.11981678873468399
noninteger_bin_demo,50,74,1.03673429676804,0.22376030261652669
noninteger_bin_demo,50,75,0.7218367976779285,0.6678915963970826
noninteger_bin_demo,50,76,0.4247055286577334,0.9211946531280885
noninteger_bin_demo,50,77,0.0431491650195325,1.0141128429387738
noninteger_bin_demo,50,78,-0.3854637838449276,0.9141843773437802
noninteger_bin_demo,50,79,-0.6977152021630484,0.6786152926178544
noninteger_bin_demo,50,80,-0.9080994977426883,0.42551019692625913
noninteger_bin_demo,50,81,-1.036333659068432,-0.02251571070549145
noninteger_bin_demo,50,82,-0.9426182454574807,-0.37473623230720116
noninteger_bin_demo,50,83,-0.7165622222066544,-0.7557565476564302
noninteger_bin_demo,50,84,-0.3234886702064714,-0.9661169148742101
noninteger_bin_demo,50,85,0.10788631833562828,-1.0129010880452578
noninteger_bin_demo,50,86,0.43504537580423175,-0.9402483805776524
noninteger_bin_demo,50,87,0.7874738892809136,-0.6514217285083495
noninteger_bin_demo,50,88,0.9791953420131048,-0.270766304448896
noninteger_bin_demo,50,89,0.9967220887936892,0.16961911711699534
noninteger_bin_demo,50,90,0.8337061312161731,0.5506516063053841
noninteger_bin_demo,50,91,0.5732508194658431,0.8423596800949648
noninteger_bin_demo,50,92,0.18653635501780128,1.0100337345256507
noninteger_bin_demo,50,93,-0.2587810477940719,0.979590365752162
noninteger_bin_demo,50,94,-0.6323427144429187,0.8396169484376015
noninteger_bin_demo,50,95,-0.8827333094604116,0.5072902121835698
noninteger_bin_demo,50,96,-0.973425087364345,0.12238361241325384
noninteger_bin_demo,50,97,-0.9294918303947016,-0.2983118267201845
noninteger_bin_demo,50,98,-0.7282122170043199,-0.6630575442261304
noninteger_bin_demo,50,99,-0.45781220527704325,-0.8913870559682172
noninteger_bin_demo,50,100,-0.039952255496602154,-0.9806426887791321
noninteger_bin_demo,50,101,0.363376807457508,-0.9419097977151821
noninteger_bin_demo,50,102,0.7393067609386538,-0.7618996201395493
noninteger_bin_demo,50,103,0.9230951538603193,-0.39133402344574064
noninteger_bin_demo,50,104,0.9940191968949488,0.010258486618489665
noninteger_bin_demo,50,105,0.9017559772778511,0.45263173510761573
noninteger_bin_demo,50,106,0.7105088271187838,0.7619706575114257
noninteger_bin_demo,50,107,0.3390405379175495,0.9288543634563527
noninteger_bin_demo,50,108,-0.12426985061530396,1.0169570177307776
noninteger_bin_demo,50,109,-0.4637941212671787,0.8289451020320436
noninteger_bin_demo,50,110,-0.76870767005597,0.6533301941136676
noninteger_bin_demo,50,111,-0.9795179596630311,0.26990693325751464
noninteger_bin_demo,50,112,-0.9932839935965295,-0.09319725503296453
noninteger_bin_demo,50,113,-0.8582077285852555,-0.5061178680091318
noninteger_bin_demo,50,114,-0.5528022106510734,-0.8323917265037366
noninteger_bin_demo,50,115,-0.18659901229191433,-0.9781760864913752
noninteger_bin_demo,50,116,0.2627583051813393,-0.9646379931689357
noninteger_bin_demo,50,117,0.6245755499870722,-0.8409676100214081
noninteger_bin_demo,50,118,0.8877998512365217,-0.5174048477024512
noninteger_bin_demo,50,119,0.9760061970559637,-0.05772606310947734
noninteger_bin_demo,50,120,0.9708318505720916,0.32591236497999654
noninteger_bin_demo,50,121,0.7690305605268526,0.6488517942884361
noninteger_bin_demo,50,122,0.4881641617711742,0.8804937636428017
noninteger_bin_demo,50,123,0.03293100798033591,0.9407770595756033
noninteger_bin_demo,50,124,-0.3448905834815164,0.9632105166425644
noninteger_bin_demo,50,125,-0.6977189820294908,0.7328832927484227
noninteger_bin_demo,50,126,-0.9050280007069517,0.3914316979171002
noninteger_bin_demo,50,127,-1.0375815839249691,-0.05450110667551914
noninteger_bin_demo,51,0,-0.3588764394787458,0.9503338077956439
noninteger_bin_demo,51,1,-0.6548430670972102,0.7351529868427369
noninteger_bin_demo,51,2,-0.9441139203339464,0.43568284730289725
noninteger_bin_demo,51,3,-1.0054635619657144,-0.00505315365970435
noninteger_bin_demo,51,4,-0.9089789574158136,-0.3858432281220519
noninteger_bin_demo,51,5,-0.6734252175617303,-0.6725868885347056
noninteger_bin_demo,51,6,-0.36763463857365236,-0.9195239170280162
noninteger_bin_demo,51,7,0.06316461173465023,-0.9744077721081353
noninteger_bin_demo,51,8,0.47209828877903504,-0.8740036604658725
noninteger_bin_demo,51,9,0.7663254322754499,-0.5929672344577389
noninteger_bin_demo,51,10,0.985035476590867,-0.3299695379587921
noninteger_bin_demo,51,11,0.9708899552746817,0.1130533211286313
noninteger_bin_demo,51,12,0.8543009739855779,0.5467977924496058
noninteger_bin_demo,51,13,0.612035320502703,0.8084695010750858
noninteger_bin_demo,51,14,0.17529996950035986,0.9962308735090855
noninteger_bin_demo,51,15,-0.18976127707151594,0.9927979529042694
noninteger_bin_demo,51,16,-0.5642673051107223,0.7405686284515347
noninteger_bin_demo,51,17,-0.8267475228803631,0.5264764869844684
noninteger_bin_demo,51,18,-0.9561202415945615,0.15267863195896372
noninteger_bin_demo,51,19,-0.9553279661252171,-0.2606442261860017
noninteger_bin_demo,51,20,-0.8448801808478001,-0.5992596389353237
noninteger_bin_demo,51,21,-0.42383410529907845,-0.8240571620469349
noninteger_bin_demo,51,22,-0.06843006655678037,-0.9715764473517269
noninteger_bin_demo,51,23,0.2964503080750235,-0.9602472375269869
noninteger_bin_demo,51,24,0.7024430149695281,-0.8028487443190914
noninteger_bin_demo,51,25,0.867618120278637,-0.4455410233496765
noninteger_bin_demo,51,26,0.9908630523002253,-0.03213912907778191
noninteger_bin_demo,51,27,0.8976246500400814,0.3773519306573416
noninteger_bin_demo,51,28,0.6771155332247538,0.7500897540186029
noninteger_bin_demo,51,29,0.354487265614626,0.9377629167792809
noninteger_bin_demo,51,30,-0.041740223544206465,0.996354191279211
noninteger_bin_demo,51,31,-0.49277016836430937,0.9150138757700634
noninteger_bin_demo,51,32,-0.7660223165350373,0.6528456779929698
noninteger_bin_demo,51,33,-0.9679352962536567,0.2842750711029514
noninteger_bin_demo,51,34,-0.9899279017250733,-0.1373019548245512
noninteger_bin_demo,51,35,-0.8477915980325756,-0.5430425798280624
noninteger_bin_demo,51,36,-0.5390392817502262,-0.7871449962338785
noninteger_bin_demo,51,37,-0.2505067137292963,-0.9974110322722783
noninteger_bin_demo,51,38,0.21409733950866694,-0.9970691448713774
noninteger_bin_demo,51,39,0.5625569399340918,-0.8381483195406703
noninteger_bin_demo,51,40,0.8060259113136754,-0.5346572193903346
noninteger_bin_demo,51,41,1.060774634526903,-0.0878676676958281
noninteger_bin_demo,51,42,0.9459551957455441,0.24355744761851403
noninteger_bin_demo,51,43,0.757224554903361,0.615699279306893
noninteger_bin_demo,51,44,0.4357541988195856,0.8653182092869374
noninteger_bin_demo,51,45,0.040903348680892404,1.0627088696190337
noninteger_bin_demo,51,46,-0.3008156532719982,0.895628623657883
noninteger_bin_demo,51,47,-0.6502529241563297,0.7450870491136528
noninteger_bin_demo,51,48,-0.9315919024488033,0.36367776320865614
noninteger_bin_demo,51,49,-1.025658809369825,-0.005350913484117314
noninteger_bin_demo,51,50,-0.9196233796269732,-0.4079721416563718
noninteger_bin_demo,51,51,-0.7688338978275697,-0.7346782935810502
noninteger_bin_demo,51,52,-0.3443422395251122,-0.9258670614068855
noninteger_bin_demo,51,53,0.009523810966026586,-0.9933606458344418
noninteger_bin_demo,51,54,0.4656543404402803,-0.8763683722594295
noninteger_bin_demo,51,55,0.7917159667611158,-0.6269073199344933
noninteger_bin_demo,51,56,0.9706539521470063,-0.2534464006585127
noninteger_bin_demo,51,57,0.9864421032689648,0.11538212788107649
noninteger_bin_demo,51,58,0.8402808961464768,0.5186159137497641
noninteger_bin_demo,51,59,0.5853191629439954,0.8086721913462959
noninteger_bin_demo,51,60,0.19182787588059183,1.0389940054534759
noninteger_bin_demo,51,61,-0.19816569493479413,1.0044101181058929
noninteger_bin_demo,51,62,-0.6345351339487665,0.8224197284945495
noninteger_bin_demo,51,63,-0.825429866665761,0.5335692210114786
noninteger_bin_demo,51,64,-0.9575683885868627,0.162779482241948
noninteger_bin_demo,51,65,-0.9665500896929662,-0.24447828055579965
noninteger_bin_demo,51,66,-0.7650608868725542,-0.6781955203498071
noninteger_bin_demo,51,67,-0.4362685446736831,-0.8786287623874367
noninteger_bin_demo,51,68,-0.07799472240703204,-0.9994403342458255
noninteger_bin_demo,51,69,0.3446786825674442,-0.9540287162311974
noninteger_bin_demo,51,70,0.7317031514307086,-0.7577026480233149
noninteger_bin_demo,51,71,0.9164338613031976,-0.39483619021488164
noninteger_bin_demo,51,72,1.0063071237194876,0.050076943532477956
noninteger_bin_demo,51,73,0.962163126604654,0.3664412887472258
noninteger_bin_demo,51,74,0.6677645900913157,0.7873230259675176
noninteger_bin_demo,51,75,0.35115746864254715,0.9805664652317525
noninteger_bin_demo,51,76,-0.05787705447950274,1.020418749144791
noninteger_bin_demo,51,77,-0.42708301197179227,0.8938408658818637
noninteger_bin_demo,51,78,-0.8191653311496767,0.6482308152517019
noninteger_bin_demo,51,79,-1.0046142793364115,0.29102511372371737
noninteger_bin_demo,51,80,-0.9701635337618704,-0.147752599048513
noninteger_bin_demo,51,81,-0.8736931386131156,-0.4996909903159761
noninteger_bin_demo,51,82,-0.5356249774034414,-0.8511101311468593
noninteger_bin_demo,51,83,-0.18443443386942224,-1.0239984293757378
noninteger_bin_demo,51,84,0.23029948426468966,-1.0461651929191464
noninteger_bin_demo,51,85,0.6011867637255587,-0.8573929327899347
noninteger_bin_demo,51,86,0.8492422622224963,-0.49700484806173795
noninteger_bin_demo,51,87,1.0427797659386053,-0.1031980943006302
noninteger_bin_demo,51,88,0.9319302206211775,0.29105574307779347
noninteger_bin_demo,51,89,0.7645944564447098,0.6342887377255075
noninteger_bin_demo,51,90,0.39863869307218686,0.9626242300133184
noninteger_bin_demo,51,91,0.021023394960417073,0.9836581371885854
noninteger_bin_demo,51,92,-0.3285376106185809,0.9820388664753559
noninteger_bin_demo,51,93,-0.7145311005045029,0.7609011686678977
noninteger_bin_demo,51,94,-0.8981264713132491,0.4281074296596602
noninteger_bin_demo,51,95,-1.008277448646826,0.017589517335037216
noninteger_bin_demo,51,96,-0.8919128364392562,-0.46200932249718185
noninteger_bin_demo,51,97,-0.6505379152114682,-0.7401523421567423
noninteger_bin_demo,51,98,-0.36770519415919056,-0.9413196864019908
noninteger_bin_demo,51,99,0.07742719484871542,-0.9991168376248445
noninteger_bin_demo,51,100,0.49707323539935117,-0.888835001106953
noninteger_bin_demo,51,101,0.7730581224782777,-0.6593793121165542
noninteger_bin_demo,51,102,0.9880641187046725,-0.28096605206521186
noninteger_bin_demo,51,103,1.0130947714850258,0.16840558969086503
noninteger_bin_demo,51,104,0.8366530561551861,0.5284265531577408
noninteger_bin_demo,51,105,0.612768806264145,0.7817846309084172
noninteger_bin_demo,51,106,0.2435687933712761,0.9441707122840057
noninteger_bin_demo,51,107,-0.1722248962036303,0.9738291921622566
noninteger_bin_demo,51,108,-0.5972411187723242,0.8378688004108816
noninteger_bin_demo,51,109,-0.8452830079110347,0.49696092132184444
noninteger_bin_demo,51,110,-0.9829022459680653,0.1281999280536037
noninteger_bin_demo,51,111,-0.9607559642793292,-0.2878242932028578
noninteger_bin_demo,51,112,-0.7733848434183377,-0.6171413422711763
noninteger_bin_demo,51,113,-0.4635096031807358,-0.9146519966414854
noninteger_bin_demo,51,114,-0.06063889855859071,-0.9650285849962033
noninteger_bin_demo,51,115,0.3544647581776885,-0.9530559722773078
noninteger_bin_demo,51,116,0.7126883380616668,-0.7226763490007375
noninteger_bin_demo,51,117,0.9035455177641061,-0.4287393291689586
noninteger_bin_demo,51,118,1.0086763234821408,-0.011711341812764245
noninteger_bin_demo,51,119,0.9354756558669763,0.3860652199340325
noninteger_bin_demo,51,120,0.6887436129608235,0.7385354265824552
noninteger_bin_demo,51,121,0.33108115859882137,0.9408518461091462
noninteger_bin_demo,51,122,-0.05350699444124536,0.9908365965538058
noninteger_bin_demo,51,123,-0.4712279847588274,0.9017734309959125
noninteger_bin_demo,51,124,-0.7718651220125582,0.6275678958401536
noninteger_bin_demo,51,125,-0.9355870293140583,0.2454550323475316
noninteger_bin_demo,51,126,-1.0513770036612715,-0.14984063284870078
noninteger_bin_demo,51,127,-0.8445725991009465,-0.4961782741564486
noninteger_bin_demo,52,0,-0.7364089522577503,0.6588247329336864
noninteger_bin_demo,52,1,-0.9588167675129389,0.27883771677747193
noninteger_bin_demo,52,2,-0.9369488203245785,-0.10463894072020413
noninteger_bin_demo,52,3,-0.8888370784166425,-0.48781936524481256
noninteger_bin_demo,52,4,-0.598216743585723,-0.8144935328726325
noninteger_bin_demo,52,5,-0.178691729505039,-1.0176318493687235
noninteger_bin_demo,52,6,0.1398463436597269,-0.9939017603326005
noninteger_bin_demo,52,7,0.5705060833972668,-0.8468000804536671
noninteger_bin_demo,52,8,0.858545957471791,-0.5203907836600404
noninteger_bin_demo,52,9,0.9437195107628461,-0.15654165515149043
noninteger_bin_demo,52,10,0.9680254451662629,0.22740831397334324
noninteger_bin_demo,52,11,0.7721373773657991,0.5717912635021928
noninteger_bin_demo,52,12,0.49824221536386043,0.9128839990259338
noninteger_bin_demo,52,13,0.13035521179477647,1.0033495352355999
noninteger_bin_demo,52,14,-0.282780625630652,0.9483921235096614
noninteger_bin_demo,52,15,-0.6889815561508982,0.7942907471921772
noninteger_bin_demo,52,16,-0.8654273426216508,0.44564694667330784
noninteger_bin_demo,52,17,-0.968475381396361,0.015371954632392023
noninteger_bin_demo,52,18,-0.9987511001638467,-0.41242625177090386
noninteger_bin_demo,52,19,-0.7294473537374686,-0.7233135823296639
noninteger_bin_demo,52,20,-0.3417696819218794,-0.969101377959695
noninteger_bin_demo,52,21,0.012179157717009802,-0.9680310335207938
noninteger_bin_demo,52,22,0.4204392525676489,-0.861359910223215
noninteger_bin_demo,52,23,0.8081533529082106,-0.6553435135619896
noninteger_bin_demo,52,24,0.9762594253146719,-0.2622743214992933
noninteger_bin_demo,52,25,0.9848349386136059,0.09873136476906386
noninteger_bin_demo,52,26,0.8338303132799635,0.4974127667699952
noninteger_bin_demo,52,27,0.6320494812736572,0.8186555932887036
noninteger_bin_demo,52,28,0.17403992007489083,0.998109181004233
noninteger_bin_demo,52,29,-0.1639552625764069,0.9596387443427158
noninteger_bin_demo,52,30,-0.581120185503349,0.8171699675003228
noninteger_bin_demo,52,31,-0.8356204245178626,0.5336952960118212
noninteger_bin_demo,52,32,-0.994924641614355,0.13773794124331765
noninteger_bin_demo,52,33,-1.0025641967031949,-0.234872729598712
noninteger_bin_demo,52,34,-0.7847789017943287,-0.6295569614830063
noninteger_bin_demo,52,35,-0.4471212627457432,-0.8564625200676161
noninteger_bin_demo,52,36,-0.0862421486332311,-1.0171446039911534
noninteger_bin_demo,52,37,0.3243860733188825,-0.9903789565214921
noninteger_bin_demo,52,38,0.6425301088214477,-0.7511973571296529
noninteger_bin_demo,52,39,0.9196478719065048,-0.3878631209562326
noninteger_bin_demo,52,40,0.9905998370057144,-0.05950709023411762
noninteger_bin_demo,52,41,0.9052177056536637,0.37433018062307893
noninteger_bin_demo,52,42,0.6933156996726687,0.725697283703731
noninteger_bin_demo,52,43,0.40135325255491433,0.8791463791821841
noninteger_bin_demo,52,44,-0.010157013334094786,0.983552863520482
noninteger_bin_demo,52,45,-0.46391817719419987,0.8465155034796583
noninteger_bin_demo,52,46,-0.8431687370758262,0.6420099846861663
noninteger_bin_demo,52,47,-0.9444890096502587,0.299507583985768
noninteger_bin_demo,52,48,-0.9927109114889688,-0.12311319343508571
noninteger_bin_demo,52,49,-0.8486313084929373,-0.5303490619937503
noninteger_bin_demo,52,50,-0.6211679693769013,-0.8039093238130575
noninteger_bin_demo,52,51,-0.20180579028772389,-0.9441764355976925
noninteger_bin_demo,52,52,0.17979614538255745,-0.9297470941433693
noninteger_bin_demo,52,53,0.5553829174073365,-0.8439555869374781
noninteger_bin_demo,52,54,0.8646096398771487,-0.5444818981798201
noninteger_bin_demo,52,55,0.9940290297534561,-0.1271363106936649
noninteger_bin_demo,52,56,1.0201276197477858,0.22764942155594917
noninteger_bin_demo,52,57,0.7617129495494785,0.636728759526324
noninteger_bin_demo,52,58,0.48392051669419905,0.8881380999356256
noninteger_bin_demo,52,59,0.08667976915462733,1.0279083245191338
noninteger_bin_demo,52,60,-0.3830136417894522,0.9717708693594947
noninteger_bin_demo,52,61,-0.6721627579735613,0.7374131370046526
noninteger_bin_demo,52,62,-0.8802448557925643,0.4360297869183437
noninteger_bin_demo,52,63,-0.9896099815069989,0.005974006181405339
noninteger_bin_demo,52,64,-0.9405558312167659,-0.43106451090389997
noninteger_bin_demo,52,65,-0.7119744158285458,-0.7546334415936589
noninteger_bin_demo,52,66,-0.3648250922187013,-0.9653736558097559
noninteger_bin_demo,52,67,0.03563648887837942,-0.980932211147387
noninteger_bin_demo,52,68,0.4720264198613689,-0.8477495991030994
noninteger_bin_demo,52,69,0.7601800988167456,-0.6757829511507066
noninteger_bin_demo,52,70,0.9683831741969188,-0.28078463550446936
noninteger_bin_demo,52,71,0.9926654623807228,0.13898622803697047
noninteger_bin_demo,52,72,0.8794692057154694,0.5304745645390103
noninteger_bin_demo,52,73,0.5683653715956702,0.8480361369395115
noninteger_bin_demo,52,74,0.1887523548991793,1.002744117474472
noninteger_bin_demo,52,75,-0.22954190314685274,1.0382372477092003
noninteger_bin_demo,52,76,-0.5965913979134833,0.8128865707913833
noninteger_bin_demo,52,77,-0.7901588098736491,0.5399075529721498
noninteger_bin_demo,52,78,-0.9343784544570362,0.16944916906201482
noninteger_bin_demo,52,79,-0.9393024384606048,-0.2787198516096768
noninteger_bin_demo,52,80,-0.7924148639960402,-0.6161356194398544
noninteger_bin_demo,52,81,-0.43933221526991567,-0.9065206361200796
noninteger_bin_demo,52,82,-0.07654950779782166,-0.9931100518451472
noninteger_bin_demo,52,83,0.340478117614868,-0.9929891618885232
noninteger_bin_demo,52,84,0.628269563156638,-0.7741042687303598
noninteger_bin_demo,52,85,0.904254312502255,-0.39471665910269704
noninteger_bin_demo,52,86,0.984747497923579,-0.028926843467663305
noninteger_bin_demo,52,87,0.9081811918034634,0.4122955253466454
noninteger_bin_demo,52,88,0.6740492722803377,0.7521525194785129
noninteger_bin_demo,52,89,0.35800021625624995,1.0356474076363393
noninteger_bin_demo,52,90,-0.03295935738886312,1.016249551334619
noninteger_bin_demo,52,91,-0.43598739219260224,0.8854898476511391
noninteger_bin_demo,52,92,-0.7579189942512814,0.6679179836901299
noninteger_bin_demo,52,93,-0.9512330277539077,0.2665694222833532
noninteger_bin_demo,52,94,-1.0266323852378276,-0.15981022514191423
noninteger_bin_demo,52,95,-0.8479274926270172,-0.4873318786436611
noninteger_bin_demo,52,96,-0.5403094380166177,-0.7139974181106258
noninteger_bin_demo,52,97,-0.2162525952822298,-0.9439867725096199
noninteger_bin_demo,52,98,0.18321491530819015,-0.9449126521758492
noninteger_bin_demo,52,99,0.6120946295502052,-0.786987287593639
noninteger_bin_demo,52,100,0.8595415484169728,-0.5194784691091131
noninteger_bin_demo,52,101,1.0263750342895845,-0.14523140502819867
noninteger_bin_demo,52,102,0.9810740136960947,0.29287876142051755
noninteger_bin_demo,52,103,0.7962508407982269,0.6762596672234316
noninteger_bin_demo,52,104,0.4715207181018173,0.8895733027817755
noninteger_bin_demo,52,105,0.0736205445639895,1.006762005807138
noninteger_bin_demo,52,106,-0.34737552651144027,0.9339962552560177
noninteger_bin_demo,52,107,-0.6573920189927305,0.7162188728829607
noninteger_bin_demo,52,108,-0.9091038036770644,0.34602249494780585
noninteger_bin_demo,52,109,-1.067134248731786,0.06090341164297114
noninteger_bin_demo,52,110,-0.8990238155589494,-0.37662692475781767
noninteger_bin_demo,52,111,-0.639624017612978,-0.7773685191980622
noninteger_bin_demo,52,112,-0.36924875408092184,-0.9053294210306151
noninteger_bin_demo,52,113,0.05930082731013614,-1.0219738111661785
noninteger_bin_demo,52,114,0.4964040941709195,-0.9153993742216103
noninteger_bin_demo,52,115,0.7516409975072706,-0.6976787453915911
noninteger_bin_demo,52,116,0.946126352076698,-0.2735681188193935
noninteger_bin_demo,52,117,1.0226858155471703,0.12335876291784746
noninteger_bin_demo,52,118,0.873521823357784,0.4907862229229739
noninteger_bin_demo,52,119,0.5717749563918287,0.8367724500364685
noninteger_bin_demo,52,120,0.2575974355327362,0.973114567831713
noninteger_bin_demo,52,121,-0.19020145748592648,0.9752854635409222
noninteger_bin_demo,52,122,-0.561284369608999,0.8563292116570892
noninteger_bin_demo,52,123,-0.8242356794455669,0.5490700083297685
noninteger_bin_demo,52,124,-0.9986602611072611,0.1440107149261568
noninteger_bin_demo,52,125,-0.9793116839726543,-0.2592529653294498
noninteger_bin_demo,52,126,-0.7852970133265962,-0.6462107702796686
noninteger_bin_demo,52,127,-0.4344459307164395,-0.8767437147223134
noninteger_bin_demo,53,0,-0.9994096710305387,0.17889227535121435
noninteger_bin_demo,53,1,-0.9923698967629389,-0.21599015169216096
noninteger_bin_demo,53,2,-0.7678197594167923,-0.5849254183656689
noninteger_bin_demo,53,3,-0.47006630711410263,-0.8294296011031483
noninteger_bin_demo,53,4,-0.15732656435983758,-0.9821937841967875
noninteger_bin_demo,53,5,0.28782213637955,-0.976074759370842
noninteger_bin_demo,53,6,0.6691748328419098,-0.7261666717747821
noninteger_bin_demo,53,7,0.853730766526834,-0.4917067377849205
noninteger_bin_demo,53,8,1.0355941216542612,-0.05653599170480823
noninteger_bin_demo,53,9,0.9224510085488085,0.34331087891492545
noninteger_bin_demo,53,10,0.7082887598402425,0.74224503151118
noninteger_bin_demo,53,11,0.29925632345604747,0.8973376615491363
noninteger_bin_demo,53,12,0.005109471724061489,0.9961458273660337
noninteger_bin_demo,53,13,-0.46622807737602884,0.9089861992381708
noninteger_bin_demo,53,14,-0.7501085329935258,0.6548662163672558
noninteger_bin_demo,53,15,-0.9223191760820224,0.32671714098484655
noninteger_bin_demo,53,16,-0.9737647589778511,-0.11351975294538684
noninteger_bin_demo,53,17,-0.8546814995899346,-0.4680129351474081
noninteger_bin_demo,53,18,-0.5705721688511883,-0.8441410887527413
noninteger_bin_demo,53,19,-0.21740622032965712,-0.9467430207130896
noninteger_bin_demo,53,20,0.13934431755273421,-0.9884550059887213
noninteger_bin_demo,53,21,0.5605166708555459,-0.7925238096803281
noninteger_bin_demo,53,22,0.8724394785840818,-0.546354822496857
noninteger_bin_demo,53,23,1.0110339485085107,-0.14903116618616033
noninteger_bin_demo,53,24,1.0578920108997234,0.24424177935292066
noninteger_bin_demo,53,25,0.8054769418567114,0.5554052465861183
noninteger_bin_demo,53,26,0.48028902925107636,0.9199271864275966
noninteger_bin_demo,53,27,0.1221258014041815,1.0417606826413683
noninteger_bin_demo,53,28,-0.27688137323098583,0.9832601679231856
noninteger_bin_demo,53,29,-0.6266656461478938,0.7114917406460018
noninteger_bin_demo,53,30,-0.8547441932913576,0.46776670737484477
noninteger_bin_demo,53,31,-0.9723643435550889,0.04902107291925881
noninteger_bin_demo,53,32,-0.9353544391205268,-0.2717815794879792
noninteger_bin_demo,53,33,-0.7529296587939569,-0.6666152176684609
noninteger_bin_demo,53,34,-0.34551722819190384,-0.8937076110192562
noninteger_bin_demo,53,35,-0.0009689069529600636,-0.9975086570640458
noninteger_bin_demo,53,36,0.44291084435668215,-0.9115582648555864
noninteger_bin_demo,53,37,0.7537083388973053,-0.6041697611342678
noninteger_bin_demo,53,38,0.9429531513548314,-0.2366869020147906
noninteger_bin_demo,53,39,0.9830503123949628,0.11650283182444558
noninteger_bin_demo,53,40,0.8488295005490532,0.47758157395647916
noninteger_bin_demo,53,41,0.6147433703488295,0.7526586720420431
noninteger_bin_demo,53,42,0.23281303309407472,0.9907249540528759
noninteger_bin_demo,53,43,-0.1704862966146981,1.0132096105023014
noninteger_bin_demo,53,44,-0.5416938590818957,0.8638181211960088
noninteger_bin_demo,53,45,-0.8045677467170216,0.5747561374534914
noninteger_bin_demo,53,46,-0.9564589160075234,0.12407718411687227
noninteger_bin_demo,53,47,-0.9331027103727823,-0.20366395798948408
noninteger_bin_demo,53,48,-0.815015600275169,-0.6383492518616457
noninteger_bin_demo,53,49,-0.47068626891096743,-0.8831026159693294
noninteger_bin_demo,53,50,-0.08383591765464166,-0.9458666284959487
noninteger_bin_demo,53,51,0.33574553097055165,-0.9282680653439189
noninteger_bin_demo,53,52,0.6735057770590771,-0.7183347277750036
noninteger_bin_demo,53,53,0.8597960415096966,-0.4334805200001177
noninteger_bin_demo,53,54,0.95379648836485,-0.04881264634103406
noninteger_bin_demo,53,55,0.943520605034077,0.4052453878639841
noninteger_bin_demo,53,56,0.7516066704275294,0.7232095344976258
noninteger_bin_demo,53,57,0.3831451154768432,0.9701145627616569
noninteger_bin_demo,53,58,-0.09013026876752316,0.9893820118828727
noninteger_bin_demo,53,59,-0.42257421702153297,0.9337139872462915
noninteger_bin_demo,53,60,-0.7624482275499687,0.6078815262097308
noninteger_bin_demo,53,61,-0.9545943856157267,0.29114871146152993
noninteger_bin_demo,53,62,-1.0151281205825027,-0.16362610282483026
noninteger_bin_demo,53,63,-0.8778758273619697,-0.45203319925683844
noninteger_bin_demo,53,64,-0.5858647452079916,-0.753980136915887
noninteger_bin_demo,53,65,-0.22443545457458441,-0.9978297432611343
noninteger_bin_demo,53,66,0.1944408315088385,-0.9958173640617712
noninteger_bin_demo,53,67,0.5291565988527728,-0.8355223221410708
noninteger_bin_demo,53,68,0.823822724174952,-0.5371420034362011
noninteger_bin_demo,53,69,0.9895397761461461,-0.23075186235903183
noninteger_bin_demo,53,70,1.0365099463803007,0.3124599408274442
noninteger_bin_demo,53,71,0.8045984303394691,0.6285226372866921
noninteger_bin_demo,53,72,0.49467168568954384,0.8811897800648938
noninteger_bin_demo,53,73,0.1017721759098918,1.0034581993710048
noninteger_bin_demo,53,74,-0.2499189205119682,0.9498336814218717
noninteger_bin_demo,53,75,-0.6495767571570186,0.7397667248360446
noninteger_bin_demo,53,76,-0.9153919698086154,0.43437968845426267
noninteger_bin_demo,53,77,-1.0245280045548477,0.020285863678745616
noninteger_bin_demo,53,78,-0.9593397084852828,-0.34639501551748986
noninteger_bin_demo,53,79,-0.6521330555118097,-0.7244677017219205
noninteger_bin_demo,53,80,-0.3937775279127881,-0.9378552291189202
noninteger_bin_demo,53,81,0.07196480036469584,-1.005520241909561
noninteger_bin_demo,53,82,0.4418529464318022,-0.8905365601800045
noninteger_bin_demo,53,83,0.7071286811073773,-0.6261931381510748
noninteger_bin_demo,53,84,0.9681012847281439,-0.30652921037392195
noninteger_bin_demo,53,85,1.004044268114241,0.12775826245657385
noninteger_bin_demo,53,86,0.8665976642304214,0.4273771444388077
noninteger_bin_demo,53,87,0.5989449490526203,0.8174941569144738
noninteger_bin_demo,53,88,0.2627931983280636,1.0003908634558472
noninteger_bin_demo,53,89,-0.1418649622426849,0.9818053691575266
noninteger_bin_demo,53,90,-0.5748487795881595,0.8684480536621388
noninteger_bin_demo,53,91,-0.8672876049808051,0.4719742344821051
noninteger_bin_demo,53,92,-0.9634653722495669,0.1816248772960937
noninteger_bin_demo,53,93,-0.952172660721754,-0.24387160680832745
noninteger_bin_demo,53,94,-0.8742067864488126,-0.6043560189882748
noninteger_bin_demo,53,95,-0.48022305605951765,-0.9132478190162704
noninteger_bin_demo,53,96,-0.09250262860604251,-0.9854928603516471
noninteger_bin_demo,53,97,0.3461955600799362,-0.9654652585782445
noninteger_bin_demo,53,98,0.7268853432353779,-0.7906356992802573
noninteger_bin_demo,53,99,0.9249301588674242,-0.4321265878702954
noninteger_bin_demo,53,100,1.0597508108078701,-0.07819422239835491
noninteger_bin_demo,53,101,0.8895003985832497,0.43487299401663837
noninteger_bin_demo,53,102,0.7142633650064318,0.7160189935465954
noninteger_bin_demo,53,103,0.4157243555926707,0.9189981732237724
noninteger_bin_demo,53,104,-0.03877244482979374,0.9373805023565723
noninteger_bin_demo,53,105,-0.3790974734690163,0.92078970165986
noninteger_bin_demo,53,106,-0.7352111478354986,0.6573266330300703
noninteger_bin_demo,53,107,-0.9496025129931902,0.29975664178746175
noninteger_bin_demo,53,108,-1.0034548163765558,-0.1472348333324732
noninteger_bin_demo,53,109,-0.9241852130300746,-0.4991400812440948
noninteger_bin_demo,53,110,-0.6293411040394913,-0.7886952232324986
noninteger_bin_demo,53,111,-0.2560578555079239,-0.9788694496111645
noninteger_bin_demo,53,112,0.20184756802426057,-1.035958338462612
noninteger_bin_demo,53,113,0.5642617946406048,-0.8169991530065971
noninteger_bin_demo,53,114,0.8660670139613251,-0.5744621236825397
noninteger_bin_demo,53,115,0.9514805466040412,-0.1744499282091727
noninteger_bin_demo,53,116,0.943802005163832,0.22841494672089166
noninteger_bin_demo,53,117,0.7747070744711432,0.584392479416633
noninteger_bin_demo,53,118,0.4676366052873766,0.8630325806757264
noninteger_bin_demo,53,119,0.125803915896014,1.0285557468256479
noninteger_bin_demo,53,120,-0.28053119377957275,0.950141534699722
noninteger_bin_demo,53,121,-0.6850976354903133,0.7411182706334256
noninteger_bin_demo,53,122,-0.8799612804268475,0.4488223536165984
noninteger_bin_demo,53,123,-1.024313069381698,0.056668418816979996
noninteger_bin_demo,53,124,-0.9118482848559913,-0.39421905996687245
noninteger_bin_demo,53,125,-0.7164602020665717,-0.6957817576541743
noninteger_bin_demo,53,126,-0.3203819891792006,-0.9553915244265275
noninteger_bin_demo,53,127,0.10872339474989574,-1.0057792958271488
noninteger_bin_demo,54,0,-0.9306514589196664,-0.31243199697624213
noninteger_bin_demo,54,1,-0.6785379958825383,-0.6774964198634266
noninteger_bin_demo,54,2,-0.3942499065509383,-0.9174741953871745
noninteger_bin_demo,54,3,0.05757204579156658,-0.9849026336535642
noninteger_bin_demo,54,4,0.3945720607018662,-0.9760065877027191
noninteger_bin_demo,54,5,0.7233874429971311,-0.6834678270196612
noninteger_bin_demo,54,6,0.9474342298602982,-0.32884201136287833
noninteger_bin_demo,54,7,0.9946334698094331,0.06982290660222194
noninteger_bin_demo,54,8,0.9066605885308001,0.47702592765412405
noninteger_bin_demo,54,9,0.6277840125944123,0.7720281206749322
noninteger_bin_demo,54,10,0.2369549531512453,1.0262182874626595
noninteger_bin_demo,54,11,-0.18105437188253667,0.9816980556776791
noninteger_bin_demo,54,12,-0.5270774968232435,0.8415980478892402
noninteger_bin_demo,54,13,-0.814959178157624,0.603981744856266
noninteger_bin_demo,54,14,-1.0057628026140468,0.16129794033002554
noninteger_bin_demo,54,15,-0.9942800954347479,-0.16833527182558217
noninteger_bin_demo,54,16,-0.7995048359671122,-0.6004798144970427
noninteger_bin_demo,54,17,-0.5194670169113353,-0.8707747866790504
noninteger_bin_demo,54,18,-0.15062766355772078,-0.9952868197013692
noninteger_bin_demo,54,19,0.2683077499801463,-0.9629932678288236
noninteger_bin_demo,54,20,0.6509683455761589,-0.7784105544427755
noninteger_bin_demo,54,21,0.9256395283577751,-0.45282381366634344
noninteger_bin_demo,54,22,0.9731339641224547,-0.04058098977059278
noninteger_bin_demo,54,23,0.9800516504904442,0.34906915962335905
noninteger_bin_demo,54,24,0.6691301076717461,0.6395837512469885
noninteger_bin_demo,54,25,0.36571950518331064,0.9310096768852648
noninteger_bin_demo,54,26,-0.019169804817580093,0.9352344894487563
noninteger_bin_demo,54,27,-0.4348926193030476,0.9032591397404924
noninteger_bin_demo,54,28,-0.7586775395354782,0.6529457566271131
noninteger_bin_demo,54,29,-0.8971223915271571,0.34875678397802323
noninteger_bin_demo,54,30,-1.0039746501677573,-0.08854192099212745
noninteger_bin_demo,54,31,-0.8872857967807742,-0.43604123764839986
noninteger_bin_demo,54,32,-0.6121555251084367,-0.7729563014766401
noninteger_bin_demo,54,33,-0.24348060918291523,-0.9829992017761591
noninteger_bin_demo,54,34,0.12144557806470027,-0.9874655109419855
noninteger_bin_demo,54,35,0.5338207982354853,-0.87451166610622
noninteger_bin_demo,54,36,0.8091657496064603,-0.5939256019284123
noninteger_bin_demo,54,37,0.9778891081396003,-0.20254981387457927
noninteger_bin_demo,54,38,1.0097326826995456,0.1986077880315633
noninteger_bin_demo,54,39,0.8348529576418913,0.5867372131643962
noninteger_bin_demo,54,40,0.5303275957036201,0.8263522579155539
noninteger_bin_demo,54,41,0.09854977046820604,1.0124580332419049
noninteger_bin_demo,54,42,-0.35000212398753305,0.919083430868346
noninteger_bin_demo,54,43,-0.6591223384931487,0.7792561229600655
noninteger_bin_demo,54,44,-0.8899656079651772,0.4052519634910444
noninteger_bin_demo,54,45,-1.0071216336449194,0.051443100248672505
noninteger_bin_demo,54,46,-0.8912486514166819,-0.3427725252199484
noninteger_bin_demo,54,47,-0.6859110559437129,-0.6842904992468835
noninteger_bin_demo,54,48,-0.3779542077622035,-0.9653358134641148
noninteger_bin_demo,54,49,-0.007562982233544711,-0.9906126248420051
noninteger_bin_demo,54,50,0.4150831213327627,-0.918474368074567
noninteger_bin_demo,54,51,0.7626284643042083,-0.6957686061578575
noninteger_bin_demo,54,52,0.9677830778350524,-0.2828235079445961
noninteger_bin_demo,54,53,1.0141466286965422,0.08734442231546141
noninteger_bin_demo,54,54,0.8315975553074206,0.4307795369081537
noninteger_bin_demo,54,55,0.6447560916011957,0.7968296422592178
noninteger_bin_demo,54,56,0.24976134120943821,0.9455005292749666
noninteger_bin_demo,54,57,-0.12535333062844206,1.0093860686259792
noninteger_bin_demo,54,58,-0.5068029524715667,0.84102885244437
noninteger_bin_demo,54,59,-0.8251387304275639,0.5592711661872843
noninteger_bin_demo,54,60,-0.9855845525102971,0.19213771998610885
noninteger_bin_demo,54,61,-1.0059068631503567,-0.18704823772098045
noninteger_bin_demo,54,62,-0.8125528573527038,-0.5484978397923873
noninteger_bin_demo,54,63,-0.5571738439231895,-0.8824602700505886
noninteger_bin_demo,54,64,-0.13093767701317519,-0.9487701712403807
noninteger_bin_demo,54,65,0.24670649528763697,-0.9374218178353396
noninteger_bin_demo,54,66,0.6831582288181126,-0.7650200517826903
noninteger_bin_demo,54,67,0.8662869655416142,-0.44297863560290635
noninteger_bin_demo,54,68,0.9733502649637009,-0.095846940575419
noninteger_bin_demo,54,69,0.9452427994053985,0.3161690458752331
noninteger_bin_demo,54,70,0.741376768779906,0.6574443356921135
noninteger_bin_demo,54,71,0.3488533262041759,0.9294921767148603
noninteger_bin_demo,54,72,-0.03453736469668029,1.0267932451626534
noninteger_bin_demo,54,73,-0.35451406729159857,0.8751446078790965
noninteger_bin_demo,54,74,-0.7622925121074058,0.6477862198690203
noninteger_bin_demo,54,75,-0.9831004152581703,0.2941806291254037
noninteger_bin_demo,54,76,-0.9399594829348018,-0.11005125014672287
noninteger_bin_demo,54,77,-0.8421642883582082,-0.5228726179843497
noninteger_bin_demo,54,78,-0.6193565791650537,-0.8444421119268432
noninteger_bin_demo,54,79,-0.2627143321971248,-0.9805231845049507
noninteger_bin_demo,54,80,0.15543871971670567,-0.9339627688556669
noninteger_bin_demo,54,81,0.5629445864084363,-0.8465870620560321
noninteger_bin_demo,54,82,0.8172700606819661,-0.5507135191548155
noninteger_bin_demo,54,83,0.9373785512038278,-0.18714563679348922
noninteger_bin_demo,54,84,0.9940132039078406,0.22572635955212347
noninteger_bin_demo,54,85,0.836872150188259,0.6207044983715185
noninteger_bin_demo,54,86,0.4865126001974678,0.9032074887401573
noninteger_bin_demo,54,87,0.12310424360330746,0.984322494017636
noninteger_bin_demo,54,88,-0.27349194695202317,0.9751448325703644
noninteger_bin_demo,54,89,-0.6721719495622628,0.7349775592775504
noninteger_bin_demo,54,90,-0.8517688694139168,0.47568170267993903
noninteger_bin_demo,54,91,-0.9929463176515095,0.03888575632391226
noninteger_bin_demo,54,92,-0.9212446498888567,-0.34358233643688474
noninteger_bin_demo,54,93,-0.711256651683893,-0.7462076606792729
noninteger_bin_demo,54,94,-0.34519199145412605,-0.8910035961721813
noninteger_bin_demo,54,95,0.06931257735981902,-1.0132805073135962
noninteger_bin_demo,54,96,0.4407006166006029,-0.9300517244231167
noninteger_bin_demo,54,97,0.7527995431400625,-0.7154437626358031
noninteger_bin_demo,54,98,0.966307834477526,-0.289841820901844
noninteger_bin_demo,54,99,0.99806101378411,0.09022998115779453
noninteger_bin_demo,54,100,0.875806981353338,0.4712697736605484
noninteger_bin_demo,54,101,0.6054236044312661,0.7876443124633224
noninteger_bin_demo,54,102,0.2714356303101548,0.9638103542424802
noninteger_bin_demo,54,103,-0.10863097345703533,0.9476883555866997
noninteger_bin_demo,54,104,-0.5187548280306807,0.833127769012551
noninteger_bin_demo,54,105,-0.8342994455879853,0.5691730193253003
noninteger_bin_demo,54,106,-1.00367931709324,0.192298385043038
noninteger_bin_demo,54,107,-0.9787050750198012,-0.2682301567232865
noninteger_bin_demo,54,108,-0.7972302919075335,-0.6401483709688035
noninteger_bin_demo,54,109,-0.4966185711777999,-0.8214979797836729
noninteger_bin_demo,54,110,-0.1246154717623964,-1.0159627063463608
noninteger_bin_demo,54,111,0.33642177289132685,-0.988092258887355
noninteger_bin_demo,54,112,0.6782181381274798,-0.793358130426524
noninteger_bin_demo,54,113,0.8909363583832731,-0.5094727873493511
noninteger_bin_demo,54,114,0.9736569301249346,-0.0840425213391481
noninteger_bin_demo,54,115,0.9529427219974178,0.35118101159999227
noninteger_bin_demo,54,116,0.7357682169650301,0.6645248516643175
noninteger_bin_demo,54,117,0.39521283997030643,0.902004488686881
noninteger_bin_demo,54,118,-0.007975524714434273,0.9901321477800077
noninteger_bin_demo,54,119,-0.4124469916163043,0.8838805087557587
noninteger_bin_demo,54,120,-0.7339027735324611,0.6714862212636422
noninteger_bin_demo,54,121,-0.9127533665655414,0.3164862686365776
noninteger_bin_demo,54,122,-1.0016237718869914,-0.12600044328932702
noninteger_bin_demo,54,123,-0.8295145435792813,-0.4593864321898732
noninteger_bin_demo,54,124,-0.5929114554801562,-0.8160352852934925
noninteger_bin_demo,54,125,-0.2094065363824033,-0.9802123776378091
noninteger_bin_demo,54,126,0.17169828793141514,-1.0009728134133498
noninteger_bin_demo,54,127,0.5361694341020186,-0.8506968359652375
noninteger_bin_demo,55,0,-0.647042954508696,-0.7922315361030117
noninteger_bin_demo,55,1,-0.32098279489884196,-0.875122259163061
noninteger_bin_demo,55,2,0.1579200406443001,-0.9908472610287502
noninteger_bin_demo,55,3,0.49548308414151876,-0.8545861106375706
noninteger_bin_demo,55,4,0.8335732772195561,-0.5635270555360324
noninteger_bin_demo,55,5,0.9745563456290978,-0.22259151535574961
noninteger_bin_demo,55,6,0.9400143328565463,0.17481205078427767
noninteger_bin_demo,55,7,0.862257906310608,0.5406955789826728
noninteger_bin_demo,55,8,0.5164500077115765,0.8670143476023839
noninteger_bin_demo,55,9,0.09319790833126251,1.0592373898117824
noninteger_bin_demo,55,10,-0.2444659050012254,0.9257393087449987
noninteger_bin_demo,55,11,-0.5948046598550676,0.7657279157053295
noninteger_bin_demo,55,12,-0.9091045975118682,0.4494125174627962
noninteger_bin_demo,55,13,-1.0250155545051935,0.06361540021915862
noninteger_bin_demo,55,14,-0.9494109466186815,-0.3414929597472307
noninteger_bin_demo,55,15,-0.7073863238107081,-0.6680550656277741
noninteger_bin_demo,55,16,-0.41663778380088956,-0.8810047857999953
noninteger_bin_demo,55,17,-0.04991178588825101,-1.0210968913953702
noninteger_bin_demo,55,18,0.3515399543698813,-0.9638179526338452
noninteger_bin_demo,55,19,0.7006648287653889,-0.692386157938548
noninteger_bin_demo,55,20,0.9044964949190438,-0.3451741277450883
noninteger_bin_demo,55,21,0.994431105372097,-0.01533732542066496
noninteger_bin_demo,55,22,0.8753534065133814,0.4466050556660078
noninteger_bin_demo,55,23,0.6138983786953494,0.7994266333160839
noninteger_bin_demo,55,24,0.24969531837241346,1.0054432527414092
noninteger_bin_demo,55,25,-0.1612617113852223,1.0098898140139343
noninteger_bin_demo,55,26,-0.53106251418344,0.840818522822085
noninteger_bin_demo,55,27,-0.8027041869074634,0.5378498358944742
noninteger_bin_demo,55,28,-1.0031340217985996,0.22435512351277118
noninteger_bin_demo,55,29,-0.9813931773603679,-0.22103696668846737
noninteger_bin_demo,55,30,-0.8377763181890374,-0.57137450173897
noninteger_bin_demo,55,31,-0.5327058819625655,-0.7895711134297156
noninteger_bin_demo,55,32,-0.15296537239553853,-0.9824894264873084
noninteger_bin_demo,55,33,0.24298689414334448,-1.0309719941309312
noninteger_bin_demo,55,34,0.6623474697784568,-0.753479615743004
noninteger_bin_demo,55,35,0.9062780346483749,-0.5055880133452961
noninteger_bin_demo,55,36,0.9770015614898215,-0.0999214493745594
noninteger_bin_demo,55,37,0.912618540967241,0.3258932900228726
noninteger_bin_demo,55,38,0.6724086367838145,0.6844343274469887
noninteger_bin_demo,55,39,0.42141753107847424,0.9620110432417889
noninteger_bin_demo,55,40,0.037005716346693154,1.0129443022466018
noninteger_bin_demo,55,41,-0.37178543369031175,0.9823058786865889
noninteger_bin_demo,55,42,-0.7193392608328257,0.6553858586201897
noninteger_bin_demo,55,43,-0.9258762952519826,0.31558923443707637
noninteger_bin_demo,55,44,-0.9908527227305887,-0.0801278299860059
noninteger_bin_demo,55,45,-0.8943930768606986,-0.4957886565507336
noninteger_bin_demo,55,46,-0.6053048413134033,-0.7622452991508981
noninteger_bin_demo,55,47,-0.2599777203579843,-0.9256201256318878
noninteger_bin_demo,55,48,0.14242243762543544,-0.9846119693399097
noninteger_bin_demo,55,49,0.5010439697451936,-0.8627827731330786
noninteger_bin_demo,55,50,0.8818466878721649,-0.5672815925095626
noninteger_bin_demo,55,51,0.9827904463209584,-0.22108481419331244
noninteger_bin_demo,55,52,0.9610818805348427,0.1907642471895289
noninteger_bin_demo,55,53,0.8313507303874098,0.5719017664804765
noninteger_bin_demo,55,54,0.5004280399686221,0.81332510295147
noninteger_bin_demo,55,55,0.11683441689884985,0.9963565894304265
noninteger_bin_demo,55,56,-0.262751436562622,0.9310234836073601
noninteger_bin_demo,55,57,-0.5817718835536376,0.7949119944482391
noninteger_bin_demo,55,58,-0.9157812236217535,0.4378053934754335
noninteger_bin_demo,55,59,-0.9692669208480718,0.07399887220704607
noninteger_bin_demo,55,60,-0.9062865480144101,-0.32833125447802186
noninteger_bin_demo,55,61,-0.6935755783854141,-0.6575669420576861
noninteger_bin_demo,55,62,-0.41799078172825416,-0.936201609266186
noninteger_bin_demo,55,63,-0.003624644479300132,-1.0143081073716815
noninteger_bin_demo,55,64,0.38553204952696596,-0.8884240576107321
noninteger_bin_demo,55,65,0.6886594507980435,-0.6762438929288777
noninteger_bin_demo,55,66,0.9625762125805516,-0.3020339053921845
noninteger_bin_demo,55,67,1.0414604285376925,0.07681576184641102
noninteger_bin_demo,55,68,0.8958506058760347,0.4358833543377623
noninteger_bin_demo,55,69,0.5832185007611626,0.7388417113981586
noninteger_bin_demo,55,70,0.22664974000210747,0.9759299753439964
noninteger_bin_demo,55,71,-0.14758269140063676,1.0174141107910797
noninteger_bin_demo,55,72,-0.4921863383123754,0.897259458628806
noninteger_bin_demo,55,73,-0.8386908805535439,0.5108623639120248
noninteger_bin_demo,55,74,-0.9910381276877394,0.25233036744597576
noninteger_bin_demo,55,75,-1.0333447409227616,-0.1981910051012302
noninteger_bin_demo,55,76,-0.8178513163400426,-0.5694955641923806
noninteger_bin_demo,55,77,-0.4848125131887368,-0.8883170458219926
noninteger_bin_demo,55,78,-0.12048080475197334,-0.9994363838745002
noninteger_bin_demo,55,79,0.23727779298959076,-0.9653703940396936
noninteger_bin_demo,55,80,0.6981446967280107,-0.7636193157685476
noninteger_bin_demo,55,81,0.9071549190081531,-0.4791417107100958
noninteger_bin_demo,55,82,1.0132755332057857,-0.0642854464593828
noninteger_bin_demo,55,83,0.9560832792198253,0.3258403597770811
noninteger_bin_demo,55,84,0.7306497255377401,0.6945179981676989
noninteger_bin_demo,55,85,0.379835085803101,0.9832514469306319
noninteger_bin_demo,55,86,-0.025382795675328886,1.0125880052804073
noninteger_bin_demo,55,87,-0.4057049438194133,0.9406399579732551
noninteger_bin_demo,55,88,-0.6908590274823737,0.727694045943959
noninteger_bin_demo,55,89,-0.8893385970473934,0.3668964854612396
noninteger_bin_demo,55,90,-1.0562358880837621,-0.06143916821835532
noninteger_bin_demo,55,91,-0.9181819109702479,-0.4668628825111514
noninteger_bin_demo,55,92,-0.607294666474434,-0.7511092801021731
noninteger_bin_demo,55,93,-0.2873861647675921,-0.9028012109391318
noninteger_bin_demo,55,94,0.1559915350271656,-0.9938168686489288
noninteger_bin_demo,55,95,0.5002254749977745,-0.8524103697439259
noninteger_bin_demo,55,96,0.8468525240638661,-0.5136713438817928
noninteger_bin_demo,55,97,0.9497624056899432,-0.173395419530731
noninteger_bin_demo,55,98,0.9246210320792997,0.1847071344031339
noninteger_bin_demo,55,99,0.8261882812653539,0.6092235148172737
noninteger_bin_demo,55,100,0.5468761530721351,0.8722497862811683
noninteger_bin_demo,55,101,0.14071315899592374,0.9668168492780959
noninteger_bin_demo,55,102,-0.33630215223785087,0.9902181540862216
noninteger_bin_demo,55,103,-0.629436673268639,0.75443066746218
noninteger_bin_demo,55,104,-0.9096933669494378,0.472508482749775
noninteger_bin_demo,55,105,-0.986392003713634,0.06394028789697989
noninteger_bin_demo,55,106,-0.9650981966678474,-0.37270252853255337
noninteger_bin_demo,55,107,-0.7391041179174029,-0.6998219071707285
noninteger_bin_demo,55,108,-0.4067191335921861,-0.9230179879765779
noninteger_bin_demo,55,109,-0.04004631738859882,-1.064834251675149
noninteger_bin_demo,55,110,0.3958231628516688,-0.8752078277089078
noninteger_bin_demo,55,111,0.7218238381328319,-0.731331663132201
noninteger_bin_demo,55,112,0.9178062814542559,-0.254480991419377
noninteger_bin_demo,55,113,1.0060533382680643,0.10476827505740334
noninteger_bin_demo,55,114,0.8846432656780107,0.4787810383170696
noninteger_bin_demo,55,115,0.5978816372580614,0.7823739280652308
noninteger_bin_demo,55,116,0.2698630802209679,0.9568443766666385
noninteger_bin_demo,55,117,-0.15434702753300628,0.9809087412206943
noninteger_bin_demo,55,118,-0.5276103450691596,0.8591893596376764
noninteger_bin_demo,55,119,-0.8223099325930114,0.535789537599782
noninteger_bin_demo,55,120,-0.9911648160573355,0.20049457164581638
noninteger_bin_demo,55,121,-0.9558393829844168,-0.21146865606531096
noninteger_bin_demo,55,122,-0.8057182054316033,-0.551089602188773
noninteger_bin_demo,55,123,-0.5261174530747315,-0.8884401592055903
noninteger_bin_demo,55,124,-0.06626997434391901,-0.9828587448368742
noninteger_bin_demo,55,125,0.31323272172341055,-0.9838424368447635
noninteger_bin_demo,55,126,0.6333744691558884,-0.7602364405205569
noninteger_bin_demo,55,127,0.9082546135124427,-0.4252290222891281
noninteger_bin_demo,56,0,-0.13202481296585866,-0.9773476181320708
noninteger_bin_demo,56,1,0.2702284651147446,-0.9697697311816664
noninteger_bin_demo,56,2,0.6225678354309401,-0.7683933373006921
noninteger_bin_demo,56,3,0.8634523217028798,-0.48643574757522
noninteger_bin_demo,56,4,1.044393209705626,-0.09329527796955273
noninteger_bin_demo,56,5,0.9119013374165553,0.264988788555586
noninteger_bin_demo,56,6,0.7478683756554453,0.6617139705741988
noninteger_bin_demo,56,7,0.41458169241118004,0.8871841388551096
noninteger_bin_demo,56,8,0.009233936827469546,0.9777251557301291
noninteger_bin_demo,56,9,-0.3186118974490205,0.8896190502272115
noninteger_bin_demo,56,10,-0.7635904666001845,0.7056187397101618
noninteger_bin_demo,56,11,-0.9062322949265742,0.34230160250054026
noninteger_bin_demo,56,12,-0.9593911444584233,-0.01661608241886931
noninteger_bin_demo,56,13,-0.9332335098683537,-0.47698512431342366
noninteger_bin_demo,56,14,-0.6208729754967501,-0.7232167769746788
noninteger_bin_demo,56,15,-0.3332459774704469,-0.9691518913131041
noninteger_bin_demo,56,16,0.11463296386769788,-0.9906794783814993
noninteger_bin_demo,56,17,0.4986326886237932,-0.8403894972199469
noninteger_bin_demo,56,18,0.7998500769354254,-0.6154894267776254
noninteger_bin_demo,56,19,1.0239050720184373,-0.26264405290606635
noninteger_bin_demo,56,20,0.9990562695123256,0.1574698298062158
noninteger_bin_demo,56,21,0.8505804253076803,0.576520667311199
noninteger_bin_demo,56,22,0.5318599897922779,0.8255592480997281
noninteger_bin_demo,56,23,0.15608131354974947,0.9691997779057742
noninteger_bin_demo,56,24,-0.24710741204327522,0.9870618059129028
noninteger_bin_demo,56,25,-0.5755284034381334,0.7682379235465598
noninteger_bin_demo,56,26,-0.8750866542583305,0.47974525717819166
noninteger_bin_demo,56,27,-0.975121953859839,0.10001965148912817
noninteger_bin_demo,56,28,-0.8987651581247607,-0.3300173758568821
noninteger_bin_demo,56,29,-0.7423712664965431,-0.680061025597303
noninteger_bin_demo,56,30,-0.3808651432786671,-0.8863288112434378
noninteger_bin_demo,56,31,-0.03973920414856316,-0.9968255062268879
noninteger_bin_demo,56,32,0.37753305865729136,-0.9553489558498198
noninteger_bin_demo,56,33,0.7356894213795593,-0.6753288716269543
noninteger_bin_demo,56,34,0.9544742311971512,-0.2810474379121747
noninteger_bin_demo,56,35,1.0106343189709324,0.03762349967127571
noninteger_bin_demo,56,36,0.8834010067068101,0.44165057223755017
noninteger_bin_demo,56,37,0.5944845544462719,0.7307089040444343
noninteger_bin_demo,56,38,0.3094498581217623,0.953105220170081
noninteger_bin_demo,56,39,-0.0689225113771254,1.0177816543419724
noninteger_bin_demo,56,40,-0.5078915965466814,0.8458909723852698
noninteger_bin_demo,56,41,-0.7633449655483179,0.5614277567376749
noninteger_bin_demo,56,42,-0.9717354985638306,0.22507479590098364
noninteger_bin_demo,56,43,-0.9858076636697195,-0.2350234194195367
noninteger_bin_demo,56,44,-0.8298184611672571,-0.5595951799147012
noninteger_bin_demo,56,45,-0.5573862114723893,-0.8027270478399922
noninteger_bin_demo,56,46,-0.14071853434655568,-1.0090337281846515
noninteger_bin_demo,56,47,0.26504159174522346,-0.970130623817077
noninteger_bin_demo,56,48,0.6718579623052157,-0.7118726421101026
noninteger_bin_demo,56,49,0.8707591394503217,-0.459707135724337
noninteger_bin_demo,56,50,1.005011676679805,-0.06454113969418421
noninteger_bin_demo,56,51,0.9296988237156838,0.2887276487848109
noninteger_bin_demo,56,52,0.7487319957104264,0.7041972482601182
noninteger_bin_demo,56,53,0.4214536763312006,0.898067278126228
noninteger_bin_demo,56,54,0.015983511064033843,0.9500768285020122
noninteger_bin_demo,56,55,-0.3879871403243241,0.9617757393063386
noninteger_bin_demo,56,56,-0.7364322568463311,0.6631055160344643
noninteger_bin_demo,56,57,-0.920468578080474,0.35721591300155886
noninteger_bin_demo,56,58,-0.9411796366683265,-0.11611857201594195
noninteger_bin_demo,56,59,-0.8907629367218795,-0.43816829820768605
noninteger_bin_demo,56,60,-0.7170987550230583,-0.7110797220445895
noninteger_bin_demo,56,61,-0.29276681875950505,-0.950139402326496
noninteger_bin_demo,56,62,0.09802235163257574,-0.9663211813453302
noninteger_bin_demo,56,63,0.4981582677269289,-0.8530261917405183
noninteger_bin_demo,56,64,0.7756912831693057,-0.6236132061269194
noninteger_bin_demo,56,65,0.9638143608781136,-0.23443179748149579
noninteger_bin_demo,56,66,0.9328816269968313,0.1750020231897181
noninteger_bin_demo,56,67,0.8318128008185717,0.4882314148086303
noninteger_bin_demo,56,68,0.5190474981600471,0.8178993240183094
noninteger_bin_demo,56,69,0.17215279826767454,0.9757851084142486
noninteger_bin_demo,56,70,-0.24303345098507478,1.0119241338279097
noninteger_bin_demo,56,71,-0.647160543629663,0.7773318985506171
noninteger_bin_demo,56,72,-0.9353185019749887,0.4483162707580626
noninteger_bin_demo,56,73,-0.9753771157428965,0.07745790507382005
noninteger_bin_demo,56,74,-0.9331466795050032,-0.2934512485555684
noninteger_bin_demo,56,75,-0.7518257234346619,-0.6893807185320746
noninteger_bin_demo,56,76,-0.41671744582394643,-0.8945737421988422
noninteger_bin_demo,56,77,0.011700884430968726,-0.9780040774484254
noninteger_bin_demo,56,78,0.37049958256601984,-0.9298835911326012
noninteger_bin_demo,56,79,0.7637433074533968,-0.7343913756065801
noninteger_bin_demo,56,80,0.9790679997086644,-0.3599354084064579
noninteger_bin_demo,56,81,0.984605690900584,0.07213228933826898
noninteger_bin_demo,56,82,0.8370075451244255,0.4422761180022104
noninteger_bin_demo,56,83,0.6337925378336088,0.8000986342913707
noninteger_bin_demo,56,84,0.25029230285609105,0.9550897940374958
noninteger_bin_demo,56,85,-0.16620088551139164,0.9861090342588433
noninteger_bin_demo,56,86,-0.5584015571793585,0.857701332032108
noninteger_bin_demo,56,87,-0.8377223703521408,0.6114782395991724
noninteger_bin_demo,56,88,-0.9992844176304787,0.20214933338003288
noninteger_bin_demo,56,89,-0.9807456071506832,-0.21450364935578306
noninteger_bin_demo,56,90,-0.8292961837584844,-0.5319757239590424
noninteger_bin_demo,56,91,-0.5778322795339222,-0.8113043849838067
noninteger_bin_demo,56,92,-0.16821015603171752,-0.9716023417009312
noninteger_bin_demo,56,93,0.23514833682703493,-0.951270432733716
noninteger_bin_demo,56,94,0.675007700141057,-0.814381323457287
noninteger_bin_demo,56,95,0.8622919351754073,-0.4850775142512051
noninteger_bin_demo,56,96,0.982315131832083,-0.12723941076178158
noninteger_bin_demo,56,97,0.9467936969423116,0.34741018646714583
noninteger_bin_demo,56,98,0.7589930259391567,0.7183010124505033
noninteger_bin_demo,56,99,0.4304610495349196,0.9224226163592789
noninteger_bin_demo,56,100,-0.004083881881074792,1.044937267531667
noninteger_bin_demo,56,101,-0.3821224584410054,0.9592786841961393
noninteger_bin_demo,56,102,-0.7364984739377126,0.5921612053808533
noninteger_bin_demo,56,103,-0.9510849084774707,0.37669867075141056
noninteger_bin_demo,56,104,-0.9550292675814358,-0.1086911218749012
noninteger_bin_demo,56,105,-0.859466985055084,-0.44337199530997584
noninteger_bin_demo,56,106,-0.659556535459137,-0.7927369126304694
noninteger_bin_demo,56,107,-0.29956828845654127,-0.9700693912655258
noninteger_bin_demo,56,108,0.102539862029993,-1.0221394577657474
noninteger_bin_demo,56,109,0.5439725248822215,-0.8404094101051274
noninteger_bin_demo,56,110,0.7845515246700895,-0.5762437080830424
noninteger_bin_demo,56,111,0.9411523357708125,-0.2475843831549117
noninteger_bin_demo,56,112,0.9425288638277256,0.1899095415644213
noninteger_bin_demo,56,113,0.8031161218335848,0.5300912284330226
noninteger_bin_demo,56,114,0.5531164128683079,0.8761946487487503
noninteger_bin_demo,56,115,0.17477742155319487,1.0000829147278971
noninteger_bin_demo,56,116,-0.23691547155163645,0.9743845504744223
noninteger_bin_demo,56,117,-0.5949596278790162,0.772928726733034
noninteger_bin_demo,56,118,-0.8857419176084051,0.5015139121684539
noninteger_bin_demo,56,119,-1.0158440654347427,0.0587746326884903
noninteger_bin_demo,56,120,-0.9821044743689132,-0.27523960070309744
noninteger_bin_demo,56,121,-0.7539283413726812,-0.6670687000749986
noninteger_bin_demo,56,122,-0.4212938543578905,-0.9180220112748165
noninteger_bin_demo,56,123,0.07621701673827092,-1.0189649245437469
noninteger_bin_demo,56,124,0.4089047302818614,-0.9008182469874939
noninteger_bin_demo,56,125,0.6666460174469044,-0.7096253666510278
noninteger_bin_demo,56,126,0.9563761494319528,-0.3792441417080631
noninteger_bin_demo,56,127,1.006760924524534,0.07417150977049314
noninteger_bin_demo,57,0,0.38197301428220204,-0.9345571993160106
noninteger_bin_demo,57,1,0.6965327409384071,-0.7447274024284141
noninteger_bin_demo,57,2,0.9379575964372706,-0.37849634740439875
noninteger_bin_demo,57,3,0.9902770269473681,7.324920946023827e-06
noninteger_bin_demo,57,4,0.943072026103563,0.4584900029304943
noninteger_bin_demo,57,5,0.6569914464411126,0.7290897838532207
noninteger_bin_demo,57,6,0.34159562593091614,0.9621804712386206
noninteger_bin_demo,57,7,-0.1187262190047225,0.9999246835607314
noninteger_bin_demo,57,8,-0.4542591614106653,0.8468411270052779
noninteger_bin_demo,57,9,-0.8129133913501247,0.6358105276990661
noninteger_bin_demo,57,10,-0.9504319915860423,0.2888147899553668
noninteger_bin_demo,57,11,-0.9815488507977669,-0.21161510602225664
noninteger_bin_demo,57,12,-0.8349254121348677,-0.5779882608867315
noninteger_bin_demo,57,13,-0.5782311507698754,-0.8140081405027056
noninteger_bin_demo,57,14,-0.19358183244335025,-0.9986087580073998
noninteger_bin_demo,57,15,0.22294201241993242,-0.9365322781577693
noninteger_bin_demo,57,16,0.5763176731868405,-0.782835995932219
noninteger_bin_demo,57,17,0.9044232031949783,-0.4900742922508346
noninteger_bin_demo,57,18,0.9504759980041604,-0.058054394150304396
noninteger_bin_demo,57,19,0.9132614066198254,0.3505261648175261
noninteger_bin_demo,57,20,0.747210360621139,0.6463063256248432
noninteger_bin_demo,57,21,0.4490931169905415,0.8677445628424377
noninteger_bin_demo,57,22,-0.00852197483892092,1.039410579534526
noninteger_bin_demo,57,23,-0.3775730942105419,0.8785622316255158
noninteger_bin_demo,57,24,-0.7417124348853663,0.7350263568120721
noninteger_bin_demo,57,25,-0.9249427687472229,0.3596536550680925
noninteger_bin_demo,57,26,-1.0052313236257107,-0.031120560074874966
noninteger_bin_demo,57,27,-0.9063029122207287,-0.3957884700234108
noninteger_bin_demo,57,28,-0.6576747478116195,-0.7520385518622913
noninteger_bin_demo,57,29,-0.2897989324666287,-0.9746109712012794
noninteger_bin_demo,57,30,0.08856743948269849,-0.9982731290228187
noninteger_bin_demo,57,31,0.5363290662894278,-0.8384375073065298
noninteger_bin_demo,57,32,0.8379253777608915,-0.6075491579471801
noninteger_bin_demo,57,33,0.9534670867666302,-0.2279619324309152
noninteger_bin_demo,57,34,0.9815476401343907,0.1971957852248681
noninteger_bin_demo,57,35,0.8240563105937746,0.614011941282432
noninteger_bin_demo,57,36,0.5820244779936425,0.8215198511571803
noninteger_bin_demo,57,37,0.15459810428938253,0.9698694616264828
noninteger_bin_demo,57,38,-0.2236808270975464,0.9875044897896262
noninteger_bin_demo,57,39,-0.5931753336788864,0.7907603375566499
noninteger_bin_demo,57,40,-0.8930638214912615,0.4425680943386388
noninteger_bin_demo,57,41,-0.9982625560035974,0.12016633839964838
noninteger_bin_demo,57,42,-0.9888676922697582,-0.30653367480406324
noninteger_bin_demo,57,43,-0.7349445606936937,-0.6888664606417166
noninteger_bin_demo,57,44,-0.4358544065183329,-0.9358918164180096
noninteger_bin_demo,57,45,-0.04618636578674227,-1.0473726495071338
noninteger_bin_demo,57,46,0.3934734704016667,-0.9219085451622351
noninteger_bin_demo,57,47,0.6968508895156118,-0.712458472546048
noninteger_bin_demo,57,48,0.9653903112477509,-0.3922105853036
noninteger_bin_demo,57,49,0.9944990859734718,0.09889745973067529
noninteger_bin_demo,57,50,0.9635354036998033,0.43812080630316097
noninteger_bin_demo,57,51,0.6714241809306554,0.7238992239480774
noninteger_bin_demo,57,52,0.3035474117701083,0.9599022904546624
noninteger_bin_demo,57,53,-0.10771002465956828,1.0056849900868903
noninteger_bin_demo,57,54,-0.5249927013764852,0.8864076689900384
noninteger_bin_demo,57,55,-0.8277371047908473,0.5988050920138515
noninteger_bin_demo,57,56,-0.9370489497908558,0.21218582211565518
noninteger_bin_demo,57,57,-0.9939261636248082,-0.15017635854459033
noninteger_bin_demo,57,58,-0.798652292548007,-0.517608526264258
noninteger_bin_demo,57,59,-0.5419543261239331,-0.8197187768965248
noninteger_bin_demo,57,60,-0.09731614605657615,-1.0451398646374495
noninteger_bin_demo,57,61,0.28595721370393995,-0.9903691381373135
noninteger_bin_demo,57,62,0.601238866371901,-0.8373143205805077
noninteger_bin_demo,57,63,0.8692397264053825,-0.4256919889034293
noninteger_bin_demo,57,64,0.9840498554766516,-0.1250872484467367
noninteger_bin_demo,57,65,0.9530643257418967,0.2872885662544812
noninteger_bin_demo,57,66,0.7791070501603702,0.7015517745364882
noninteger_bin_demo,57,67,0.4064163726556278,0.8736236885037106
noninteger_bin_demo,57,68,0.07928795682795406,1.0237089155496761
noninteger_bin_demo,57,69,-0.2947450890096788,0.919168145642926
noninteger_bin_demo,57,70,-0.7139705524593647,0.7053780851422033
noninteger_bin_demo,57,71,-0.9470382856058633,0.39825733272851654
noninteger_bin_demo,57,72,-0.985159459694573,-0.038815952547816814
noninteger_bin_demo,57,73,-0.876082313951513,-0.44895845837768045
noninteger_bin_demo,57,74,-0.6849867484699155,-0.7286319846556817
noninteger_bin_demo,57,75,-0.28988500680175566,-0.9630561513282918
noninteger_bin_demo,57,76,0.10590691946978736,-1.0012988721488647
noninteger_bin_demo,57,77,0.46166037082885947,-0.848638519101674
noninteger_bin_demo,57,78,0.8227373192462596,-0.6177745606648714
noninteger_bin_demo,57,79,0.9693514485368587,-0.27585314965149477
noninteger_bin_demo,57,80,0.9967108017130375,0.1804908903921364
noninteger_bin_demo,57,81,0.7979974246558249,0.5427952778097741
noninteger_bin_demo,57,82,0.4861257526218334,0.8479597983271762
noninteger_bin_demo,57,83,0.06991641354433965,0.9730639971999789
noninteger_bin_demo,57,84,-0.28245203372751676,0.9946085368251465
noninteger_bin_demo,57,85,-0.6287003397397918,0.7429135505463987
noninteger_bin_demo,57,86,-0.8709681068045622,0.4780363169001119
noninteger_bin_demo,57,87,-1.0538700969755344,0.11505931329463061
noninteger_bin_demo,57,88,-0.9508755145595555,-0.34076057973515983
noninteger_bin_demo,57,89,-0.7214542087390787,-0.6425715148075732
noninteger_bin_demo,57,90,-0.4137873743564115,-0.906137415133529
noninteger_bin_demo,57,91,-0.017315898682755727,-1.0048370592038633
noninteger_bin_demo,57,92,0.3640779862502357,-0.9478493633428609
noninteger_bin_demo,57,93,0.6482847644789635,-0.6960140110132633
noninteger_bin_demo,57,94,0.8704421116315852,-0.329825543148941
noninteger_bin_demo,57,95,1.0087741266343493,0.07743137863303777
noninteger_bin_demo,57,96,0.8521691432934941,0.4147505209587203
noninteger_bin_demo,57,97,0.6179708349783587,0.7864306312018808
noninteger_bin_demo,57,98,0.3260221228515924,1.0060485651149507
noninteger_bin_demo,57,99,-0.06456036307590159,0.9709861563742826
noninteger_bin_demo,57,100,-0.4565767843238834,0.8965786578761689
noninteger_bin_demo,57,101,-0.8151954453344855,0.626279187072523
noninteger_bin_demo,57,102,-0.9600855119965503,0.2041989564929823
noninteger_bin_demo,57,103,-0.9752822023060291,-0.16672261468367988
noninteger_bin_demo,57,104,-0.8527575662255792,-0.5611713309592837
noninteger_bin_demo,57,105,-0.5624224347924986,-0.9178067344831963
noninteger_bin_demo,57,106,-0.18900786273558384,-0.9818237838453793
noninteger_bin_demo,57,107,0.24828561403790445,-0.9956124546527652
noninteger_bin_demo,57,108,0.6015553260587603,-0.7637374721328624
noninteger_bin_demo,57,109,0.9120888950203849,-0.527259206353821
noninteger_bin_demo,57,110,1.0441230966593897,-0.11498133554315819
noninteger_bin_demo,57,111,0.9673550091559305,0.2611679357629631
noninteger_bin_demo,57,112,0.7988204787116697,0.6673011823415255
noninteger_bin_demo,57,113,0.3924221364364128,0.9369512840611739
noninteger_bin_demo,57,114,0.04164718519390789,0.9644708810730968
noninteger_bin_demo,57,115,-0.36954092246359804,0.9230678769665919
noninteger_bin_demo,57,116,-0.6838143147773438,0.6790593552652773
noninteger_bin_demo,57,117,-0.9361636084044634,0.33180506158041023
noninteger_bin_demo,57,118,-0.973190064928732,-0.05357820797262446
noninteger_bin_demo,57,119,-0.8956569425290906,-0.41244954559068886
noninteger_bin_demo,57,120,-0.6258592854997375,-0.7722228902115656
noninteger_bin_demo,57,121,-0.329051932242614,-1.0121624617882343
noninteger_bin_demo,57,122,0.12485296329317624,-1.026675313364703
noninteger_bin_demo,57,123,0.5103063904428687,-0.8930426688059466
noninteger_bin_demo,57,124,0.7756139090926454,-0.5931156106935053
noninteger_bin_demo,57,125,0.9398400199124989,-0.2293358708708732
noninteger_bin_demo,57,126,0.9501910734585625,0.13858772554083898
noninteger_bin_demo,57,127,0.8308994757041478,0.5259892074459366
noninteger_bin_demo,58,0,0.7865933683728766,-0.6336339625260767
noninteger_bin_demo,58,1,0.9659987110640709,-0.2211881300363778
noninteger_bin_demo,58,2,0.9737435026846769,0.15926900590797038
noninteger_bin_demo,58,3,0.8534413785704805,0.4922169193092001
noninteger_bin_demo,58,4,0.5666894507281013,0.8521476398147805
noninteger_bin_demo,58,5,0.20966181932799413,0.9342482465975018
noninteger_bin_demo,58,6,-0.24880294819202342,0.9821358550176549
noninteger_bin_demo,58,7,-0.6527339696342137,0.7435280709595886
noninteger_bin_demo,58,8,-0.8681363124185949,0.4968093850505264
noninteger_bin_demo,58,9,-0.9800597744735098,0.09983759322572677
noninteger_bin_demo,58,10,-0.9735788340505597,-0.2497526259279686
noninteger_bin_demo,58,11,-0.7942150855321501,-0.6031726437559582
noninteger_bin_demo,58,12,-0.4416590316788357,-0.8796575651748344
noninteger_bin_demo,58,13,0.01652105059976807,-1.0016928086581567
noninteger_bin_demo,58,14,0.3864859529861971,-0.9650487925656488
noninteger_bin_demo,58,15,0.7102171197352227,-0.6766270096243178
noninteger_bin_demo,58,16,0.9239207635952754,-0.3838011839271238
noninteger_bin_demo,58,17,0.9635745633980889,0.012559126006374304
noninteger_bin_demo,58,18,0.9636875366993168,0.38300335548154774
noninteger_bin_demo,58,19,0.6606548986368489,0.7157291846968898
noninteger_bin_demo,58,20,0.30306127650690406,0.930884825958255
noninteger_bin_demo,58,21,-0.04981347995103439,1.0327155874732004
noninteger_bin_demo,58,22,-0.4557876998688446,0.9222149417970583
noninteger_bin_demo,58,23,-0.7956266747670454,0.6124393905438013
noninteger_bin_demo,58,24,-0.988983216063436,0.2803493858721751
noninteger_bin_demo,58,25,-1.0548346635579602,-0.13315875134333582
noninteger_bin_demo,58,26,-0.8963890059811956,-0.5644049801569183
noninteger_bin_demo,58,27,-0.5793885561438639,-0.805286455146169
noninteger_bin_demo,58,28,-0.17156973222561897,-1.0277283144161407
noninteger_bin_demo,58,29,0.2389772912447002,-0.9737411534520743
noninteger_bin_demo,58,30,0.5513423243623126,-0.7985559173388831
noninteger_bin_demo,58,31,0.8688376128014184,-0.5033232847893031
noninteger_bin_demo,58,32,1.0028411136455708,-0.12696194573042865
noninteger_bin_demo,58,33,0.9669717180904288,0.3030159954026984
noninteger_bin_demo,58,34,0.7776356498374518,0.63587048791404
noninteger_bin_demo,58,35,0.49182332562886644,0.877783168214202
noninteger_bin_demo,58,36,0.09495348039451693,0.9918617212704809
noninteger_bin_demo,58,37,-0.3487342712943896,0.9439240955967628
noninteger_bin_demo,58,38,-0.7820208334423762,0.7422348147072538
noninteger_bin_demo,58,39,-0.9529020055192475,0.380011252858966
noninteger_bin_demo,58,40,-1.0484241331747994,-0.013155917258321891
noninteger_bin_demo,58,41,-0.9003951912293465,-0.42382862554038353
noninteger_bin_demo,58,42,-0.6880707997804009,-0.7382208764556513
noninteger_bin_demo,58,43,-0.26500951679909246,-0.9503641353847015
noninteger_bin_demo,58,44,0.07481007582041715,-1.0446615866040245
noninteger_bin_demo,58,45,0.48899620268839133,-0.8483836859336626
noninteger_bin_demo,58,46,0.7333455781909208,-0.6648823124517445
noninteger_bin_demo,58,47,0.9174614395855516,-0.2143295492000495
noninteger_bin_demo,58,48,0.9339334824951752,0.14762171598944318
noninteger_bin_demo,58,49,0.8070923605943399,0.5806670383778398
noninteger_bin_demo,58,50,0.6067484605092098,0.8081238002666489
noninteger_bin_demo,58,51,0.22708128099217126,0.9809731613183227
noninteger_bin_demo,58,52,-0.19406338175774687,0.943036638681287
noninteger_bin_demo,58,53,-0.5970189853180023,0.8268982738839955
noninteger_bin_demo,58,54,-0.8503875407202738,0.5153432587058129
noninteger_bin_demo,58,55,-0.99978944964821,0.09509895262640697
noninteger_bin_demo,58,56,-0.911107239971561,-0.32290359451558065
noninteger_bin_demo,58,57,-0.7853450335534268,-0.6284800239693079
noninteger_bin_demo,58,58,-0.4450031528153929,-0.8412443117773067
noninteger_bin_demo,58,59,-0.054207660140703225,-1.0179225473302305
noninteger_bin_demo,58,60,0.3184424901556862,-0.9032957410132001
noninteger_bin_demo,58,61,0.7182054887834125,-0.7055717004073284
noninteger_bin_demo,58,62,0.91753245846135,-0.38149489331060565
noninteger_bin_demo,58,63,0.9903246892110182,0.04714296305317598
noninteger_bin_demo,58,64,0.9187854465702546,0.38722234630211194
noninteger_bin_demo,58,65,0.7022692413149755,0.7736318217734999
noninteger_bin_demo,58,66,0.30817965260056296,0.9763201813188562
noninteger_bin_demo,58,67,-0.10679494709178694,1.001023344045608
noninteger_bin_demo,58,68,-0.5001842480056715,0.8580376573460665
noninteger_bin_demo,58,69,-0.7320054306060063,0.5928375768731402
noninteger_bin_demo,58,70,-0.9626318397006127,0.2418428851080069
noninteger_bin_demo,58,71,-0.9659699079549694,-0.1396518083786813
noninteger_bin_demo,58,72,-0.8181540630455869,-0.5356494632958796
noninteger_bin_demo,58,73,-0.596104173557409,-0.8181874547389304
noninteger_bin_demo,58,74,-0.23564917253675172,-0.963401827453078
noninteger_bin_demo,58,75,0.16757727056270494,-1.025845033800211
noninteger_bin_demo,58,76,0.6245412551873387,-0.8495558066821394
noninteger_bin_demo,58,77,0.7852815600812996,-0.5047827635901844
noninteger_bin_demo,58,78,0.9701689161627554,-0.15713052941942018
noninteger_bin_demo,58,79,0.9996868500579048,0.2387729215692437
noninteger_bin_demo,58,80,0.7453750416817606,0.6682267784688987
noninteger_bin_demo,58,81,0.46108121261077056,0.9008817400804048
noninteger_bin_demo,58,82,0.04702921339427706,1.0635039784413207
noninteger_bin_demo,58,83,-0.34819907681948553,0.9037123365243678
noninteger_bin_demo,58,84,-0.6681300298764297,0.6880234349884673
noninteger_bin_demo,58,85,-0.9567815902779101,0.42174613636193536
noninteger_bin_demo,58,86,-0.96734590377507,-0.019782603104970774
noninteger_bin_demo,58,87,-0.9368220224972802,-0.424285196014272
noninteger_bin_demo,58,88,-0.6917319225533582,-0.7535153992852359
noninteger_bin_demo,58,89,-0.2970035032104896,-0.8994481751267562
noninteger_bin_demo,58,90,0.0699252924836334,-0.958762798497482
noninteger_bin_demo,58,91,0.4944760656927161,-0.8933147585340534
noninteger_bin_demo,58,92,0.8088756919496846,-0.5885055868634785
noninteger_bin_demo,58,93,1.0472152889562918,-0.22282569483301526
noninteger_bin_demo,58,94,1.0141873952972345,0.1467415577971692
noninteger_bin_demo,58,95,0.8307333221515893,0.4851207577164436
noninteger_bin_demo,58,96,0.5631618235547592,0.8276920611915219
noninteger_bin_demo,58,97,0.17149737979710172,1.0168019097814982
noninteger_bin_demo,58,98,-0.17641494938126445,0.9776146311031081
noninteger_bin_demo,58,99,-0.5852730075366327,0.8686139843245282
noninteger_bin_demo,58,100,-0.8645728309522829,0.5320038602411654
noninteger_bin_demo,58,101,-1.0299791818979986,0.11885667486229134
noninteger_bin_demo,58,102,-0.9579180830155766,-0.24616339217332864
noninteger_bin_demo,58,103,-0.7892720236408327,-0.6806631499560147
noninteger_bin_demo,58,104,-0.4223640461816469,-0.8867665601471848
noninteger_bin_demo,58,105,-0.017467176670180815,-0.9885448199849929
noninteger_bin_demo,58,106,0.3523910646142341,-0.9186448853405406
noninteger_bin_demo,58,107,0.6935170593272632,-0.717835313686641
noninteger_bin_demo,58,108,0.9568817938240588,-0.3483665956717369
noninteger_bin_demo,58,109,0.9433560958854592,0.05722046513628438
noninteger_bin_demo,58,110,0.926057103119813,0.4043283862566075
noninteger_bin_demo,58,111,0.6678346948128838,0.726485609089748
noninteger_bin_demo,58,112,0.3118191052771752,0.9379869892063301
noninteger_bin_demo,58,113,-0.08030698352071998,1.0352599033914511
noninteger_bin_demo,58,114,-0.504798484147624,0.8840848824224341
noninteger_bin_demo,58,115,-0.7368521718591361,0.6127448736311338
noninteger_bin_demo,58,116,-0.9786208852818613,0.28281849801252845
noninteger_bin_demo,58,117,-1.0364635401036866,-0.18090395024898456
noninteger_bin_demo,58,118,-0.8218912118344368,-0.5402757201463014
noninteger_bin_demo,58,119,-0.578537763061244,-0.8273800847653259
noninteger_bin_demo,58,120,-0.2262148811541739,-0.9504718422113089
noninteger_bin_demo,58,121,0.2541490240063122,-0.9633947334893199
noninteger_bin_demo,58,122,0.6034087146278659,-0.7730018122017558
noninteger_bin_demo,58,123,0.9176749978366168,-0.5087595097898345
noninteger_bin_demo,58,124,0.9755935952517089,-0.08657804811450133
noninteger_bin_demo,58,125,0.9591471930679604,0.2970507708521577
noninteger_bin_demo,58,126,0.7891421479490266,0.6144182260082328
noninteger_bin_demo,58,127,0.42447189702609794,0.886139815740196
noninteger_bin_demo,59,0,0.995302613251122,-0.13526116855453107
noninteger_bin_demo,59,1,0.8996310003077866,0.2576190850632832
noninteger_bin_demo,59,2,0.8118300675124912,0.675174219214379
noninteger_bin_demo,59,3,0.4687839627124991,0.8722650534266165
noninteger_bin_demo,59,4,0.13082056470171582,1.0268886795099423
noninteger_bin_demo,59,5,-0.25012757719700257,0.9862566601837064
noninteger_bin_demo,59,6,-0.6377413457321544,0.6730537196493365
noninteger_bin_demo,59,7,-0.8570764510584711,0.36376206344059625
noninteger_bin_demo,59,8,-0.9816787086302459,-0.031093343671896395
noninteger_bin_demo,59,9,-0.9239399684298439,-0.4011610657888743
noninteger_bin_demo,59,10,-0.6248457207410372,-0.7908465864973466
noninteger_bin_demo,59,11,-0.3448381105332058,-0.957473506755124
noninteger_bin_demo,59,12,0.05680382977052398,-0.9863930867547398
noninteger_bin_demo,59,13,0.44211915921662887,-0.8777860091141894
noninteger_bin_demo,59,14,0.8349598032085332,-0.6553810284260769
noninteger_bin_demo,59,15,0.9519668470581589,-0.291125662327086
noninteger_bin_demo,59,16,1.0187893761279738,0.14603818108943692
noninteger_bin_demo,59,17,0.8435600609251112,0.5471657039202509
noninteger_bin_demo,59,18,0.6060431018104179,0.8011413793217145
noninteger_bin_demo,59,19,0.23021612150382453,0.9662377036327239
noninteger_bin_demo,59,20,-0.22819280541173054,0.9792648945677267
noninteger_bin_demo,59,21,-0.5827695047182124,0.8041534009420952
noninteger_bin_demo,59,22,-0.8809143468065711,0.5341922399124079
noninteger_bin_demo,59,23,-0.9710625213931823,0.11471031430609877
noninteger_bin_demo,59,24,-0.9770776834169833,-0.2721327339016646
noninteger_bin_demo,59,25,-0.7646121526903984,-0.6352452239413526
noninteger_bin_demo,59,26,-0.42917869831750716,-0.8734894226681739
noninteger_bin_demo,59,27,-0.08893493400638086,-1.0190165374486861
noninteger_bin_demo,59,28,0.3001517764642465,-0.9791881059054943
noninteger_bin_demo,59,29,0.7206082564181302,-0.7321394427684152
noninteger_bin_demo,59,30,0.9147377642736035,-0.4411999668501851
noninteger_bin_demo,59,31,0.9872253043432525,0.01680754884589934
noninteger_bin_demo,59,32,0.8712540962889964,0.36123389781480786
noninteger_bin_demo,59,33,0.6874262820098667,0.7606870456268323
noninteger_bin_demo,59,34,0.3222869385927643,0.9583236254823837
noninteger_bin_demo,59,35,-0.041901500724708454,0.9639342718720466
noninteger_bin_demo,59,36,-0.5078286269631778,0.8639269892911519
noninteger_bin_demo,59,37,-0.8016679936141317,0.5981048549944983
noninteger_bin_demo,59,38,-1.0092036096355692,0.26758700820035797
noninteger_bin_demo,59,39,-0.9845845705741133,-0.09831759724213318
noninteger_bin_demo,59,40,-0.8119255724640774,-0.48882773581841776
noninteger_bin_demo,59,41,-0.575322249177166,-0.8481028239808351
noninteger_bin_demo,59,42,-0.21237175556918303,-1.0080300305747991
noninteger_bin_demo,59,43,0.22313364974317879,-0.9516092853177458
noninteger_bin_demo,59,44,0.5954946825015129,-0.7841377578282528
noninteger_bin_demo,59,45,0.8083392803842958,-0.4824338276394827
noninteger_bin_demo,59,46,1.0365222840133537,-0.11008862727173684
noninteger_bin_demo,59,47,0.9842842752807153,0.20422964574636276
noninteger_bin_demo,59,48,0.7573509689056936,0.6374068599452127
noninteger_bin_demo,59,49,0.433828215708018,0.8993332411325419
noninteger_bin_demo,59,50,0.06151475821637285,0.9940022976564447
noninteger_bin_demo,59,51,-0.2937427933807403,0.9418885236700726
noninteger_bin_demo,59,52,-0.68366630217437,0.7397181504223741
noninteger_bin_demo,59,53,-0.9030314961507856,0.38587554840100763
noninteger_bin_demo,59,54,-0.9375700248392737,-0.03820276727919527
noninteger_bin_demo,59,55,-0.87861983272512,-0.41593344598847665
noninteger_bin_demo,59,56,-0.7048064162253516,-0.737008415355538
noninteger_bin_demo,59,57,-0.32762030951472565,-0.980993009952791
noninteger_bin_demo,59,58,0.11499458557169491,-0.9830254163044145
noninteger_bin_demo,59,59,0.5198686931265175,-0.8873060309309314
noninteger_bin_demo,59,60,0.7780630432598111,-0.5941908896147909
noninteger_bin_demo,59,61,0.920130129530662,-0.25782154447954386
noninteger_bin_demo,59,62,0.9590246845169493,0.12212979324576598
noninteger_bin_demo,59,63,0.8622827508587378,0.5050355591087169
noninteger_bin_demo,59,64,0.6359014529767392,0.8302904034633427
noninteger_bin_demo,59,65,0.2399011666707628,1.0145813721613683
noninteger_bin_demo,59,66,-0.1986165429856132,1.022295983516738
noninteger_bin_demo,59,67,-0.528039789504605,0.7630605260539353
noninteger_bin_demo,59,68,-0.900472412401479,0.5133300649518597
noninteger_bin_demo,59,69,-0.9360164903015823,0.14764253643679506
noninteger_bin_demo,59,70,-0.9796771634331268,-0.33634214461935696
noninteger_bin_demo,59,71,-0.8008106484555717,-0.6056822442899668
noninteger_bin_demo,59,72,-0.45905666606847634,-0.9243489422069375
noninteger_bin_demo,59,73,-0.04913623811722914,-0.917411132226762
noninteger_bin_demo,59,74,0.3639831242627661,-0.9021505221044314
noninteger_bin_demo,59,75,0.6379220240240931,-0.7222995642241359
noninteger_bin_demo,59,76,0.9269846674740257,-0.4488434117448651
noninteger_bin_demo,59,77,1.0649190345141668,0.02757015180385974
noninteger_bin_demo,59,78,0.9338202376807994,0.38493098865457226
noninteger_bin_demo,59,79,0.6610285702234804,0.6920847521154624
noninteger_bin_demo,59,80,0.35637328290146425,0.9044400084894895
noninteger_bin_demo,59,81,-0.05674997924981244,0.9524923755673156
noninteger_bin_demo,59,82,-0.4907343244701736,0.8312415668166506
noninteger_bin_demo,59,83,-0.6861913613659293,0.6000781334124935
noninteger_bin_demo,59,84,-0.9805358225283608,0.27512191035920364
noninteger_bin_demo,59,85,-0.9959840626427697,-0.18330204463873134
noninteger_bin_demo,59,86,-0.8735729938895481,-0.531850148077569
noninteger_bin_demo,59,87,-0.5290197912015845,-0.7813673983963686
noninteger_bin_demo,59,88,-0.22245982988112675,-0.9545457061201252
noninteger_bin_demo,59,89,0.2086503854646582,-0.9498334900535356
noninteger_bin_demo,59,90,0.5789256097216605,-0.859189599098598
noninteger_bin_demo,59,91,0.880315779857584,-0.5453197194254286
noninteger_bin_demo,59,92,1.001353241794891,-0.16599520904079276
noninteger_bin_demo,59,93,0.9581731758812754,0.21321089870106028
noninteger_bin_demo,59,94,0.7651890274656299,0.5994822783208227
noninteger_bin_demo,59,95,0.40998143310225243,0.8670535733823942
noninteger_bin_demo,59,96,0.06814982146878615,1.0309341260599516
noninteger_bin_demo,59,97,-0.2952357332342888,0.947201630443603
noninteger_bin_demo,59,98,-0.6736251695763378,0.7309234822317926
noninteger_bin_demo,59,99,-0.9299016406251621,0.3926486311276769
noninteger_bin_demo,59,100,-0.9940718047633933,-0.012981533681143811
noninteger_bin_demo,59,101,-0.9391926274380139,-0.4561492062026054
noninteger_bin_demo,59,102,-0.6261964152883732,-0.7003250897643764
noninteger_bin_demo,59,103,-0.32469644932837305,-0.973814108117318
noninteger_bin_demo,59,104,0.039983151037956584,-1.015434540167091
noninteger_bin_demo,59,105,0.4541454371547776,-0.8560509078866859
noninteger_bin_demo,59,106,0.7833965774446852,-0.6520608380484761
noninteger_bin_demo,59,107,0.9263852649254085,-0.3035004217400143
noninteger_bin_demo,59,108,1.0127524409486428,0.18500873227928594
noninteger_bin_demo,59,109,0.8059875021096151,0.5042278206784674
noninteger_bin_demo,59,110,0.5829533036855553,0.8024458038988429
noninteger_bin_demo,59,111,0.16572922322871497,0.9660094283644672
noninteger_bin_demo,59,112,-0.22910465668649932,0.9878271076794127
noninteger_bin_demo,59,113,-0.6164249005018148,0.8397415715603845
noninteger_bin_demo,59,114,-0.865273064375223,0.5185297158479806
noninteger_bin_demo,59,115,-0.9835177687188752,0.1475204286252913
noninteger_bin_demo,59,116,-0.9653743839806685,-0.2663250895962168
noninteger_bin_demo,59,117,-0.7246670775084646,-0.6437218029170934
noninteger_bin_demo,59,118,-0.38543283916689314,-0.848416819159348
noninteger_bin_demo,59,119,-0.11582485618025783,-1.0691511016521085
noninteger_bin_demo,59,120,0.3175505006565197,-0.924377258822833
noninteger_bin_demo,59,121,0.6706487919383365,-0.7521922534902504
noninteger_bin_demo,59,122,0.9624860263574905,-0.36508776918592317
noninteger_bin_demo,59,123,0.9706596720736983,0.058573051749672554
noninteger_bin_demo,59,124,0.8386704650627568,0.3503216079771474
noninteger_bin_demo,59,125,0.6955668993966432,0.7502280013242439
noninteger_bin_demo,59,126,0.3397467257328164,0.9407567982356876
noninteger_bin_demo,59,127,-0.10056100443101965,0.9899592573019976
noninteger_bin_demo,60,0,0.9464839444198079,0.3618110602416443
noninteger_bin_demo,60,1,0.6682410052878887,0.7231363300185882
noninteger_bin_demo,60,2,0.38154170009441973,0.9182399233994926
noninteger_bin_demo,60,3,-0.07539813906642406,0.954422811908623
noninteger_bin_demo,60,4,-0.45780029670109146,0.909098270462783
noninteger_bin_demo,60,5,-0.7424530019136298,0.6571721526835018
noninteger_bin_demo,60,6,-0.9469750589729723,0.28255174896780577
noninteger_bin_demo,60,7,-0.9866928628831135,-0.02537886818916542
noninteger_bin_demo,60,8,-0.8264745329075945,-0.5167179731054405
noninteger_bin_demo,60,9,-0.577428796587015,-0.795823008440575
noninteger_bin_demo,60,10,-0.2102558180616482,-0.9796406608661091
noninteger_bin_demo,60,11,0.17117816198569671,-0.9751222876284327
noninteger_bin_demo,60,12,0.5781484018915697,-0.804071363708321
noninteger_bin_demo,60,13,0.8247490072174333,-0.5029075889111909
noninteger_bin_demo,60,14,0.9835002274159519,-0.16915697297177051
noninteger_bin_demo,60,15,0.8991132159036913,0.29678552452275564
noninteger_bin_demo,60,16,0.787438538319654,0.6573613301049638
noninteger_bin_demo,60,17,0.4712630528176104,0.8748171011937885
noninteger_bin_demo,60,18,0.09362120542156886,1.018936885379027
noninteger_bin_demo,60,19,-0.32535631109478863,0.918143790280819
noninteger_bin_demo,60,20,-0.6762757760407646,0.7735680617268551
noninteger_bin_demo,60,21,-0.8724044472474913,0.32907529349744613
noninteger_bin_demo,60,22,-0.9897311537280908,0.01951077232647346
noninteger_bin_demo,60,23,-0.907976889836191,-0.40887429085218335
noninteger_bin_demo,60,24,-0.7297094665780267,-0.7631328319033006
noninteger_bin_demo,60,25,-0.3932876906528274,-0.953593824311609
noninteger_bin_demo,60,26,0.0078110166659274005,-1.0393696549508402
noninteger_bin_demo,60,27,0.45231065845359064,-0.8483339918344028
noninteger_bin_demo,60,28,0.7756484176900882,-0.6280757032439841
noninteger_bin_demo,60,29,0.9313504423148973,-0.2877847736255592
noninteger_bin_demo,60,30,1.027082712805332,0.12691872165245857
noninteger_bin_demo,60,31,0.8634062184084395,0.5008670390649055
noninteger_bin_demo,60,32,0.6033764287566331,0.7304177425907481
noninteger_bin_demo,60,33,0.17948221803855943,0.9887552254234758
noninteger_bin_demo,60,34,-0.21629243463616418,1.0199354841187287
noninteger_bin_demo,60,35,-0.5853810319733165,0.7930864290007776
noninteger_bin_demo,60,36,-0.7991302292261516,0.5569677395184187
noninteger_bin_demo,60,37,-0.99000248660529,0.1629173701515511
noninteger_bin_demo,60,38,-0.9899328110982525,-0.24717796529663222
noninteger_bin_demo,60,39,-0.7861956308484815,-0.6283438234929138
noninteger_bin_demo,60,40,-0.467142319875006,-0.8699742671024124
noninteger_bin_demo,60,41,-0.052759923233420596,-0.9750846372557816
noninteger_bin_demo,60,42,0.31880836165722193,-0.9182754227086478
noninteger_bin_demo,60,43,0.6415618555228856,-0.775669877396786
noninteger_bin_demo,60,44,0.9478438641695422,-0.42806806905539957
noninteger_bin_demo,60,45,0.9431467397264635,-0.08464486391908935
noninteger_bin_demo,60,46,0.9242091128268508,0.4480254709836293
noninteger_bin_demo,60,47,0.7098220388679252,0.6904456258004005
noninteger_bin_demo,60,48,0.32248854373183905,0.9279673421994346
noninteger_bin_demo,60,49,-0.03420167842209882,0.9980513000824195
noninteger_bin_demo,60,50,-0.4431032906451744,0.9034269074577627
noninteger_bin_demo,60,51,-0.7602995947715349,0.612304391314054
noninteger_bin_demo,60,52,-0.9223061263164816,0.2816820535874721
noninteger_bin_demo,60,53,-1.0317650522267772,-0.1681740789293152
noninteger_bin_demo,60,54,-0.8921149964460791,-0.5092309169107397
noninteger_bin_demo,60,55,-0.553902501115901,-0.7857639073390158
noninteger_bin_demo,60,56,-0.19044119188532102,-0.9657553718323182
noninteger_bin_demo,60,57,0.20966731727141646,-0.9459510823985974
noninteger_bin_demo,60,58,0.5425045115267005,-0.807731399054712
noninteger_bin_demo,60,59,0.872138670414094,-0.512187858222127
noninteger_bin_demo,60,60,0.9671591444157259,-0.138330468422594
noninteger_bin_demo,60,61,0.9813568618679164,0.2660819405764402
noninteger_bin_demo,60,62,0.8238597387615981,0.5880783842628848
noninteger_bin_demo,60,63,0.4728482269095487,0.8972771816221462
noninteger_bin_demo,60,64,0.059318941531052966,0.9702827464455074
noninteger_bin_demo,60,65,-0.29742838286153395,0.993448863611988
noninteger_bin_demo,60,66,-0.6195936727122754,0.7011653548944499
noninteger_bin_demo,60,67,-0.9298488911269164,0.4023794056811659
noninteger_bin_demo,60,68,-0.9932449944079815,0.03350305991183456
noninteger_bin_demo,60,69,-0.9138736592789297,-0.34244913599537447
noninteger_bin_demo,60,70,-0.6642397058859271,-0.7751061479961838
noninteger_bin_demo,60,71,-0.3091042929458109,-0.9718684530373335
noninteger_bin_demo,60,72,0.009803667732959785,-0.9990315918084987
noninteger_bin_demo,60,73,0.4773163908585126,-0.9061553785265444
noninteger_bin_demo,60,74,0.7124759692172709,-0.6451081963036739
noninteger_bin_demo,60,75,0.9566752264935625,-0.26243599172614485
noninteger_bin_demo,60,76,0.996267760306915,0.1536485526105993
noninteger_bin_demo,60,77,0.8628350359003406,0.597595504424208
noninteger_bin_demo,60,78,0.5488117771882415,0.83136263301951
noninteger_bin_demo,60,79,0.17010479992721586,0.9776568740654399
noninteger_bin_demo,60,80,-0.25536147093779515,0.9645413864267872
noninteger_bin_demo,60,81,-0.5849023327700841,0.8609060412240511
noninteger_bin_demo,60,82,-0.8412111349051489,0.5164505726054949
noninteger_bin_demo,60,83,-1.0205305464951864,0.15251937457046622
noninteger_bin_demo,60,84,-0.9453518775539109,-0.2632830822498917
noninteger_bin_demo,60,85,-0.7830299241239702,-0.5979593272967887
noninteger_bin_demo,60,86,-0.5048456856366885,-0.9206516703377035
noninteger_bin_demo,60,87,-0.09081937719871587,-0.9474054678178406
noninteger_bin_demo,60,88,0.34248668193685694,-0.908109298829122
noninteger_bin_demo,60,89,0.7076530943098565,-0.7200200764668607
noninteger_bin_demo,60,90,0.9121801197719895,-0.3864063766334813
noninteger_bin_demo,60,91,0.9721226591026754,-0.009957361127404177
noninteger_bin_demo,60,92,0.8645965956943582,0.4415558071937971
noninteger_bin_demo,60,93,0.690528761795603,0.7224462454930927
noninteger_bin_demo,60,94,0.30840325380987565,0.8947480185628442
noninteger_bin_demo,60,95,-0.05235068921553952,1.0373923664639255
noninteger_bin_demo,60,96,-0.4765553570039651,0.8850991926589493
noninteger_bin_demo,60,97,-0.7751429703730776,0.6293238256226193
noninteger_bin_demo,60,98,-1.0024804991922651,0.2741191309683952
noninteger_bin_demo,60,99,-0.9831066975346849,-0.07239851132904615
noninteger_bin_demo,60,100,-0.865515612129072,-0.47679563284697735
noninteger_bin_demo,60,101,-0.5674802847688567,-0.7956248918147224
noninteger_bin_demo,60,102,-0.241266024613222,-0.9497956257280524
noninteger_bin_demo,60,103,0.1911129221821621,-0.9752542225312073
noninteger_bin_demo,60,104,0.5544141670967306,-0.8518752040713978
noninteger_bin_demo,60,105,0.8554327775002054,-0.53330214066113
noninteger_bin_demo,60,106,1.0225260855503728,-0.14172201056701372
noninteger_bin_demo,60,107,0.9699497385116067,0.2826281390035888
noninteger_bin_demo,60,108,0.8231857536004387,0.5863981357434824
noninteger_bin_demo,60,109,0.4616409450025704,0.8704467897674883
noninteger_bin_demo,60,110,0.09146146458433851,1.0326473071034068
noninteger_bin_demo,60,111,-0.35666440224589024,0.9248040829253396
noninteger_bin_demo,60,112,-0.6278889760636024,0.6726743148041924
noninteger_bin_demo,60,113,-0.9405706110349611,0.39706147052726565
noninteger_bin_demo,60,114,-1.0083403500068908,-0.006684526571826096
noninteger_bin_demo,60,115,-0.907392410550205,-0.4315013576621238
noninteger_bin_demo,60,116,-0.6914225269767293,-0.6830438964137361
noninteger_bin_demo,60,117,-0.300889000953868,-0.9000361281972611
noninteger_bin_demo,60,118,0.04850713452875936,-0.961810444224025
noninteger_bin_demo,60,119,0.4592547457158591,-0.895623800150359
noninteger_bin_demo,60,120,0.8080669431978988,-0.6494337005152784
noninteger_bin_demo,60,121,1.0061648714110978,-0.2705489325653303
noninteger_bin_demo,60,122,1.0468028623459749,0.15465105767847787
noninteger_bin_demo,60,123,0.860527214711942,0.5454662152550533
noninteger_bin_demo,60,124,0.6027326625885447,0.7779030463559
noninteger_bin_demo,60,125,0.23576668707925758,0.9869244741069821
noninteger_bin_demo,60,126,-0.18758186863398998,0.9992296183514899
noninteger_bin_demo,60,127,-0.540618169973862,0.8020673674546033
noninteger_bin_demo,61,0,0.6156322739024997,0.8124018623938164
noninteger_bin_demo,61,1,0.19029580480772074,0.9824841570261079
noninteger_bin_demo,61,2,-0.1898952637412759,0.9902214757552548
noninteger_bin_demo,61,3,-0.5189281411975727,0.8439245849356845
noninteger_bin_demo,61,4,-0.761395774817551,0.584258589018662
noninteger_bin_demo,61,5,-1.0102093060216748,0.14874583465803887
noninteger_bin_demo,61,6,-0.9286230123190823,-0.24306494397125153
noninteger_bin_demo,61,7,-0.8199058421147126,-0.6226394249340872
noninteger_bin_demo,61,8,-0.5087126681014064,-0.8528219523886312
noninteger_bin_demo,61,9,-0.08798019149245051,-1.0192731192949582
noninteger_bin_demo,61,10,0.29475137892506703,-0.9253516608556589
noninteger_bin_demo,61,11,0.651862993610444,-0.7527203328432699
noninteger_bin_demo,61,12,0.9531451707425499,-0.4375265187580435
noninteger_bin_demo,61,13,0.9524558289221985,-0.03017477800932682
noninteger_bin_demo,61,14,0.908563395750403,0.38117475758000696
noninteger_bin_demo,61,15,0.6528500050011156,0.6702344566820085
noninteger_bin_demo,61,16,0.3549003700228956,0.9219278211036147
noninteger_bin_demo,61,17,-0.046223535831521625,0.9551872235634653
noninteger_bin_demo,61,18,-0.39826794342677047,0.9417893610409149
noninteger_bin_demo,61,19,-0.7965578418209377,0.6578420610201388
noninteger_bin_demo,61,20,-0.937926444025662,0.3150869691645739
noninteger_bin_demo,61,21,-0.967951028409312,-0.06352236585406279
noninteger_bin_demo,61,22,-0.8440976667053702,-0.4684884461632929
noninteger_bin_demo,61,23,-0.621560885128172,-0.7817301892500369
noninteger_bin_demo,61,24,-0.20517367538868994,-0.9849510346104172
noninteger_bin_demo,61,25,0.2094835319083316,-1.0553258447168552
noninteger_bin_demo,61,26,0.5790176272878782,-0.7706169047770867
noninteger_bin_demo,61,27,0.8026366288705555,-0.5531337511490902
noninteger_bin_demo,61,28,0.9934685147163119,-0.13423448929730464
noninteger_bin_demo,61,29,0.9872932136576965,0.23227992078956305
noninteger_bin_demo,61,30,0.760768770939468,0.6021185538773508
noninteger_bin_demo,61,31,0.4805835286383686,0.9124358498389615
noninteger_bin_demo,61,32,0.08324850950011453,1.036505942819621
noninteger_bin_demo,61,33,-0.3433292773623775,0.9473747140387927
noninteger_bin_demo,61,34,-0.7346457907167263,0.8145657837084342
noninteger_bin_demo,61,35,-0.855674697727135,0.4724163285605839
noninteger_bin_demo,61,36,-0.9547332605265699,0.08676299882954536
noninteger_bin_demo,61,37,-0.9214246749479226,-0.3435508725328776
noninteger_bin_demo,61,38,-0.6932108611956557,-0.7462938411799238
noninteger_bin_demo,61,39,-0.35180155395982976,-0.9459319421263295
noninteger_bin_demo,61,40,0.022028354916271375,-0.9763099830559835
noninteger_bin_demo,61,41,0.4358758608014157,-0.862210757863403
noninteger_bin_demo,61,42,0.7989728725456207,-0.6375911935875602
noninteger_bin_demo,61,43,1.0002661694415196,-0.3172395064764444
noninteger_bin_demo,61,44,0.9667645976354489,0.17021318917911166
noninteger_bin_demo,61,45,0.826075611965277,0.4908913645222213
noninteger_bin_demo,61,46,0.5967831611572689,0.7695758348831889
noninteger_bin_demo,61,47,0.19122937920060074,1.00568744652222
noninteger_bin_demo,61,48,-0.16372018727799828,0.9888695818033004
noninteger_bin_demo,61,49,-0.5742543993546796,0.8115141567567252
noninteger_bin_demo,61,50,-0.8737286669854201,0.5842285627374134
noninteger_bin_demo,61,51,-1.044955581267042,0.20974915195365362
noninteger_bin_demo,61,52,-0.9705886658863633,-0.2514894025078755
noninteger_bin_demo,61,53,-0.7547827763898128,-0.6010397790495948
noninteger_bin_demo,61,54,-0.54683168904699,-0.8995432234096118
noninteger_bin_demo,61,55,-0.08764714149546222,-1.0076054339951463
noninteger_bin_demo,61,56,0.3351818393104359,-1.022688059925472
noninteger_bin_demo,61,57,0.6945239181352202,-0.7903245048145712
noninteger_bin_demo,61,58,0.8869531170686911,-0.3993489630017619
noninteger_bin_demo,61,59,1.0073321278934253,-0.021299235225296302
noninteger_bin_demo,61,60,0.9508906503390893,0.4182505598219221
noninteger_bin_demo,61,61,0.7265883106702931,0.7095239266849058
noninteger_bin_demo,61,62,0.36636521089142104,0.9156239661205912
noninteger_bin_demo,61,63,-0.04831830495665487,0.9688412421888596
noninteger_bin_demo,61,64,-0.46680081329780443,0.9044688573494155
noninteger_bin_demo,61,65,-0.7577106378039908,0.661334607701284
noninteger_bin_demo,61,66,-0.9431560688570119,0.36755346703338676
noninteger_bin_demo,61,67,-0.9716078675525206,-0.14049693310996292
noninteger_bin_demo,61,68,-0.8554282173414054,-0.46804495241668936
noninteger_bin_demo,61,69,-0.5770559596254835,-0.8155478582792471
noninteger_bin_demo,61,70,-0.22069607578345157,-0.9817450369743668
noninteger_bin_demo,61,71,0.17921886987111582,-0.9916981689045293
noninteger_bin_demo,61,72,0.5957512497159819,-0.8095073183825863
noninteger_bin_demo,61,73,0.8344668897105227,-0.5643359787426404
noninteger_bin_demo,61,74,1.027784526017588,-0.17612215307314721
noninteger_bin_demo,61,75,1.0204567723622298,0.25392522719881866
noninteger_bin_demo,61,76,0.7786553076741907,0.6504771943638028
noninteger_bin_demo,61,77,0.48153194729799137,0.8430067456924553
noninteger_bin_demo,61,78,0.09096155058685804,0.9623656381607852
noninteger_bin_demo,61,79,-0.30914333526659127,0.944327190571425
noninteger_bin_demo,61,80,-0.6812757543588863,0.7397095616580596
noninteger_bin_demo,61,81,-0.8898961816029134,0.377263285791393
noninteger_bin_demo,61,82,-0.9906885614815679,0.003139425550762704
noninteger_bin_demo,61,83,-0.9114666737746203,-0.4331957368133145
noninteger_bin_demo,61,84,-0.6563386504090614,-0.7085173986244508
noninteger_bin_demo,61,85,-0.41983087278192555,-0.9378149284350976
noninteger_bin_demo,61,86,0.07481568570416361,-1.0074472955390097
noninteger_bin_demo,61,87,0.4426391746842589,-0.8727492675887476
noninteger_bin_demo,61,88,0.777285375393587,-0.6625778184344406
noninteger_bin_demo,61,89,0.9321497569036508,-0.3337356718430954
noninteger_bin_demo,61,90,0.9627408880623649,0.11570871115545033
noninteger_bin_demo,61,91,0.8850632130996868,0.5296316276851262
noninteger_bin_demo,61,92,0.6108215433332822,0.7888947511593042
noninteger_bin_demo,61,93,0.2543264556416749,1.0015879745341183
noninteger_bin_demo,61,94,-0.14758852482283155,1.0509641048309541
noninteger_bin_demo,61,95,-0.49759145492123347,0.8399045844366333
noninteger_bin_demo,61,96,-0.8974719264586022,0.49325032068587876
noninteger_bin_demo,61,97,-0.9532812543526752,0.15720898453203502
noninteger_bin_demo,61,98,-0.9191066095372735,-0.26519240011638334
noninteger_bin_demo,61,99,-0.841480743093625,-0.6319801890658755
noninteger_bin_demo,61,100,-0.4789350128923383,-0.8328359002266115
noninteger_bin_demo,61,101,-0.08508844014148148,-1.0042128861571773
noninteger_bin_demo,61,102,0.3670393337714355,-0.9116064597774917
noninteger_bin_demo,61,103,0.6451255910525691,-0.6810315795231007
noninteger_bin_demo,61,104,0.8648825982476771,-0.39086167510601144
noninteger_bin_demo,61,105,1.0054095219390853,-0.03229911929109993
noninteger_bin_demo,61,106,0.921055651220296,0.38747625441777683
noninteger_bin_demo,61,107,0.6864254077266443,0.7369166676618601
noninteger_bin_demo,61,108,0.3774161563920092,0.909520636703505
noninteger_bin_demo,61,109,-0.06477998916462724,1.0077169074587058
noninteger_bin_demo,61,110,-0.43074885538467084,0.9435673965592745
noninteger_bin_demo,61,111,-0.7108765394955219,0.6161696348473462
noninteger_bin_demo,61,112,-0.907718599478301,0.3428635942007235
noninteger_bin_demo,61,113,-0.9856228129246168,-0.13614937680376038
noninteger_bin_demo,61,114,-0.8844898146672747,-0.44505868995785225
noninteger_bin_demo,61,115,-0.595042431328464,-0.7788551306415145
noninteger_bin_demo,61,116,-0.17887036811622942,-0.9547988582574624
noninteger_bin_demo,61,117,0.17796867263474792,-0.9506905729124425
noninteger_bin_demo,61,118,0.6106069434198053,-0.8446598049443413
noninteger_bin_demo,61,119,0.8172047345069139,-0.527615588993498
noninteger_bin_demo,61,120,1.018350626391607,-0.11751393603252402
noninteger_bin_demo,61,121,0.9918121207275272,0.2111376017254764
noninteger_bin_demo,61,122,0.7917923832213666,0.6450497692468566
noninteger_bin_demo,61,123,0.4658304299826587,0.8939614462441402
noninteger_bin_demo,61,124,0.05310678088822686,1.0029384232026448
noninteger_bin_demo,61,125,-0.3179964938984216,0.9775441440839614
noninteger_bin_demo,61,126,-0.6553034184885046,0.8200130991236079
noninteger_bin_demo,61,127,-0.9633813676393707,0.40359488187038567
noninteger_bin_demo,62,0,0.15091817878717656,0.9762208843513634
noninteger_bin_demo,62,1,-0.28232251025798005,0.988501479816666
noninteger_bin_demo,62,2,-0.622030653150165,0.745307103063202
noninteger_bin_demo,62,3,-0.9435843804655047,0.4523564096162572
noninteger_bin_demo,62,4,-1.0239304263740454,0.05263490913459043
noninteger_bin_demo,62,5,-0.9478553249825543,-0.3436365783162924
noninteger_bin_demo,62,6,-0.7071185364204867,-0.6834769367964932
noninteger_bin_demo,62,7,-0.40372660342711864,-0.8928111453515123
noninteger_bin_demo,62,8,0.0074178677071640945,-1.045764225745004
noninteger_bin_demo,62,9,0.3288718184858237,-0.921763359734041
noninteger_bin_demo,62,10,0.7260912041805665,-0.6656469187647126
noninteger_bin_demo,62,11,0.9501468147680926,-0.30431821276451365
noninteger_bin_demo,62,12,0.966045561401982,0.06178498191358673
noninteger_bin_demo,62,13,0.9303586357720002,0.5524243183372731
noninteger_bin_demo,62,14,0.6397340840450987,0.7895450386528792
noninteger_bin_demo,62,15,0.25706178904220356,0.9423045975708276
noninteger_bin_demo,62,16,-0.15395892164216224,1.0087924725679083
noninteger_bin_demo,62,17,-0.5025936657891843,0.8251311807952186
noninteger_bin_demo,62,18,-0.7760039693097005,0.5228416753472483
noninteger_bin_demo,62,19,-0.9076560219120302,0.2264579554408765
noninteger_bin_demo,62,20,-0.9825042854418803,-0.21101673118069386
noninteger_bin_demo,62,21,-0.808954401421158,-0.5868463310364782
noninteger_bin_demo,62,22,-0.5330519268082008,-0.8775188768621334
noninteger_bin_demo,62,23,-0.14917763989250898,-0.9833474857899781
noninteger_bin_demo,62,24,0.3088085991085406,-0.9305307086785771
noninteger_bin_demo,62,25,0.6741229690463029,-0.7418478682637419
noninteger_bin_demo,62,26,0.8554672871533721,-0.4503866410768084
noninteger_bin_demo,62,27,1.0094760587438538,-0.008163319695446161
noninteger_bin_demo,62,28,0.9557852332418116,0.32889796677877925
noninteger_bin_demo,62,29,0.6983459801631494,0.7514885551088912
noninteger_bin_demo,62,30,0.37021835129328595,0.8979812753423209
noninteger_bin_demo,62,31,0.015101722768410774,0.9973317085316072
noninteger_bin_demo,62,32,-0.46497436759071475,0.9403001439317473
noninteger_bin_demo,62,33,-0.688444039646842,0.6602236152174765
noninteger_bin_demo,62,34,-0.9471688341741681,0.30088466437894656
noninteger_bin_demo,62,35,-0.9485555277649733,-0.05280158448538302
noninteger_bin_demo,62,36,-0.9002872096183643,-0.48159224209609747
noninteger_bin_demo,62,37,-0.5737499177855214,-0.8080386655102941
noninteger_bin_demo,62,38,-0.23633459907110055,-0.8774932717549311
noninteger_bin_demo,62,39,0.16738946103701205,-1.0250010895633483
noninteger_bin_demo,62,40,0.5330712672418839,-0.883458390823952
noninteger_bin_demo,62,41,0.797378450961754,-0.5274330298509534
noninteger_bin_demo,62,42,1.0014490368212958,-0.1575539076255077
noninteger_bin_demo,62,43,0.9658877540345495,0.2595179002086895
noninteger_bin_demo,62,44,0.7804611628393308,0.5466917954635048
noninteger_bin_demo,62,45,0.454346608456939,0.8691964301848277
noninteger_bin_demo,62,46,0.12334323768203201,0.9765116136983788
noninteger_bin_demo,62,47,-0.3044306828056885,0.9436318931882937
noninteger_bin_demo,62,48,-0.6136880288272493,0.7595228080539799
noninteger_bin_demo,62,49,-0.8951752262770873,0.44465131791162893
noninteger_bin_demo,62,50,-0.9628034641321694,0.0398933189053538
noninteger_bin_demo,62,51,-0.9579380360063172,-0.3542938569463958
noninteger_bin_demo,62,52,-0.7036254711571276,-0.6816222681758491
noninteger_bin_demo,62,53,-0.36184326752615703,-0.8710619312729757
noninteger_bin_demo,62,54,0.018088413940546257,-1.0078285836683116
noninteger_bin_demo,62,55,0.4012832207292138,-0.910504459583577
noninteger_bin_demo,62,56,0.7603147829241378,-0.677588505540887
noninteger_bin_demo,62,57,0.9840962553916407,-0.3302196581925867
noninteger_bin_demo,62,58,0.9376522642054008,0.03936984609958345
noninteger_bin_demo,62,59,0.9191170151746733,0.46719301014852177
noninteger_bin_demo,62,60,0.5661017721354608,0.8013522136641333
noninteger_bin_demo,62,61,0.2852594373025281,0.895558585251465
noninteger_bin_demo,62,62,-0.19016561266770796,1.058662580531232
noninteger_bin_demo,62,63,-0.5319640419428774,0.8586111560240872
noninteger_bin_demo,62,64,-0.7986402270129018,0.5438098307013237
noninteger_bin_demo,62,65,-0.9774185191925526,0.1231770168945889
noninteger_bin_demo,62,66,-0.9427015154957125,-0.24485886656649952
noninteger_bin_demo,62,67,-0.8908345090973311,-0.59797593211708
noninteger_bin_demo,62,68,-0.44224212648585276,-0.8477958361832432
noninteger_bin_demo,62,69,-0.06296419156316987,-0.9778381239397317
noninteger_bin_demo,62,70,0.30489050988596456,-0.9320478935511916
noninteger_bin_demo,62,71,0.7146518681013774,-0.803683866313669
noninteger_bin_demo,62,72,0.9219024260111583,-0.42081223026520065
noninteger_bin_demo,62,73,0.9600894531560946,-0.05358040956715642
noninteger_bin_demo,62,74,0.9327045591111901,0.3614985438538251
noninteger_bin_demo,62,75,0.7116160541101978,0.6883372602267901
noninteger_bin_demo,62,76,0.32566793924653337,0.9375372011199997
noninteger_bin_demo,62,77,-0.023105356447264486,1.0272125972342914
noninteger_bin_demo,62,78,-0.3619979573892137,0.9313279654619439
noninteger_bin_demo,62,79,-0.7318865545489291,0.6947038430025341
noninteger_bin_demo,62,80,-0.9447377566541009,0.34724565054812284
noninteger_bin_demo,62,81,-0.9549816402539417,-0.07332552681634208
noninteger_bin_demo,62,82,-0.798930248408828,-0.48257823962088986
noninteger_bin_demo,62,83,-0.5967483626154229,-0.7815266861468412
noninteger_bin_demo,62,84,-0.27749065904700343,-0.9641859936595533
noninteger_bin_demo,62,85,0.16709811202955865,-0.998015089947486
noninteger_bin_demo,62,86,0.5538245433446098,-0.8360017943479626
noninteger_bin_demo,62,87,0.8845476607202757,-0.5305329454908403
noninteger_bin_demo,62,88,0.9499638254682505,-0.17780693624624863
noninteger_bin_demo,62,89,0.996372309986094,0.24871504940691963
noninteger_bin_demo,62,90,0.7713255280568051,0.6400304545310962
noninteger_bin_demo,62,91,0.470008919852815,0.9154501708212648
noninteger_bin_demo,62,92,0.08590620487298418,1.0043174136880013
noninteger_bin_demo,62,93,-0.2558452848858617,0.9724216013357874
noninteger_bin_demo,62,94,-0.622953299506888,0.7541814105374358
noninteger_bin_demo,62,95,-0.9209990929237245,0.47122344068022
noninteger_bin_demo,62,96,-0.9839463581884831,0.016616183868908115
noninteger_bin_demo,62,97,-0.9259627298572234,-0.3437046846198435
noninteger_bin_demo,62,98,-0.7295329900880363,-0.6651472119683354
noninteger_bin_demo,62,99,-0.3513979785215611,-0.9895926941039687
noninteger_bin_demo,62,100,0.01540334516910022,-1.0266437484941056
noninteger_bin_demo,62,101,0.41844202741513875,-0.8812281222147276
noninteger_bin_demo,62,102,0.7303994355164762,-0.6353339026409939
noninteger_bin_demo,62,103,0.9434675280607019,-0.2901279599945652
noninteger_bin_demo,62,104,0.9838893696188481,0.10686860010241392
noninteger_bin_demo,62,105,0.8672291505319436,0.4865296564713811
noninteger_bin_demo,62,106,0.5715127186242316,0.7671849390693286
noninteger_bin_demo,62,107,0.20567514057272165,0.9463245631744218
noninteger_bin_demo,62,108,-0.18595999014826714,0.9896444123813872
noninteger_bin_demo,62,109,-0.5771140993438679,0.8681251936369209
noninteger_bin_demo,62,110,-0.8416696585354306,0.5338026640374008
noninteger_bin_demo,62,111,-0.987547466503043,0.18819196056714424
noninteger_bin_demo,62,112,-0.9566416654203308,-0.1665762618868976
noninteger_bin_demo,62,113,-0.8124550559862166,-0.6002557183832655
noninteger_bin_demo,62,114,-0.4995641680056208,-0.9141447106399209
noninteger_bin_demo,62,115,-0.08170966432688506,-0.9834928330839707
noninteger_bin_demo,62,116,0.2758254391562353,-0.9587346807391863
noninteger_bin_demo,62,117,0.6012706173578732,-0.7539236540334584
noninteger_bin_demo,62,118,0.9084659480592863,-0.43504274566271445
noninteger_bin_demo,62,119,1.0266775104362476,0.006770638443063914
noninteger_bin_demo,62,120,0.9377452307660183,0.36335318817534074
noninteger_bin_demo,62,121,0.7107289981504864,0.7100248244574994
noninteger_bin_demo,62,122,0.3672653873143994,0.9317354555137904
noninteger_bin_demo,62,123,0.0026177040625168582,1.047870783166412
noninteger_bin_demo,62,124,-0.44141364291579005,0.9817188868718575
noninteger_bin_demo,62,125,-0.7433423704329927,0.6612244110446339
noninteger_bin_demo,62,126,-0.9300927370497966,0.33798881389421703
noninteger_bin_demo,62,127,-1.0030010220743746,-0.14558165303500006
noninteger_bin_demo,63,0,-0.4459979053395868,0.902248777405844
noninteger_bin_demo,63,1,-0.7654957253494657,0.725905946032091
noninteger_bin_demo,63,2,-0.9633954621579894,0.35405200438704443
noninteger_bin_demo,63,3,-0.9585249487290104,-0.14241993683715193
noninteger_bin_demo,63,4,-0.9228183913493544,-0.4499540646469701
noninteger_bin_demo,63,5,-0.6194058432168194,-0.8203329884696147
noninteger_bin_demo,63,6,-0.26842613482911326,-0.9570934707857178
noninteger_bin_demo,63,7,0.10758824646181597,-1.009342988990358
noninteger_bin_demo,63,8,0.5879607017769597,-0.8296213318656195
noninteger_bin_demo,63,9,0.8241613956234802,-0.5687774204847562
noninteger_bin_demo,63,10,0.9941578818365827,-0.18493935751552465
noninteger_bin_demo,63,11,0.9599984633729243,0.2557109162196977
noninteger_bin_demo,63,12,0.8198261401010081,0.5811484834708631
noninteger_bin_demo,63,13,0.5825835040869899,0.8675276110147905
noninteger_bin_demo,63,14,0.09264772566281676,0.9794669658039814
noninteger_bin_demo,63,15,-0.28458606669551817,0.9497969268209506
noninteger_bin_demo,63,16,-0.6532912681291617,0.7660030083617252
noninteger_bin_demo,63,17,-0.8437590234516148,0.4391796303161235
noninteger_bin_demo,63,18,-1.0008809328163089,0.06598284759923806
noninteger_bin_demo,63,19,-0.8790565748464182,-0.34675980075867086
noninteger_bin_demo,63,20,-0.691651173200177,-0.6147128244955078
noninteger_bin_demo,63,21,-0.3663780698591462,-0.9159368195536645
noninteger_bin_demo,63,22,-0.03599498068595336,-1.020609253741461
noninteger_bin_demo,63,23,0.3402230908437694,-0.92787974316289
noninteger_bin_demo,63,24,0.699115514782541,-0.687801981080044
noninteger_bin_demo,63,25,0.940369928333932,-0.3275464476056013
noninteger_bin_demo,63,26,0.9993830382464833,0.026722431868044016
noninteger_bin_demo,63,27,0.9170972356132413,0.4679208138748028
noninteger_bin_demo,63,28,0.6159518201315609,0.8020014354252869
noninteger_bin_demo,63,29,0.26449480138571185,0.9545209250717911
noninteger_bin_demo,63,30,-0.1332924054299949,1.0097089307425775
noninteger_bin_demo,63,31,-0.5114915852435886,0.8635116353100994
noninteger_bin_demo,63,32,-0.8045432970684809,0.6318309022955482
noninteger_bin_demo,63,33,-1.0019854448702366,0.19707558497978053
noninteger_bin_demo,63,34,-0.9683347887604408,-0.18061128173417013
noninteger_bin_demo,63,35,-0.7898514940619591,-0.5335354393720585
noninteger_bin_demo,63,36,-0.5217485165142557,-0.8801177730566279
noninteger_bin_demo,63,37,-0.09639643048688123,-1.0000867133376818
noninteger_bin_demo,63,38,0.27994769373986134,-0.9208213878085517
noninteger_bin_demo,63,39,0.5945064333637663,-0.7866897245060646
noninteger_bin_demo,63,40,0.8802048331317891,-0.46274208776880915
noninteger_bin_demo,63,41,0.9866841348256069,-0.06543882749372697
noninteger_bin_demo,63,42,0.93459754213018,0.3751402151127885
noninteger_bin_demo,63,43,0.6964793867863972,0.7173728274078182
noninteger_bin_demo,63,44,0.4172479046198546,0.9870309713577832
noninteger_bin_demo,63,45,0.018198361247229646,1.023959183891149
noninteger_bin_demo,63,46,-0.4597602799120873,0.8999155297992255
noninteger_bin_demo,63,47,-0.7190381192335158,0.6472801815369899
noninteger_bin_demo,63,48,-0.9092479989532307,0.32441607880376344
noninteger_bin_demo,63,49,-1.0340516982545287,-0.07040583046999423
noninteger_bin_demo,63,50,-0.8973995593777161,-0.49484664167226544
noninteger_bin_demo,63,51,-0.6402237276580894,-0.8230640744273348
noninteger_bin_demo,63,52,-0.2265539830705948,-0.970303897457418
noninteger_bin_demo,63,53,0.1736379252242039,-0.9730797741407469
noninteger_bin_demo,63,54,0.569935972980365,-0.8436291221525626
noninteger_bin_demo,63,55,0.8683292664052046,-0.5442963718670992
noninteger_bin_demo,63,56,0.9622602491891993,-0.15631394548579902
noninteger_bin_demo,63,57,0.9635712711617584,0.19757048676827454
noninteger_bin_demo,63,58,0.8394240495227556,0.5717577959297181
noninteger_bin_demo,63,59,0.5171411192932973,0.8618204183608041
noninteger_bin_demo,63,60,0.15418826281958847,0.983131950634989
noninteger_bin_demo,63,61,-0.30116051176123143,0.963527653010671
noninteger_bin_demo,63,62,-0.6724329159979227,0.7790982966904667
noninteger_bin_demo,63,63,-0.8713712112290627,0.43276976563584946
noninteger_bin_demo,63,64,-1.064914799335404,0.05732374117771535
noninteger_bin_demo,63,65,-0.929377929629173,-0.3405230597356946
noninteger_bin_demo,63,66,-0.748191491034486,-0.6742860034405324
noninteger_bin_demo,63,67,-0.35657014608368554,-0.8927797153169348
noninteger_bin_demo,63,68,-0.02917728214809284,-0.9861742679288321
noninteger_bin_demo,63,69,0.369892219503258,-0.9119541360845442
noninteger_bin_demo,63,70,0.8108922763128088,-0.675153103443451
noninteger_bin_demo,63,71,0.9388552623276007,-0.3102793365352347
noninteger_bin_demo,63,72,0.9485876724851229,0.11804316272868468
noninteger_bin_demo,63,73,0.904134891168453,0.4456004955839064
noninteger_bin_demo,63,74,0.6069768719897557,0.7927495445278762
noninteger_bin_demo,63,75,0.3038551062381745,1.00317463577582
noninteger_bin_demo,63,76,-0.1409189610437332,0.9732648941493791
noninteger_bin_demo,63,77,-0.5096447048679683,0.85109753744272
noninteger_bin_demo,63,78,-0.8249955950203296,0.5446672988351202
noninteger_bin_demo,63,79,-0.9646877072904293,0.22122582952969624
noninteger_bin_demo,63,80,-0.9337820214235393,-0.23266587701337024
noninteger_bin_demo,63,81,-0.8481325613039983,-0.5676298724682558
noninteger_bin_demo,63,82,-0.5488978298879903,-0.8521174253919879
noninteger_bin_demo,63,83,-0.08669959564960295,-0.9442951139704724
noninteger_bin_demo,63,84,0.24761281229593585,-0.9611663378162958
noninteger_bin_demo,63,85,0.6653409566640136,-0.7561108484103805
noninteger_bin_demo,63,86,0.9071694817062441,-0.41553966884858884
noninteger_bin_demo,63,87,0.9395962271756861,-0.12691991640853548
noninteger_bin_demo,63,88,0.8713280327783748,0.32811985550258105
noninteger_bin_demo,63,89,0.7010128397236238,0.7242762729814018
noninteger_bin_demo,63,90,0.39065843655331844,0.9214581015742835
noninteger_bin_demo,63,91,0.03575728297880279,1.0072377052181578
noninteger_bin_demo,63,92,-0.43353879061247297,0.9336316895832465
noninteger_bin_demo,63,93,-0.7279483856264912,0.6957703280910318
noninteger_bin_demo,63,94,-0.9453610862418232,0.358122896972039
noninteger_bin_demo,63,95,-1.0095313088835929,-0.10369726046144488
noninteger_bin_demo,63,96,-0.8037383607187677,-0.45293953529158965
noninteger_bin_demo,63,97,-0.7241136075549843,-0.7724455333492122
noninteger_bin_demo,63,98,-0.23922414947719475,-1.0230622069415216
noninteger_bin_demo,63,99,0.09934255072112272,-0.9656557193217111
noninteger_bin_demo,63,100,0.5890095418018169,-0.8421521903987396
noninteger_bin_demo,63,101,0.8581076776346772,-0.5756494923196817
noninteger_bin_demo,63,102,0.9649618121526076,-0.1696540691708949
noninteger_bin_demo,63,103,0.9620712165581643,0.23060724154337245
noninteger_bin_demo,63,104,0.8027896551513577,0.6020654174248199
noninteger_bin_demo,63,105,0.5159471875483032,0.879086576563009
noninteger_bin_demo,63,106,0.15763748218824652,0.999881869674601
noninteger_bin_demo,63,107,-0.2810621348525559,0.9522288740121654
noninteger_bin_demo,63,108,-0.5950329581893815,0.7904659306297489
noninteger_bin_demo,63,109,-0.9240878978937238,0.5042344402239425
noninteger_bin_demo,63,110,-0.995624384378376,0.11962821989059302
noninteger_bin_demo,63,111,-0.941868935293691,-0.3735468762512995
noninteger_bin_demo,63,112,-0.7311071529983887,-0.7193594851515236
noninteger_bin_demo,63,113,-0.3824602125182836,-0.9452669002311915
noninteger_bin_demo,63,114,0.017016847384670016,-0.9847688491321387
noninteger_bin_demo,63,115,0.4439032727143679,-0.9589106006729444
noninteger_bin_demo,63,116,0.7025558279742045,-0.7101060117784765
noninteger_bin_demo,63,117,0.9798780640227274,-0.3674742971946633
noninteger_bin_demo,63,118,0.9761454346983814,0.03450016322817385
noninteger_bin_demo,63,119,0.8958221832725756,0.4756064206177046
noninteger_bin_demo,63,120,0.5858922463110361,0.77989864549146
noninteger_bin_demo,63,121,0.24600087348396896,0.9629943551522555
noninteger_bin_demo,63,122,-0.1445151945549412,1.0288198426456556
noninteger_bin_demo,63,123,-0.5157139237768429,0.8844905045615995
noninteger_bin_demo,63,124,-0.8643145860099946,0.5554027656378716
noninteger_bin_demo,63,125,-0.9918162862318689,0.14165522191947122
noninteger_bin_demo,63,126,-0.9768152202107867,-0.18991049899002382
noninteger_bin_demo,63,127,-0.8437530221304114,-0.6401746281916048
